Company,Sector,Sub_Sector,Market_Cap,NSE_Symbol,CMP_BHAV,MCap_INR_crs,EPS_FY0,EPS_FY1,EPS_FY2,EPS_FY3,Revenue_FY0,Revenue_FY1,Revenue_FY2,Revenue_FY3,BVPS_FY0,BVPS_FY1,BVPS_FY2,BVPS_FY3,PAT_FY0,PAT_FY1,PAT_FY2,PAT_FY3,PE_FY0,PE_FY1,PE_FY2,PE_FY3,EBITDA_FY0,EBITDA_FY1,EBITDA_FY2,EBITDA_FY3,EBITDA_Margin_FY0,EBITDA_Margin_FY1,EBITDA_Margin_FY2,EBITDA_Margin_FY3,Rev_G_FY1,Rev_G_FY2,Rev_G_FY3,Rev_G_CAGR2,Rev_G_CAGR3,EBITDA_G_FY1,EBITDA_G_FY2,EBITDA_G_FY3,EBITDA_G_CAGR2,EBITDA_G_CAGR3,EPS_G_FY1,EPS_G_FY2,EPS_G_FY3,EPS_G_CAGR2,EPS_G_CAGR3,PE_Avg2,PE_Avg3,PB_FY0,PB_FY1,PB_FY2,PB_FY3,PB_Avg2,PB_Avg3,PS_FY0,PS_FY1,PS_FY2,PS_FY3,PS_Avg2,PS_Avg3,EBITDA_MExp_FY1,EBITDA_MExp_FY2,EBITDA_MExp_FY3,EBITDA_Margin_CAGR2,EBITDA_Margin_CAGR3,PAT_Margin_FY0,PAT_Margin_FY1,PAT_Margin_FY2,PAT_Margin_FY3,PAT_MExp_FY1,PAT_MExp_FY2,PAT_MExp_FY3,PAT_Margin_CAGR2,PAT_Margin_CAGR3,Sub_Sector_Med_MCap_INR_crs,Sub_Sector_Med_EPS_FY0,Sub_Sector_Med_EPS_FY1,Sub_Sector_Med_EPS_FY2,Sub_Sector_Med_EPS_FY3,Sub_Sector_Med_Revenue_FY0,Sub_Sector_Med_Revenue_FY1,Sub_Sector_Med_Revenue_FY2,Sub_Sector_Med_Revenue_FY3,Sub_Sector_Med_BVPS_FY0,Sub_Sector_Med_BVPS_FY1,Sub_Sector_Med_BVPS_FY2,Sub_Sector_Med_BVPS_FY3,Sub_Sector_Med_PAT_FY0,Sub_Sector_Med_PAT_FY1,Sub_Sector_Med_PAT_FY2,Sub_Sector_Med_PAT_FY3,Sub_Sector_Med_PE_FY0,Sub_Sector_Med_PE_FY1,Sub_Sector_Med_PE_FY2,Sub_Sector_Med_PE_FY3,Sub_Sector_Med_EBITDA_FY0,Sub_Sector_Med_EBITDA_FY1,Sub_Sector_Med_EBITDA_FY2,Sub_Sector_Med_EBITDA_FY3,Sub_Sector_Med_EBITDA_Margin_FY0,Sub_Sector_Med_EBITDA_Margin_FY1,Sub_Sector_Med_EBITDA_Margin_FY2,Sub_Sector_Med_EBITDA_Margin_FY3,Sub_Sector_Med_Rev_G_FY1,Sub_Sector_Med_Rev_G_FY2,Sub_Sector_Med_Rev_G_FY3,Sub_Sector_Med_Rev_G_CAGR2,Sub_Sector_Med_Rev_G_CAGR3,Sub_Sector_Med_EBITDA_G_FY1,Sub_Sector_Med_EBITDA_G_FY2,Sub_Sector_Med_EBITDA_G_FY3,Sub_Sector_Med_EBITDA_G_CAGR2,Sub_Sector_Med_EBITDA_G_CAGR3,Sub_Sector_Med_EPS_G_FY1,Sub_Sector_Med_EPS_G_FY2,Sub_Sector_Med_EPS_G_FY3,Sub_Sector_Med_EPS_G_CAGR2,Sub_Sector_Med_EPS_G_CAGR3,Sub_Sector_Med_CMP_BHAV,Sub_Sector_Med_PE_Avg2,Sub_Sector_Med_PE_Avg3,Sub_Sector_Med_PB_FY0,Sub_Sector_Med_PB_FY1,Sub_Sector_Med_PB_FY2,Sub_Sector_Med_PB_FY3,Sub_Sector_Med_PB_Avg2,Sub_Sector_Med_PB_Avg3,Sub_Sector_Med_PS_FY0,Sub_Sector_Med_PS_FY1,Sub_Sector_Med_PS_FY2,Sub_Sector_Med_PS_FY3,Sub_Sector_Med_PS_Avg2,Sub_Sector_Med_PS_Avg3,Sub_Sector_Med_EBITDA_MExp_FY1,Sub_Sector_Med_EBITDA_MExp_FY2,Sub_Sector_Med_EBITDA_MExp_FY3,Sub_Sector_Med_EBITDA_Margin_CAGR2,Sub_Sector_Med_EBITDA_Margin_CAGR3,Sub_Sector_Med_PAT_Margin_FY0,Sub_Sector_Med_PAT_Margin_FY1,Sub_Sector_Med_PAT_Margin_FY2,Sub_Sector_Med_PAT_Margin_FY3,Sub_Sector_Med_PAT_MExp_FY1,Sub_Sector_Med_PAT_MExp_FY2,Sub_Sector_Med_PAT_MExp_FY3,Sub_Sector_Med_PAT_Margin_CAGR2,Sub_Sector_Med_PAT_Margin_CAGR3
HDFC BANK,BANKS,LARGE PRIVATE BANKS,LARGE CAP,HDFCBANK,779.8,1199211.0,48.4,54.44,63.26,72.45,191218.6,206691.8,236926.0,267720.7,366.04,403.34,511.46,452.24,74671.29,84036.16,97763.33,114750.2,16.11,14.33,12.33,10.76,118668.3,125643.8,146126.6,162710.3,0.62,0.61,0.62,0.61,8.09,14.63,13.0,11.31,11.87,5.88,16.3,11.35,10.97,11.09,12.47,16.21,14.53,14.33,14.39,13.33,12.47,2.13,1.93,1.52,1.72,1.73,1.73,6.27,5.8,5.06,4.48,5.43,5.11,-1.27,0.89,-0.9,-0.31,-0.69,0.39,0.41,0.41,0.43,1.61,0.61,1.6,2.79,3.15,404073.4,48.4,54.44,70.96,98.9,54347.82,77921.9,90874.77,114346.0,471.18,531.92,693.13,607.64,24456.66,31236.98,37135.77,44897.82,19.46,17.06,13.35,10.76,42816.81,52854.04,57751.39,68149.23,0.74,0.65,0.64,0.61,25.98,14.63,13.55,20.15,18.75,15.05,14.97,18.0,15.01,16.76,18.45,17.08,17.47,17.76,17.67,947.45,15.95,14.54,2.13,1.93,1.52,1.72,1.73,1.73,7.43,5.8,5.06,4.48,5.43,5.11,-7.05,0.29,-0.9,-4.27,-1.04,0.45,0.41,0.41,0.43,-3.49,0.63,1.6,-3.12,-0.26
ICICI BANK,BANKS,LARGE PRIVATE BANKS,LARGE CAP,ICICIBANK,1346.5,917153.3,69.2,78.92,90.8,103.2,88075.23,110957.8,127137.1,147474.3,471.18,531.92,693.13,607.64,50146.64,56924.98,64731.24,73992.03,19.46,17.06,14.83,13.05,71598.87,82376.04,94709.04,108169.5,0.81,0.74,0.74,0.73,25.98,14.58,16.0,20.15,18.75,15.05,14.97,14.21,15.01,14.74,14.05,15.06,13.65,14.55,14.25,15.95,14.98,2.86,2.53,1.94,2.22,2.24,2.23,10.41,8.27,7.21,6.22,7.74,7.23,-7.05,0.25,-1.15,-4.27,-3.37,0.57,0.51,0.51,0.5,-5.63,-0.39,-0.74,-5.44,-4.13,404073.4,48.4,54.44,70.96,98.9,54347.82,77921.9,90874.77,114346.0,471.18,531.92,693.13,607.64,24456.66,31236.98,37135.77,44897.82,19.46,17.06,13.35,10.76,42816.81,52854.04,57751.39,68149.23,0.74,0.65,0.64,0.61,25.98,14.63,13.55,20.15,18.75,15.05,14.97,18.0,15.01,16.76,18.45,17.08,17.47,17.76,17.67,947.45,15.95,14.54,2.13,1.93,1.52,1.72,1.73,1.73,7.43,5.8,5.06,4.48,5.43,5.11,-7.05,0.29,-0.9,-4.27,-1.04,0.45,0.41,0.41,0.43,-3.49,0.63,1.6,-3.12,-0.26
KOTAK MAHINDRA BANK,BANKS,LARGE PRIVATE BANKS,LARGE CAP,KOTAKBANK,399.25,386570.9,14.09,16.69,19.54,22.95,30010.07,38408.49,44510.39,50539.51,,150.36,191.42,168.89,14007.7,16586.84,19501.07,23409.57,28.34,23.92,20.43,17.39,22066.9,24968.43,29119.57,36009.64,0.74,0.65,0.65,0.71,27.99,15.89,13.55,21.79,18.97,13.15,16.63,23.66,14.87,17.73,18.45,17.08,17.47,17.76,17.67,22.18,20.58,,2.66,2.09,2.36,2.37,2.37,12.88,10.06,8.68,7.65,9.37,8.8,-8.52,0.41,5.83,-5.68,-1.04,0.47,0.43,0.44,0.46,-3.49,0.63,2.51,-3.12,-0.26,404073.4,48.4,54.44,70.96,98.9,54347.82,77921.9,90874.77,114346.0,471.18,531.92,693.13,607.64,24456.66,31236.98,37135.77,44897.82,19.46,17.06,13.35,10.76,42816.81,52854.04,57751.39,68149.23,0.74,0.65,0.64,0.61,25.98,14.63,13.55,20.15,18.75,15.05,14.97,18.0,15.01,16.76,18.45,17.08,17.47,17.76,17.67,947.45,15.95,14.54,2.13,1.93,1.52,1.72,1.73,1.73,7.43,5.8,5.06,4.48,5.43,5.11,-7.05,0.29,-0.9,-4.27,-1.04,0.45,0.41,0.41,0.43,-3.49,0.63,1.6,-3.12,-0.26
AXIS BANK,BANKS,LARGE PRIVATE BANKS,LARGE CAP,AXISBANK,1357.9,404073.4,78.31,100.87,120.05,141.7,54347.82,77921.9,90874.77,114346.0,,754.43,1017.55,871.98,24456.66,31236.98,37135.77,44897.82,17.34,13.46,11.31,9.58,42816.81,52854.04,57751.39,68149.23,0.79,0.68,0.64,0.6,43.38,16.62,25.83,29.31,28.14,23.44,9.27,18.0,16.14,16.76,28.81,19.02,18.03,23.82,21.86,12.39,11.45,,1.8,1.33,1.56,1.57,1.56,7.43,5.19,4.45,3.53,4.82,4.39,-10.95,-4.28,-3.95,-10.19,-8.88,0.45,0.4,0.41,0.39,-4.91,0.78,-1.6,-4.71,-4.44,404073.4,48.4,54.44,70.96,98.9,54347.82,77921.9,90874.77,114346.0,471.18,531.92,693.13,607.64,24456.66,31236.98,37135.77,44897.82,19.46,17.06,13.35,10.76,42816.81,52854.04,57751.39,68149.23,0.74,0.65,0.64,0.61,25.98,14.63,13.55,20.15,18.75,15.05,14.97,18.0,15.01,16.76,18.45,17.08,17.47,17.76,17.67,947.45,15.95,14.54,2.13,1.93,1.52,1.72,1.73,1.73,7.43,5.8,5.06,4.48,5.43,5.11,-7.05,0.29,-0.9,-4.27,-1.04,0.45,0.41,0.41,0.43,-3.49,0.63,1.6,-3.12,-0.26
INDUSIND BANK,BANKS,LARGE PRIVATE BANKS,MID CAP,INDUSINDBK,947.45,72636.49,11.98,45.81,70.96,98.9,25199.38,27180.25,30929.47,34817.63,839.94,868.27,1050.0,933.86,933.33,3579.86,5567.26,7711.48,79.09,20.68,13.35,9.58,9202.21,11982.03,13724.7,20200.58,0.37,0.44,0.44,0.58,7.86,13.79,12.57,10.79,11.38,30.21,14.54,47.18,22.13,29.96,282.41,54.9,39.37,143.38,102.11,17.02,14.54,1.13,1.09,0.9,1.01,1.0,1.0,2.88,2.67,2.35,2.09,2.51,2.37,7.57,0.29,13.64,10.23,16.69,0.04,0.13,0.18,0.22,9.47,4.83,4.15,120.45,81.51,404073.4,48.4,54.44,70.96,98.9,54347.82,77921.9,90874.77,114346.0,471.18,531.92,693.13,607.64,24456.66,31236.98,37135.77,44897.82,19.46,17.06,13.35,10.76,42816.81,52854.04,57751.39,68149.23,0.74,0.65,0.64,0.61,25.98,14.63,13.55,20.15,18.75,15.05,14.97,18.0,15.01,16.76,18.45,17.08,17.47,17.76,17.67,947.45,15.95,14.54,2.13,1.93,1.52,1.72,1.73,1.73,7.43,5.8,5.06,4.48,5.43,5.11,-7.05,0.29,-0.9,-4.27,-1.04,0.45,0.41,0.41,0.43,-3.49,0.63,1.6,-3.12,-0.26
IDFC FIRST BANK,BANKS,MID & SMALL PRIVATE BANKS,MID CAP,IDFCFIRSTB,78.68,60465.79,1.91,4.25,6.41,8.88,29088.56,34986.84,38149.16,48455.35,,57.9,72.92,63.76,1636.36,3689.79,5596.23,7707.82,41.19,18.52,12.28,8.86,7211.36,10703.94,14085.43,17752.2,0.25,0.31,0.37,0.37,20.28,9.04,27.02,14.52,18.54,48.43,31.59,26.03,39.76,35.02,122.41,50.82,38.63,83.15,66.91,15.4,13.22,,1.36,1.08,1.23,1.22,1.22,2.08,1.73,1.58,1.25,1.66,1.52,5.8,6.33,-0.29,22.04,13.9,0.06,0.11,0.15,0.16,4.92,4.12,1.24,61.48,41.41,18881.93,17.2,20.61,24.14,28.53,7022.87,10420.83,12375.8,18931.03,153.43,173.83,216.41,197.36,1390.44,1942.78,2934.7,4147.84,11.13,9.82,8.56,8.11,3145.67,4062.53,4722.97,5852.35,0.43,0.4,0.42,0.41,16.09,14.08,12.82,15.01,14.6,19.2,18.94,7.13,18.64,16.42,22.0,19.06,21.12,20.52,27.67,208.09,9.19,8.6,1.3,1.21,1.04,1.08,1.12,1.08,2.24,2.05,1.81,1.63,1.93,1.88,-0.25,1.39,-1.42,-0.02,-1.38,0.22,0.25,0.26,0.27,0.7,1.46,1.58,2.69,7.92
YES BANK,BANKS,MID & SMALL PRIVATE BANKS,MID CAP,YESBANK,25.41,71653.98,1.11,1.39,1.76,2.31,16534.98,18946.06,22059.79,24887.6,16.27,17.64,21.48,19.24,3475.59,4465.48,5649.9,7241.27,22.89,18.27,14.45,11.0,4594.0,7050.4,9023.44,11827.83,0.28,0.37,0.41,0.48,14.58,16.43,12.82,15.5,14.6,53.47,27.98,31.08,40.15,37.06,25.32,26.38,31.4,25.85,27.67,16.36,14.57,1.56,1.44,1.18,1.32,1.31,1.31,4.33,3.78,3.25,2.88,3.52,3.3,9.43,3.69,6.62,21.34,19.59,0.21,0.24,0.26,0.29,2.55,2.04,3.48,10.38,11.45,18881.93,17.2,20.61,24.14,28.53,7022.87,10420.83,12375.8,18931.03,153.43,173.83,216.41,197.36,1390.44,1942.78,2934.7,4147.84,11.13,9.82,8.56,8.11,3145.67,4062.53,4722.97,5852.35,0.43,0.4,0.42,0.41,16.09,14.08,12.82,15.01,14.6,19.2,18.94,7.13,18.64,16.42,22.0,19.06,21.12,20.52,27.67,208.09,9.19,8.6,1.3,1.21,1.04,1.08,1.12,1.08,2.24,2.05,1.81,1.63,1.93,1.88,-0.25,1.39,-1.42,-0.02,-1.38,0.22,0.25,0.26,0.27,0.7,1.46,1.58,2.69,7.92
BANDHAN BANK,BANKS,MID & SMALL PRIVATE BANKS,SMALL CAP,BANDHANBNK,208.09,32284.79,7.59,17.03,21.61,26.04,13563.71,15616.71,17641.61,19781.93,158.75,173.25,216.41,190.26,1223.56,2717.58,3469.22,4326.32,27.42,12.22,9.63,7.99,5864.92,6262.95,7402.24,8205.38,0.43,0.4,0.42,0.41,15.14,12.97,12.13,14.05,13.4,6.79,18.19,10.85,12.34,11.84,124.35,26.93,20.48,68.75,50.82,10.92,9.95,1.31,1.2,0.96,1.09,1.08,1.09,2.38,2.07,1.83,1.63,1.95,1.84,-3.14,1.85,-0.48,-1.49,-1.38,0.09,0.17,0.2,0.22,8.38,2.26,2.21,47.65,34.34,18881.93,17.2,20.61,24.14,28.53,7022.87,10420.83,12375.8,18931.03,153.43,173.83,216.41,197.36,1390.44,1942.78,2934.7,4147.84,11.13,9.82,8.56,8.11,3145.67,4062.53,4722.97,5852.35,0.43,0.4,0.42,0.41,16.09,14.08,12.82,15.01,14.6,19.2,18.94,7.13,18.64,16.42,22.0,19.06,21.12,20.52,27.67,208.09,9.19,8.6,1.3,1.21,1.04,1.08,1.12,1.08,2.24,2.05,1.81,1.63,1.93,1.88,-0.25,1.39,-1.42,-0.02,-1.38,0.22,0.25,0.26,0.27,0.7,1.46,1.58,2.69,7.92
FEDERAL BANK,BANKS,MID & SMALL PRIVATE BANKS,MID CAP,FEDERALBNK,323.95,71546.18,16.56,20.06,23.55,28.53,10657.41,15681.47,18033.9,22293.53,157.02,176.49,224.71,197.54,4117.32,5106.39,6225.64,7868.98,19.56,16.15,13.75,11.36,7206.2,8075.16,9692.47,11664.73,0.68,0.51,0.54,0.52,47.14,15.0,23.62,30.08,27.89,12.06,20.03,20.35,15.97,17.41,21.16,17.39,21.12,19.26,19.88,14.95,13.75,2.06,1.84,1.44,1.64,1.64,1.64,6.71,4.56,3.97,3.21,4.26,3.91,-16.12,2.25,-1.42,-10.85,-8.19,0.39,0.33,0.35,0.35,-6.07,1.96,0.78,-5.47,-2.97,18881.93,17.2,20.61,24.14,28.53,7022.87,10420.83,12375.8,18931.03,153.43,173.83,216.41,197.36,1390.44,1942.78,2934.7,4147.84,11.13,9.82,8.56,8.11,3145.67,4062.53,4722.97,5852.35,0.43,0.4,0.42,0.41,16.09,14.08,12.82,15.01,14.6,19.2,18.94,7.13,18.64,16.42,22.0,19.06,21.12,20.52,27.67,208.09,9.19,8.6,1.3,1.21,1.04,1.08,1.12,1.08,2.24,2.05,1.81,1.63,1.93,1.88,-0.25,1.39,-1.42,-0.02,-1.38,0.22,0.25,0.26,0.27,0.7,1.46,1.58,2.69,7.92
RBL BANK,BANKS,MID & SMALL PRIVATE BANKS,SMALL CAP,RBLBANK,378.85,21313.81,13.18,18.82,27.55,43.61,10480.94,13093.64,15984.59,18931.03,,288.7,362.88,312.58,822.44,1942.78,2934.7,3969.36,28.74,20.13,13.75,8.69,3299.15,4584.71,5462.84,5852.35,0.31,0.35,0.34,0.31,24.93,22.08,18.43,23.5,21.78,38.97,19.15,7.13,28.68,21.05,42.8,46.36,58.3,44.57,49.01,16.94,14.19,,1.31,1.04,1.21,1.18,1.19,2.03,1.63,1.33,1.13,1.48,1.36,3.54,-0.84,-3.26,4.2,-0.6,0.08,0.15,0.18,0.21,6.99,3.52,2.61,52.96,38.77,18881.93,17.2,20.61,24.14,28.53,7022.87,10420.83,12375.8,18931.03,153.43,173.83,216.41,197.36,1390.44,1942.78,2934.7,4147.84,11.13,9.82,8.56,8.11,3145.67,4062.53,4722.97,5852.35,0.43,0.4,0.42,0.41,16.09,14.08,12.82,15.01,14.6,19.2,18.94,7.13,18.64,16.42,22.0,19.06,21.12,20.52,27.67,208.09,9.19,8.6,1.3,1.21,1.04,1.08,1.12,1.08,2.24,2.05,1.81,1.63,1.93,1.88,-0.25,1.39,-1.42,-0.02,-1.38,0.22,0.25,0.26,0.27,0.7,1.46,1.58,2.69,7.92
KARUR VYSYA BANK,BANKS,MID & SMALL PRIVATE BANKS,SMALL CAP,KARURVYSYA,291.75,28356.58,25.97,28.18,31.81,35.99,7022.87,7748.02,8767.01,9832.7,145.95,170.06,231.15,197.19,2510.33,2722.73,3082.93,3411.15,11.23,10.35,9.17,8.11,4074.98,4416.46,5043.14,5073.57,0.58,0.57,0.58,0.52,10.33,13.15,12.16,11.73,11.87,8.38,14.19,0.6,11.25,7.58,8.51,12.89,13.12,10.68,11.49,9.76,9.21,2.0,1.72,1.26,1.48,1.49,1.49,4.04,3.66,3.23,2.88,3.45,3.26,-1.02,0.52,-5.93,-0.43,-3.84,0.36,0.35,0.35,0.35,-0.6,0.02,-0.47,-0.81,-0.99,18881.93,17.2,20.61,24.14,28.53,7022.87,10420.83,12375.8,18931.03,153.43,173.83,216.41,197.36,1390.44,1942.78,2934.7,4147.84,11.13,9.82,8.56,8.11,3145.67,4062.53,4722.97,5852.35,0.43,0.4,0.42,0.41,16.09,14.08,12.82,15.01,14.6,19.2,18.94,7.13,18.64,16.42,22.0,19.06,21.12,20.52,27.67,208.09,9.19,8.6,1.3,1.21,1.04,1.08,1.12,1.08,2.24,2.05,1.81,1.63,1.93,1.88,-0.25,1.39,-1.42,-0.02,-1.38,0.22,0.25,0.26,0.27,0.7,1.46,1.58,2.69,7.92
JAMMU & KASHMIR BANK,BANKS,MID & SMALL PRIVATE BANKS,SMALL CAP,J&KBANK,163.56,15434.17,21.42,22.3,23.3,,,,,,149.84,174.4,,197.7,2359.51,,,,7.64,7.33,7.02,,2992.19,3708.6,4402.8,,,,,,,,,,,23.94,18.72,,21.3,,4.11,4.48,,4.3,,7.18,7.18,1.09,0.94,,0.83,0.94,0.88,,,,,,,,,,,,,,,,,,,,,18881.93,17.2,20.61,24.14,28.53,7022.87,10420.83,12375.8,18931.03,153.43,173.83,216.41,197.36,1390.44,1942.78,2934.7,4147.84,11.13,9.82,8.56,8.11,3145.67,4062.53,4722.97,5852.35,0.43,0.4,0.42,0.41,16.09,14.08,12.82,15.01,14.6,19.2,18.94,7.13,18.64,16.42,22.0,19.06,21.12,20.52,27.67,208.09,9.19,8.6,1.3,1.21,1.04,1.08,1.12,1.08,2.24,2.05,1.81,1.63,1.93,1.88,-0.25,1.39,-1.42,-0.02,-1.38,0.22,0.25,0.26,0.27,0.7,1.46,1.58,2.69,7.92
CITY UNION BANK,BANKS,MID & SMALL PRIVATE BANKS,SMALL CAP,CUB,196.65,18881.93,17.83,21.16,24.74,29.2,3868.66,4527.96,5270.26,6238.67,142.18,161.59,211.52,184.48,1326.23,1569.28,1843.34,2302.12,11.03,9.29,7.95,6.73,2014.23,2361.29,2606.55,2294.12,0.52,0.52,0.49,0.37,17.04,16.39,18.37,16.72,17.27,17.23,10.39,-11.99,13.76,4.43,18.68,16.89,18.05,17.78,17.87,8.62,7.99,1.38,1.22,0.93,1.07,1.07,1.07,4.88,4.17,3.58,3.03,3.88,3.59,0.08,-2.69,-12.69,-2.54,-10.94,0.34,0.35,0.35,0.37,0.38,0.32,1.92,1.01,2.48,18881.93,17.2,20.61,24.14,28.53,7022.87,10420.83,12375.8,18931.03,153.43,173.83,216.41,197.36,1390.44,1942.78,2934.7,4147.84,11.13,9.82,8.56,8.11,3145.67,4062.53,4722.97,5852.35,0.43,0.4,0.42,0.41,16.09,14.08,12.82,15.01,14.6,19.2,18.94,7.13,18.64,16.42,22.0,19.06,21.12,20.52,27.67,208.09,9.19,8.6,1.3,1.21,1.04,1.08,1.12,1.08,2.24,2.05,1.81,1.63,1.93,1.88,-0.25,1.39,-1.42,-0.02,-1.38,0.22,0.25,0.26,0.27,0.7,1.46,1.58,2.69,7.92
KARNATAKA BANK,BANKS,MID & SMALL PRIVATE BANKS,SMALL CAP,KTKBANK,274.7,10118.48,34.61,35.1,38.2,,4521.7,4983.7,5627.0,,349.68,379.5,,412.0,1310.75,1328.1,1445.6,,7.94,7.83,7.19,,1974.42,2147.0,2476.2,,0.44,0.43,0.44,,10.22,12.91,,11.55,,8.74,15.33,,11.99,,1.42,8.83,,5.06,,7.51,7.51,0.79,0.72,,0.67,0.72,0.7,2.24,2.03,1.8,,1.91,1.91,-0.58,0.93,,0.39,,0.29,0.27,0.26,,-2.34,-0.96,,-5.86,,18881.93,17.2,20.61,24.14,28.53,7022.87,10420.83,12375.8,18931.03,153.43,173.83,216.41,197.36,1390.44,1942.78,2934.7,4147.84,11.13,9.82,8.56,8.11,3145.67,4062.53,4722.97,5852.35,0.43,0.4,0.42,0.41,16.09,14.08,12.82,15.01,14.6,19.2,18.94,7.13,18.64,16.42,22.0,19.06,21.12,20.52,27.67,208.09,9.19,8.6,1.3,1.21,1.04,1.08,1.12,1.08,2.24,2.05,1.81,1.63,1.93,1.88,-0.25,1.39,-1.42,-0.02,-1.38,0.22,0.25,0.26,0.27,0.7,1.46,1.58,2.69,7.92
TAMILNAD MERCANTILE BANK,BANKS,MID & SMALL PRIVATE BANKS,SMALL CAP,TMB,780.6,10816.19,,,,,,,,,,,,,,,,,,,,,,,,,,,,,,,,,,,,,,,,,,,,,,,,,,,,,,,,,,,,,,,,,,,,,,,,18881.93,17.2,20.61,24.14,28.53,7022.87,10420.83,12375.8,18931.03,153.43,173.83,216.41,197.36,1390.44,1942.78,2934.7,4147.84,11.13,9.82,8.56,8.11,3145.67,4062.53,4722.97,5852.35,0.43,0.4,0.42,0.41,16.09,14.08,12.82,15.01,14.6,19.2,18.94,7.13,18.64,16.42,22.0,19.06,21.12,20.52,27.67,208.09,9.19,8.6,1.3,1.21,1.04,1.08,1.12,1.08,2.24,2.05,1.81,1.63,1.93,1.88,-0.25,1.39,-1.42,-0.02,-1.38,0.22,0.25,0.26,0.27,0.7,1.46,1.58,2.69,7.92
CSB BANK,BANKS,MID & SMALL PRIVATE BANKS,SMALL CAP,CSBBANK,365.5,6170.68,36.5,45.0,56.9,,2896.92,,,,282.11,317.0,,372.3,633.18,825.3,1056.3,,10.01,8.12,6.42,,1085.39,1347.5,1698.0,,0.37,,,,,,,,,24.15,26.01,,25.08,,23.29,26.44,,24.86,,7.27,7.27,1.3,1.15,,0.98,1.15,1.07,2.13,,,,,,,,,,,0.22,,,,,,,,,18881.93,17.2,20.61,24.14,28.53,7022.87,10420.83,12375.8,18931.03,153.43,173.83,216.41,197.36,1390.44,1942.78,2934.7,4147.84,11.13,9.82,8.56,8.11,3145.67,4062.53,4722.97,5852.35,0.43,0.4,0.42,0.41,16.09,14.08,12.82,15.01,14.6,19.2,18.94,7.13,18.64,16.42,22.0,19.06,21.12,20.52,27.67,208.09,9.19,8.6,1.3,1.21,1.04,1.08,1.12,1.08,2.24,2.05,1.81,1.63,1.93,1.88,-0.25,1.39,-1.42,-0.02,-1.38,0.22,0.25,0.26,0.27,0.7,1.46,1.58,2.69,7.92
SOUTH INDIAN BANK,BANKS,MID & SMALL PRIVATE BANKS,SMALL CAP,SOUTHBANK,48.46,10664.18,5.55,6.17,6.83,12.2,5446.14,6098.6,6886.93,7745.9,43.61,48.54,63.1,54.78,1454.64,1649.5,1785.75,,8.73,7.85,7.09,3.97,2373.85,2373.92,2700.6,1330.0,0.44,0.39,0.39,0.17,11.98,12.93,12.47,12.45,12.46,0.0,13.76,-50.75,6.66,-17.56,11.21,10.73,78.52,10.97,30.02,7.47,6.3,1.11,1.0,0.77,0.88,0.88,0.88,1.96,1.75,1.55,1.38,1.65,1.56,-4.66,0.29,-22.04,-5.15,-26.69,0.27,0.27,0.26,,0.34,-1.12,,-1.47,,18881.93,17.2,20.61,24.14,28.53,7022.87,10420.83,12375.8,18931.03,153.43,173.83,216.41,197.36,1390.44,1942.78,2934.7,4147.84,11.13,9.82,8.56,8.11,3145.67,4062.53,4722.97,5852.35,0.43,0.4,0.42,0.41,16.09,14.08,12.82,15.01,14.6,19.2,18.94,7.13,18.64,16.42,22.0,19.06,21.12,20.52,27.67,208.09,9.19,8.6,1.3,1.21,1.04,1.08,1.12,1.08,2.24,2.05,1.81,1.63,1.93,1.88,-0.25,1.39,-1.42,-0.02,-1.38,0.22,0.25,0.26,0.27,0.7,1.46,1.58,2.69,7.92
DCB BANK,BANKS,MID & SMALL PRIVATE BANKS,SMALL CAP,DCBBANK,184.59,5791.94,22.82,28.03,33.84,39.0,3311.67,3893.83,4557.41,4949.9,203.01,224.19,288.23,256.25,731.56,899.96,1096.73,1243.87,8.09,6.59,5.45,4.73,1295.75,1570.04,1927.21,2044.53,0.39,0.4,0.42,0.41,17.58,17.04,8.61,17.31,14.34,21.17,22.75,6.09,21.96,16.42,22.84,20.73,15.24,21.78,19.56,6.02,5.59,0.91,0.82,0.64,0.72,0.73,0.73,1.75,1.49,1.27,1.17,1.38,1.31,1.19,1.97,-0.98,3.96,1.82,0.22,0.23,0.24,0.25,1.02,0.95,1.06,4.37,4.39,18881.93,17.2,20.61,24.14,28.53,7022.87,10420.83,12375.8,18931.03,153.43,173.83,216.41,197.36,1390.44,1942.78,2934.7,4147.84,11.13,9.82,8.56,8.11,3145.67,4062.53,4722.97,5852.35,0.43,0.4,0.42,0.41,16.09,14.08,12.82,15.01,14.6,19.2,18.94,7.13,18.64,16.42,22.0,19.06,21.12,20.52,27.67,208.09,9.19,8.6,1.3,1.21,1.04,1.08,1.12,1.08,2.24,2.05,1.81,1.63,1.93,1.88,-0.25,1.39,-1.42,-0.02,-1.38,0.22,0.25,0.26,0.27,0.7,1.46,1.58,2.69,7.92
STATE BANK OF INDIA,BANKS,PUBLIC BANKS,LARGE CAP,SBIN,1035.1,893985.2,82.56,89.13,101.25,110.95,241970.8,269956.1,303570.2,334415.9,589.82,635.22,808.87,718.77,75438.79,82984.61,94456.68,103436.5,12.54,11.61,10.22,9.33,118422.0,131741.1,145977.6,162575.2,0.49,0.49,0.48,0.49,11.57,12.45,10.16,12.01,11.39,11.25,10.81,11.37,11.03,11.14,7.96,13.59,9.58,10.74,10.35,10.92,10.39,1.75,1.63,1.28,1.44,1.45,1.45,3.69,3.31,2.94,2.67,3.13,2.98,-0.14,-0.71,0.53,-0.88,-0.22,0.31,0.31,0.31,0.31,-0.44,0.38,-0.18,-0.1,-0.26,78427.98,23.12,21.66,24.13,25.84,48706.28,62466.66,69421.81,73946.26,147.98,161.69,236.88,202.1,17445.56,18168.85,19611.22,21934.26,7.46,7.5,6.9,6.8,24181.05,28975.2,32597.66,36012.87,0.5,0.49,0.49,0.48,9.55,12.0,10.16,10.77,9.3,11.25,10.88,6.08,14.18,8.99,-0.14,11.61,5.79,6.71,5.32,108.77,7.42,7.21,1.19,1.09,0.76,0.92,0.98,0.97,2.75,2.07,1.86,1.65,1.96,1.88,-1.22,-0.42,-1.49,-1.79,-3.78,0.3,0.3,0.3,0.29,-0.74,-0.68,0.1,-0.4,-2.09
BANK OF BARODA,BANKS,PUBLIC BANKS,LARGE CAP,BANKBARODA,281.05,139911.1,38.72,38.67,43.44,46.94,79311.19,69191.68,77687.74,85969.23,296.26,316.23,388.91,351.36,20021.06,20243.78,22785.88,24848.5,7.26,7.27,6.47,5.99,25110.17,33558.23,38557.56,41607.55,0.32,0.49,0.5,0.48,-12.76,12.28,10.66,-1.03,2.72,33.64,14.9,7.91,23.92,18.33,-0.14,12.34,8.07,5.91,6.63,6.87,6.58,0.95,0.89,0.72,0.8,0.81,0.8,1.76,2.02,1.8,1.63,1.91,1.82,16.84,1.13,-1.23,25.2,15.2,0.25,0.29,0.29,0.29,4.01,0.07,-0.43,7.79,4.62,78427.98,23.12,21.66,24.13,25.84,48706.28,62466.66,69421.81,73946.26,147.98,161.69,236.88,202.1,17445.56,18168.85,19611.22,21934.26,7.46,7.5,6.9,6.8,24181.05,28975.2,32597.66,36012.87,0.5,0.49,0.49,0.48,9.55,12.0,10.16,10.77,9.3,11.25,10.88,6.08,14.18,8.99,-0.14,11.61,5.79,6.71,5.32,108.77,7.42,7.21,1.19,1.09,0.76,0.92,0.98,0.97,2.75,2.07,1.86,1.65,1.96,1.88,-1.22,-0.42,-1.49,-1.79,-3.78,0.3,0.3,0.3,0.29,-0.74,-0.68,0.1,-0.4,-2.09
PUNJAB NATIONAL BANK,BANKS,PUBLIC BANKS,LARGE CAP,PNB,108.77,121721.7,14.71,15.5,17.0,17.18,60753.74,64394.17,71941.38,73946.26,124.12,131.58,158.4,145.04,16903.99,18179.83,19858.06,21645.1,7.39,7.02,6.4,6.33,29289.63,28975.2,31967.38,31754.4,0.48,0.45,0.44,0.43,5.99,11.72,2.79,8.82,6.77,-1.07,10.33,-0.67,4.47,2.73,5.38,9.69,1.05,7.52,5.32,6.71,6.58,0.88,0.83,0.69,0.75,0.76,0.75,2.0,1.89,1.69,1.65,1.79,1.74,-3.21,-0.56,-1.49,-4.0,-3.78,0.28,0.28,0.28,0.29,0.41,-0.63,1.67,-0.4,1.71,78427.98,23.12,21.66,24.13,25.84,48706.28,62466.66,69421.81,73946.26,147.98,161.69,236.88,202.1,17445.56,18168.85,19611.22,21934.26,7.46,7.5,6.9,6.8,24181.05,28975.2,32597.66,36012.87,0.5,0.49,0.49,0.48,9.55,12.0,10.16,10.77,9.3,11.25,10.88,6.08,14.18,8.99,-0.14,11.61,5.79,6.71,5.32,108.77,7.42,7.21,1.19,1.09,0.76,0.92,0.98,0.97,2.75,2.07,1.86,1.65,1.96,1.88,-1.22,-0.42,-1.49,-1.79,-3.78,0.3,0.3,0.3,0.29,-0.74,-0.68,0.1,-0.4,-2.09
UNION BANK OF INDIA,BANKS,PUBLIC BANKS,MID CAP,UNIONBANK,175.76,127908.6,23.56,23.42,23.98,25.84,36658.83,60539.16,66902.24,71198.9,147.98,161.69,202.6,182.03,17987.14,18157.88,19573.69,21102.5,7.46,7.5,7.33,6.8,24181.05,29948.08,33227.94,36012.87,0.66,0.49,0.5,0.51,65.14,10.51,6.42,35.09,24.77,23.85,10.95,8.38,17.22,14.2,-0.57,2.38,7.73,0.89,3.12,7.42,7.21,1.19,1.09,0.87,0.97,0.98,0.97,3.49,2.11,1.91,1.8,2.01,1.94,-16.49,0.2,0.91,-13.23,-8.47,0.49,0.3,0.29,0.3,-19.07,-0.74,0.38,-22.78,-15.47,78427.98,23.12,21.66,24.13,25.84,48706.28,62466.66,69421.81,73946.26,147.98,161.69,236.88,202.1,17445.56,18168.85,19611.22,21934.26,7.46,7.5,6.9,6.8,24181.05,28975.2,32597.66,36012.87,0.5,0.49,0.49,0.48,9.55,12.0,10.16,10.77,9.3,11.25,10.88,6.08,14.18,8.99,-0.14,11.61,5.79,6.71,5.32,108.77,7.42,7.21,1.19,1.09,0.76,0.92,0.98,0.97,2.75,2.07,1.86,1.65,1.96,1.88,-1.22,-0.42,-1.49,-1.79,-3.78,0.3,0.3,0.3,0.29,-0.74,-0.68,0.1,-0.4,-2.09
INDIAN OVERSEAS BANK,BANKS,PUBLIC BANKS,LARGE CAP,IOB,35.09,64759.91,,,,,,,,,,,,,,,,,,,,,,,,,,,,,,,,,,,,,,,,,,,,,,,,,,,,,,,,,,,,,,,,,,,,,,,,78427.98,23.12,21.66,24.13,25.84,48706.28,62466.66,69421.81,73946.26,147.98,161.69,236.88,202.1,17445.56,18168.85,19611.22,21934.26,7.46,7.5,6.9,6.8,24181.05,28975.2,32597.66,36012.87,0.5,0.49,0.49,0.48,9.55,12.0,10.16,10.77,9.3,11.25,10.88,6.08,14.18,8.99,-0.14,11.61,5.79,6.71,5.32,108.77,7.42,7.21,1.19,1.09,0.76,0.92,0.98,0.97,2.75,2.07,1.86,1.65,1.96,1.88,-1.22,-0.42,-1.49,-1.79,-3.78,0.3,0.3,0.3,0.29,-0.74,-0.68,0.1,-0.4,-2.09
CANARA BANK,BANKS,PUBLIC BANKS,MID CAP,CANBK,133.74,120775.7,21.15,20.6,22.89,24.21,64048.28,68140.2,75471.1,83628.48,125.0,136.83,175.11,154.4,19186.67,18725.69,19648.76,22223.43,6.32,6.49,5.84,5.52,33018.57,33558.77,36834.7,39074.51,0.52,0.49,0.49,0.47,6.39,10.76,10.81,8.55,9.3,1.64,9.76,6.08,5.62,5.77,-2.59,11.1,5.79,4.03,4.61,6.17,5.95,1.07,0.98,0.76,0.87,0.87,0.87,1.89,1.77,1.6,1.44,1.69,1.61,-2.3,-0.44,-2.08,-2.7,-3.23,0.3,0.27,0.26,0.27,-2.48,-1.45,0.54,-6.78,-3.92,78427.98,23.12,21.66,24.13,25.84,48706.28,62466.66,69421.81,73946.26,147.98,161.69,236.88,202.1,17445.56,18168.85,19611.22,21934.26,7.46,7.5,6.9,6.8,24181.05,28975.2,32597.66,36012.87,0.5,0.49,0.49,0.48,9.55,12.0,10.16,10.77,9.3,11.25,10.88,6.08,14.18,8.99,-0.14,11.61,5.79,6.71,5.32,108.77,7.42,7.21,1.19,1.09,0.76,0.92,0.98,0.97,2.75,2.07,1.86,1.65,1.96,1.88,-1.22,-0.42,-1.49,-1.79,-3.78,0.3,0.3,0.3,0.29,-0.74,-0.68,0.1,-0.4,-2.09
IDBI BANK,BANKS,PUBLIC BANKS,MID CAP,IDBI,82.98,78427.98,8.85,8.1,,,,,,,62.9,63.0,,,9513.36,,,,9.38,10.24,,,10837.52,11461.2,,,,,,,,,,,,5.75,,,,,-8.47,,,,,10.24,10.24,1.32,1.32,,,1.32,1.32,,,,,,,,,,,,,,,,,,,,,78427.98,23.12,21.66,24.13,25.84,48706.28,62466.66,69421.81,73946.26,147.98,161.69,236.88,202.1,17445.56,18168.85,19611.22,21934.26,7.46,7.5,6.9,6.8,24181.05,28975.2,32597.66,36012.87,0.5,0.49,0.49,0.48,9.55,12.0,10.16,10.77,9.3,11.25,10.88,6.08,14.18,8.99,-0.14,11.61,5.79,6.71,5.32,108.77,7.42,7.21,1.19,1.09,0.76,0.92,0.98,0.97,2.75,2.07,1.86,1.65,1.96,1.88,-1.22,-0.42,-1.49,-1.79,-3.78,0.3,0.3,0.3,0.29,-0.74,-0.68,0.1,-0.4,-2.09
INDIAN BANK,BANKS,PUBLIC BANKS,MID CAP,INDIANB,870.1,112276.1,90.24,96.39,106.37,106.93,26914.62,31900.13,36177.06,50628.7,581.24,629.54,782.3,716.49,12155.65,13052.73,14380.98,14401.5,9.64,9.03,8.18,8.14,19916.1,21932.46,24729.99,25785.87,0.74,0.69,0.68,0.51,18.52,13.41,39.95,15.94,23.44,10.12,12.76,4.27,11.43,8.99,6.82,10.35,0.53,8.57,5.82,8.6,8.45,1.5,1.38,1.11,1.21,1.25,1.24,4.17,3.52,3.1,2.22,3.31,2.95,-5.24,-0.4,-17.43,-3.89,-11.71,0.45,0.41,0.4,0.28,-4.25,-1.17,-11.31,-6.18,-14.28,78427.98,23.12,21.66,24.13,25.84,48706.28,62466.66,69421.81,73946.26,147.98,161.69,236.88,202.1,17445.56,18168.85,19611.22,21934.26,7.46,7.5,6.9,6.8,24181.05,28975.2,32597.66,36012.87,0.5,0.49,0.49,0.48,9.55,12.0,10.16,10.77,9.3,11.25,10.88,6.08,14.18,8.99,-0.14,11.61,5.79,6.71,5.32,108.77,7.42,7.21,1.19,1.09,0.76,0.92,0.98,0.97,2.75,2.07,1.86,1.65,1.96,1.88,-1.22,-0.42,-1.49,-1.79,-3.78,0.3,0.3,0.3,0.29,-0.74,-0.68,0.1,-0.4,-2.09
BANK OF INDIA,BANKS,PUBLIC BANKS,MID CAP,BANKINDIA,146.57,66009.13,23.12,21.66,24.28,20.43,35047.03,37689.38,42053.92,43194.09,193.27,202.45,236.88,222.18,10527.15,11040.1,12553.45,,6.34,6.77,6.04,7.17,13945.66,20091.7,19068.63,12438.91,0.4,0.53,0.45,0.29,7.54,11.58,2.71,9.54,7.22,44.07,-5.09,-34.77,16.93,-3.74,-6.33,12.13,-15.87,2.48,-4.04,6.4,6.66,0.76,0.72,0.62,0.66,0.67,0.67,1.88,1.75,1.57,1.53,1.66,1.62,13.52,-7.97,-16.55,6.75,-10.22,0.3,0.29,0.3,,-0.74,0.56,,-0.31,,78427.98,23.12,21.66,24.13,25.84,48706.28,62466.66,69421.81,73946.26,147.98,161.69,236.88,202.1,17445.56,18168.85,19611.22,21934.26,7.46,7.5,6.9,6.8,24181.05,28975.2,32597.66,36012.87,0.5,0.49,0.49,0.48,9.55,12.0,10.16,10.77,9.3,11.25,10.88,6.08,14.18,8.99,-0.14,11.61,5.79,6.71,5.32,108.77,7.42,7.21,1.19,1.09,0.76,0.92,0.98,0.97,2.75,2.07,1.86,1.65,1.96,1.88,-1.22,-0.42,-1.49,-1.79,-3.78,0.3,0.3,0.3,0.29,-0.74,-0.68,0.1,-0.4,-2.09
UCO BANK,BANKS,PUBLIC BANKS,MID CAP,UCOBANK,27.58,31863.02,,,,,,,,,,,,,,,,,,,,,,,,,,,,,,,,,,,,,,,,,,,,,,,,,,,,,,,,,,,,,,,,,,,,,,,,78427.98,23.12,21.66,24.13,25.84,48706.28,62466.66,69421.81,73946.26,147.98,161.69,236.88,202.1,17445.56,18168.85,19611.22,21934.26,7.46,7.5,6.9,6.8,24181.05,28975.2,32597.66,36012.87,0.5,0.49,0.49,0.48,9.55,12.0,10.16,10.77,9.3,11.25,10.88,6.08,14.18,8.99,-0.14,11.61,5.79,6.71,5.32,108.77,7.42,7.21,1.19,1.09,0.76,0.92,0.98,0.97,2.75,2.07,1.86,1.65,1.96,1.88,-1.22,-0.42,-1.49,-1.79,-3.78,0.3,0.3,0.3,0.29,-0.74,-0.68,0.1,-0.4,-2.09
CENTRAL BANK OF INDIA,BANKS,PUBLIC BANKS,MID CAP,CENTRALBK,32.84,28077.45,,,,,,,,,,,,,,,,,,,,,,,,,,,,,,,,,,,,,,,,,,,,,,,,,,,,,,,,,,,,,,,,,,,,,,,,78427.98,23.12,21.66,24.13,25.84,48706.28,62466.66,69421.81,73946.26,147.98,161.69,236.88,202.1,17445.56,18168.85,19611.22,21934.26,7.46,7.5,6.9,6.8,24181.05,28975.2,32597.66,36012.87,0.5,0.49,0.49,0.48,9.55,12.0,10.16,10.77,9.3,11.25,10.88,6.08,14.18,8.99,-0.14,11.61,5.79,6.71,5.32,108.77,7.42,7.21,1.19,1.09,0.76,0.92,0.98,0.97,2.75,2.07,1.86,1.65,1.96,1.88,-1.22,-0.42,-1.49,-1.79,-3.78,0.3,0.3,0.3,0.29,-0.74,-0.68,0.1,-0.4,-2.09
BANK OF MAHARASHTRA,BANKS,PUBLIC BANKS,MID CAP,MAHABANK,90.19,61670.88,9.12,9.75,11.1,,17207.57,20230.0,22980.0,,43.2,48.8,,58.4,,7260.15,7960.9,,9.89,9.25,8.13,,10827.64,13052.9,14894.4,,0.63,0.65,0.65,,17.56,13.59,,15.56,,20.55,14.11,,17.29,,6.91,13.85,,10.32,,8.69,8.69,2.09,1.85,,1.54,1.85,1.7,3.58,3.05,2.68,,2.87,2.87,1.6,0.29,,1.49,,,0.36,0.35,,,-1.25,,,,78427.98,23.12,21.66,24.13,25.84,48706.28,62466.66,69421.81,73946.26,147.98,161.69,236.88,202.1,17445.56,18168.85,19611.22,21934.26,7.46,7.5,6.9,6.8,24181.05,28975.2,32597.66,36012.87,0.5,0.49,0.49,0.48,9.55,12.0,10.16,10.77,9.3,11.25,10.88,6.08,14.18,8.99,-0.14,11.61,5.79,6.71,5.32,108.77,7.42,7.21,1.19,1.09,0.76,0.92,0.98,0.97,2.75,2.07,1.86,1.65,1.96,1.88,-1.22,-0.42,-1.49,-1.79,-3.78,0.3,0.3,0.3,0.29,-0.74,-0.68,0.1,-0.4,-2.09
PUNJAB & SIND BANK,BANKS,PUBLIC BANKS,SMALL CAP,PSB,25.09,17164.22,,,,,,,,,,,,,,,,,,,,,,,,,,,,,,,,,,,,,,,,,,,,,,,,,,,,,,,,,,,,,,,,,,,,,,,,78427.98,23.12,21.66,24.13,25.84,48706.28,62466.66,69421.81,73946.26,147.98,161.69,236.88,202.1,17445.56,18168.85,19611.22,21934.26,7.46,7.5,6.9,6.8,24181.05,28975.2,32597.66,36012.87,0.5,0.49,0.49,0.48,9.55,12.0,10.16,10.77,9.3,11.25,10.88,6.08,14.18,8.99,-0.14,11.61,5.79,6.71,5.32,108.77,7.42,7.21,1.19,1.09,0.76,0.92,0.98,0.97,2.75,2.07,1.86,1.65,1.96,1.88,-1.22,-0.42,-1.49,-1.79,-3.78,0.3,0.3,0.3,0.29,-0.74,-0.68,0.1,-0.4,-2.09
AU SMALL FINANCE BANK,BANKS,SMALL FINANCE BANKS,MID CAP,AUBANK,1033.05,75757.45,35.01,47.85,60.16,73.24,12090.62,14902.56,18079.17,21588.25,266.93,311.77,438.38,369.14,2641.25,3589.28,4505.3,5599.32,29.51,21.59,17.17,14.11,3474.05,6425.76,7864.59,9473.52,0.29,0.43,0.44,0.44,23.26,21.32,19.41,22.28,21.32,84.96,22.39,20.46,50.46,39.71,36.68,25.72,21.74,31.09,27.89,19.38,17.62,3.87,3.31,2.36,2.8,2.84,2.82,6.27,5.08,4.19,3.51,4.64,4.26,14.39,0.38,0.38,23.04,15.16,0.22,0.24,0.25,0.26,2.24,0.83,1.02,6.81,5.89,3789.0,14.29,28.1,33.1,11.05,2673.87,4230.6,4973.3,8266.24,195.54,223.7,240.52,256.8,151.97,675.45,476.05,1477.78,14.88,10.71,6.69,6.98,326.43,1321.6,1481.7,2214.97,0.29,0.32,0.35,0.3,33.85,18.79,19.41,26.31,21.32,25.3,22.64,1.81,31.15,16.84,52.36,25.72,25.65,43.68,30.29,126.17,9.63,8.29,1.08,0.95,1.04,0.82,0.95,0.88,2.28,1.51,1.27,1.3,1.39,1.29,8.93,1.26,-4.42,3.75,2.12,0.14,0.16,0.16,0.19,3.83,1.31,1.02,7.92,5.89
EQUITAS SMALL FINANCE BANK,BANKS,SMALL FINANCE BANKS,SMALL CAP,EQUITASBNK,77.25,8008.12,0.9,6.2,8.56,11.05,4464.72,5310.24,6288.62,7340.11,53.68,59.02,77.14,66.75,103.08,694.63,984.14,1361.7,85.83,12.47,9.02,6.99,1264.97,1689.07,2175.69,2214.97,0.28,0.32,0.35,0.3,18.94,18.42,16.72,18.68,18.02,33.53,28.81,1.81,31.15,20.53,588.33,38.21,29.08,208.44,130.71,10.75,9.49,1.44,1.31,1.0,1.16,1.16,1.16,1.79,1.51,1.27,1.09,1.39,1.29,3.48,2.79,-4.42,10.5,2.12,0.02,0.13,0.16,0.19,10.77,2.57,2.9,160.35,100.29,3789.0,14.29,28.1,33.1,11.05,2673.87,4230.6,4973.3,8266.24,195.54,223.7,240.52,256.8,151.97,675.45,476.05,1477.78,14.88,10.71,6.69,6.98,326.43,1321.6,1481.7,2214.97,0.29,0.32,0.35,0.3,33.85,18.79,19.41,26.31,21.32,25.3,22.64,1.81,31.15,16.84,52.36,25.72,25.65,43.68,30.29,126.17,9.63,8.29,1.08,0.95,1.04,0.82,0.95,0.88,2.28,1.51,1.27,1.3,1.39,1.29,8.93,1.26,-4.42,3.75,2.12,0.14,0.16,0.16,0.19,3.83,1.31,1.02,7.92,5.89
UJJIVAN SMALL FINANCE BANK,BANKS,SMALL FINANCE BANKS,SMALL CAP,UJJIVANSFB,57.27,10774.14,3.51,5.35,6.7,8.2,3871.0,5355.43,6321.56,8266.24,35.08,39.16,52.87,43.09,692.63,1045.9,1317.48,1593.87,16.32,10.71,8.54,6.98,1710.13,2142.79,2627.96,2477.68,0.44,0.4,0.42,0.3,38.35,18.04,30.76,27.79,28.77,25.3,22.64,-5.72,23.96,13.15,52.36,25.34,22.32,38.19,32.68,9.63,8.75,1.63,1.46,1.08,1.33,1.27,1.29,2.78,2.01,1.7,1.3,1.86,1.67,-4.17,1.56,-11.6,-2.99,-12.13,0.18,0.2,0.21,0.19,1.64,1.31,-1.56,7.92,2.52,3789.0,14.29,28.1,33.1,11.05,2673.87,4230.6,4973.3,8266.24,195.54,223.7,240.52,256.8,151.97,675.45,476.05,1477.78,14.88,10.71,6.69,6.98,326.43,1321.6,1481.7,2214.97,0.29,0.32,0.35,0.3,33.85,18.79,19.41,26.31,21.32,25.3,22.64,1.81,31.15,16.84,52.36,25.72,25.65,43.68,30.29,126.17,9.63,8.29,1.08,0.95,1.04,0.82,0.95,0.88,2.28,1.51,1.27,1.3,1.39,1.29,8.93,1.26,-4.42,3.75,2.12,0.14,0.16,0.16,0.19,3.83,1.31,1.02,7.92,5.89
UTKARSH SMALL FINANCE BANK,BANKS,SMALL FINANCE BANKS,SMALL CAP,UTKARSHBNK,14.79,2402.36,-8.37,1.05,2.25,3.5,1476.74,2709.7,3218.9,,15.6,16.1,,18.9,-1150.98,253.75,476.05,623.4,-1.77,14.09,6.57,4.23,-1506.61,770.9,1039.25,1432.0,-1.02,0.28,0.32,,83.49,18.79,,47.64,,-151.17,34.81,37.79,,,-112.54,114.29,55.56,,,10.33,8.29,0.95,0.92,,0.78,0.92,0.85,1.63,0.89,0.75,,0.82,0.82,130.47,3.84,,,,-0.78,0.09,0.15,,87.3,5.42,,,,3789.0,14.29,28.1,33.1,11.05,2673.87,4230.6,4973.3,8266.24,195.54,223.7,240.52,256.8,151.97,675.45,476.05,1477.78,14.88,10.71,6.69,6.98,326.43,1321.6,1481.7,2214.97,0.29,0.32,0.35,0.3,33.85,18.79,19.41,26.31,21.32,25.3,22.64,1.81,31.15,16.84,52.36,25.72,25.65,43.68,30.29,126.17,9.63,8.29,1.08,0.95,1.04,0.82,0.95,0.88,2.28,1.51,1.27,1.3,1.39,1.29,8.93,1.26,-4.42,3.75,2.12,0.14,0.16,0.16,0.19,3.83,1.31,1.02,7.92,5.89
ESAF SMALL FINANCE BANK,BANKS,SMALL FINANCE BANKS,SMALL CAP,ESAFSFB,36.33,1495.23,,,,,,,,,,,,,,,,,,,,,,,,,,,,,,,,,,,,,,,,,,,,,,,,,,,,,,,,,,,,,,,,,,,,,,,,3789.0,14.29,28.1,33.1,11.05,2673.87,4230.6,4973.3,8266.24,195.54,223.7,240.52,256.8,151.97,675.45,476.05,1477.78,14.88,10.71,6.69,6.98,326.43,1321.6,1481.7,2214.97,0.29,0.32,0.35,0.3,33.85,18.79,19.41,26.31,21.32,25.3,22.64,1.81,31.15,16.84,52.36,25.72,25.65,43.68,30.29,126.17,9.63,8.29,1.08,0.95,1.04,0.82,0.95,0.88,2.28,1.51,1.27,1.3,1.39,1.29,8.93,1.26,-4.42,3.75,2.12,0.14,0.16,0.16,0.19,3.83,1.31,1.02,7.92,5.89
JANA SMALL FINANCE BANK,BANKS,SMALL FINANCE BANKS,SMALL CAP,JSFB,460.1,5175.64,30.92,64.25,68.8,,,4230.6,4973.3,,424.42,486.0,,559.0,326.43,675.45,445.4,,14.88,7.16,6.69,,326.43,1321.6,1481.7,,,0.31,0.3,,,17.56,,,,304.87,12.11,,113.05,,107.79,7.08,,49.17,,6.92,6.92,1.08,0.95,,0.82,0.95,0.88,,1.22,1.04,,1.13,1.13,,-1.45,,,,,0.16,0.09,,,-7.01,,,,3789.0,14.29,28.1,33.1,11.05,2673.87,4230.6,4973.3,8266.24,195.54,223.7,240.52,256.8,151.97,675.45,476.05,1477.78,14.88,10.71,6.69,6.98,326.43,1321.6,1481.7,2214.97,0.29,0.32,0.35,0.3,33.85,18.79,19.41,26.31,21.32,25.3,22.64,1.81,31.15,16.84,52.36,25.72,25.65,43.68,30.29,126.17,9.63,8.29,1.08,0.95,1.04,0.82,0.95,0.88,2.28,1.51,1.27,1.3,1.39,1.29,8.93,1.26,-4.42,3.75,2.12,0.14,0.16,0.16,0.19,3.83,1.31,1.02,7.92,5.89
CAPITAL SMALL FINANCE BANK,BANKS,SMALL FINANCE BANKS,SMALL CAP,CAPITALSFB,285.5,1280.94,31.2,40.4,51.33,64.5,461.42,670.0,800.0,,321.68,359.3,403.9,406.83,141.39,183.3,235.0,,9.15,7.07,5.56,4.43,213.51,248.33,306.57,230.0,0.46,0.37,0.38,,45.2,19.4,,31.67,,16.31,23.45,-24.98,19.83,2.51,29.49,27.06,25.65,28.27,27.39,6.31,5.68,0.89,0.79,0.71,0.7,0.75,0.73,2.78,1.91,1.6,,1.76,1.76,-9.21,1.26,,-9.0,,0.31,0.27,0.29,,-3.28,2.02,,-2.09,,3789.0,14.29,28.1,33.1,11.05,2673.87,4230.6,4973.3,8266.24,195.54,223.7,240.52,256.8,151.97,675.45,476.05,1477.78,14.88,10.71,6.69,6.98,326.43,1321.6,1481.7,2214.97,0.29,0.32,0.35,0.3,33.85,18.79,19.41,26.31,21.32,25.3,22.64,1.81,31.15,16.84,52.36,25.72,25.65,43.68,30.29,126.17,9.63,8.29,1.08,0.95,1.04,0.82,0.95,0.88,2.28,1.51,1.27,1.3,1.39,1.29,8.93,1.26,-4.42,3.75,2.12,0.14,0.16,0.16,0.19,3.83,1.31,1.02,7.92,5.89
SURYODAY SMALL FINANCE BANK,BANKS,SMALL FINANCE BANKS,SMALL CAP,SURYODAY,175.09,1717.24,14.29,28.1,33.1,,1458.38,1886.5,2272.2,,195.54,223.7,,256.8,151.97,298.8,352.2,,12.25,6.23,5.29,,-874.76,608.1,705.0,,-0.6,0.32,0.31,,29.36,20.45,,24.82,,-169.52,15.93,,,,96.64,17.79,,52.19,,5.76,5.76,0.9,0.78,,0.68,0.78,0.73,1.18,0.91,0.76,,0.83,0.83,92.22,-1.21,,,,0.1,0.16,0.16,,5.42,-0.34,,21.96,,3789.0,14.29,28.1,33.1,11.05,2673.87,4230.6,4973.3,8266.24,195.54,223.7,240.52,256.8,151.97,675.45,476.05,1477.78,14.88,10.71,6.69,6.98,326.43,1321.6,1481.7,2214.97,0.29,0.32,0.35,0.3,33.85,18.79,19.41,26.31,21.32,25.3,22.64,1.81,31.15,16.84,52.36,25.72,25.65,43.68,30.29,126.17,9.63,8.29,1.08,0.95,1.04,0.82,0.95,0.88,2.28,1.51,1.27,1.3,1.39,1.29,8.93,1.26,-4.42,3.75,2.12,0.14,0.16,0.16,0.19,3.83,1.31,1.02,7.92,5.89
BAJAJ FINANCE,NBFC,RETAIL & MICROFINANCE,LARGE CAP,BAJFINANCE,961.8,578709.6,30.92,39.9,49.08,60.18,78324.28,63826.39,77200.59,93081.44,183.34,216.12,305.09,257.33,19537.06,24833.51,30489.08,37343.31,31.11,24.11,19.6,15.98,35563.72,40984.08,50107.08,58015.83,0.45,0.64,0.65,0.62,-18.51,20.95,20.57,-0.72,5.92,15.24,22.26,15.78,18.7,17.72,29.04,23.01,22.62,25.99,24.86,21.85,19.89,5.25,4.45,3.15,3.74,3.8,3.78,7.39,9.07,7.5,6.22,8.28,7.59,18.81,0.69,-2.58,19.56,11.14,0.25,0.39,0.39,0.4,13.96,0.59,0.63,25.83,17.16,13435.1,10.12,17.47,23.53,28.3,3257.3,3314.13,4162.7,5065.55,163.3,167.12,253.7,201.49,777.64,1261.98,1632.7,2445.34,23.89,17.87,15.35,12.15,1637.35,1904.67,2429.05,2691.63,0.45,0.55,0.6,0.45,11.67,18.81,16.44,13.58,5.98,-6.68,22.26,-7.68,8.8,-3.85,28.03,25.1,21.82,26.81,24.52,252.08,15.99,15.26,2.56,2.38,1.68,1.88,2.05,2.05,4.87,4.68,3.84,3.14,4.25,4.25,-3.67,0.73,-2.58,-1.03,-1.63,0.25,0.31,0.34,0.32,6.51,1.15,0.28,20.46,14.61
JIO FINANCIAL SERVICES,NBFC,RETAIL & MICROFINANCE,LARGE CAP,JIOFIN,244.45,158917.7,2.46,3.07,4.39,,3513.26,4008.1,5927.25,,210.69,234.0,,257.0,1532.33,1742.0,2337.0,,99.37,79.63,55.68,,878.34,742.5,3854.0,,0.25,0.19,0.65,,14.08,47.88,,29.89,,-15.47,419.06,,109.47,,24.8,43.0,,33.59,,67.65,67.65,1.16,1.04,,0.95,1.04,1.0,45.23,39.65,26.81,,33.23,33.23,-6.48,46.5,,61.27,,0.44,0.43,0.39,,-0.15,-4.03,,-4.92,,13435.1,10.12,17.47,23.53,28.3,3257.3,3314.13,4162.7,5065.55,163.3,167.12,253.7,201.49,777.64,1261.98,1632.7,2445.34,23.89,17.87,15.35,12.15,1637.35,1904.67,2429.05,2691.63,0.45,0.55,0.6,0.45,11.67,18.81,16.44,13.58,5.98,-6.68,22.26,-7.68,8.8,-3.85,28.03,25.1,21.82,26.81,24.52,252.08,15.99,15.26,2.56,2.38,1.68,1.88,2.05,2.05,4.87,4.68,3.84,3.14,4.25,4.25,-3.67,0.73,-2.58,-1.03,-1.63,0.25,0.31,0.34,0.32,6.51,1.15,0.28,20.46,14.61
SBI CARDS & PAYMENT SERVICES,NBFC,RETAIL & MICROFINANCE,MID CAP,SBICARD,616.9,59827.66,22.77,30.07,36.56,39.84,19899.63,19556.98,22184.28,23685.81,165.25,192.94,254.47,226.86,2166.71,2872.88,3505.01,3628.85,27.09,20.52,16.87,15.48,7875.58,7793.62,8559.9,7902.41,0.4,0.4,0.39,0.33,-1.72,13.43,6.77,5.58,5.98,-1.04,9.83,-7.68,4.25,0.11,32.05,21.6,8.97,26.72,20.5,18.69,17.62,3.73,3.2,2.42,2.72,2.81,2.78,3.01,3.06,2.7,2.53,2.88,2.76,0.27,-1.27,-5.22,-1.26,-5.53,0.11,0.15,0.16,0.15,3.8,1.11,-0.48,20.46,12.06,13435.1,10.12,17.47,23.53,28.3,3257.3,3314.13,4162.7,5065.55,163.3,167.12,253.7,201.49,777.64,1261.98,1632.7,2445.34,23.89,17.87,15.35,12.15,1637.35,1904.67,2429.05,2691.63,0.45,0.55,0.6,0.45,11.67,18.81,16.44,13.58,5.98,-6.68,22.26,-7.68,8.8,-3.85,28.03,25.1,21.82,26.81,24.52,252.08,15.99,15.26,2.56,2.38,1.68,1.88,2.05,2.05,4.87,4.68,3.84,3.14,4.25,4.25,-3.67,0.73,-2.58,-1.03,-1.63,0.25,0.31,0.34,0.32,6.51,1.15,0.28,20.46,14.61
ADITYA BIRLA FINANCIAL SERVICES,NBFC,RETAIL & MICROFINANCE,MID CAP,ABCAPITAL,375.9,95176.09,14.44,18.49,23.32,28.3,33995.2,44202.41,52415.42,61579.33,131.4,145.44,188.69,168.51,3818.43,4457.63,5703.62,6871.0,26.03,20.33,16.12,13.28,6993.39,8009.92,9895.75,12059.44,0.21,0.18,0.19,0.2,30.03,18.58,17.48,24.17,21.9,14.54,23.54,21.86,18.95,19.92,28.03,26.12,21.4,27.07,25.15,18.23,16.58,2.86,2.58,1.99,2.23,2.29,2.27,2.8,2.15,1.82,1.55,1.98,1.84,-2.45,0.76,0.7,-4.2,-1.63,0.11,0.1,0.11,0.11,-1.15,0.8,0.28,-1.57,-0.22,13435.1,10.12,17.47,23.53,28.3,3257.3,3314.13,4162.7,5065.55,163.3,167.12,253.7,201.49,777.64,1261.98,1632.7,2445.34,23.89,17.87,15.35,12.15,1637.35,1904.67,2429.05,2691.63,0.45,0.55,0.6,0.45,11.67,18.81,16.44,13.58,5.98,-6.68,22.26,-7.68,8.8,-3.85,28.03,25.1,21.82,26.81,24.52,252.08,15.99,15.26,2.56,2.38,1.68,1.88,2.05,2.05,4.87,4.68,3.84,3.14,4.25,4.25,-3.67,0.73,-2.58,-1.03,-1.63,0.25,0.31,0.34,0.32,6.51,1.15,0.28,20.46,14.61
L&T FINANCE HOLDINGS,NBFC,RETAIL & MICROFINANCE,MID CAP,LTF,286.5,70829.01,11.99,15.11,18.94,22.62,17917.03,13323.82,15873.84,17897.36,111.74,122.53,156.95,138.47,3009.69,3787.49,4773.76,5748.6,23.89,18.96,15.13,12.67,13493.64,7525.69,8597.23,3965.63,0.75,0.56,0.54,0.22,-25.64,19.14,12.75,-5.87,-0.04,-44.23,14.24,-53.87,-20.18,-33.51,26.06,25.29,19.46,25.67,23.57,17.04,15.58,2.56,2.34,1.83,2.07,2.08,2.08,3.95,5.32,4.46,3.96,4.89,4.58,-18.83,-2.32,-32.0,-15.2,-33.49,0.17,0.28,0.3,0.32,11.63,1.65,2.05,33.8,24.12,13435.1,10.12,17.47,23.53,28.3,3257.3,3314.13,4162.7,5065.55,163.3,167.12,253.7,201.49,777.64,1261.98,1632.7,2445.34,23.89,17.87,15.35,12.15,1637.35,1904.67,2429.05,2691.63,0.45,0.55,0.6,0.45,11.67,18.81,16.44,13.58,5.98,-6.68,22.26,-7.68,8.8,-3.85,28.03,25.1,21.82,26.81,24.52,252.08,15.99,15.26,2.56,2.38,1.68,1.88,2.05,2.05,4.87,4.68,3.84,3.14,4.25,4.25,-3.67,0.73,-2.58,-1.03,-1.63,0.25,0.31,0.34,0.32,6.51,1.15,0.28,20.46,14.61
CREDITACCESS GRAMEEN,NBFC,RETAIL & MICROFINANCE,SMALL CAP,CREDITACC,1406.4,20802.99,48.44,95.87,122.42,152.08,4163.46,4952.09,5883.68,6889.77,489.54,580.04,868.93,702.38,777.64,1524.38,1954.05,2445.34,29.03,14.67,11.49,9.25,4704.06,3439.58,4124.66,3207.36,1.13,0.69,0.7,0.47,18.94,18.81,17.1,18.88,18.28,-26.88,19.92,-22.24,-6.36,-11.98,97.91,27.69,24.23,58.97,46.43,13.08,11.8,2.87,2.42,1.62,2.0,2.02,2.02,5.0,4.2,3.54,3.02,3.87,3.59,-43.53,0.65,-23.55,-21.23,-25.59,0.19,0.31,0.33,0.35,12.1,2.43,2.28,33.35,23.86,13435.1,10.12,17.47,23.53,28.3,3257.3,3314.13,4162.7,5065.55,163.3,167.12,253.7,201.49,777.64,1261.98,1632.7,2445.34,23.89,17.87,15.35,12.15,1637.35,1904.67,2429.05,2691.63,0.45,0.55,0.6,0.45,11.67,18.81,16.44,13.58,5.98,-6.68,22.26,-7.68,8.8,-3.85,28.03,25.1,21.82,26.81,24.52,252.08,15.99,15.26,2.56,2.38,1.68,1.88,2.05,2.05,4.87,4.68,3.84,3.14,4.25,4.25,-3.67,0.73,-2.58,-1.03,-1.63,0.25,0.31,0.34,0.32,6.51,1.15,0.28,20.46,14.61
POONAWALLA FINCORP,NBFC,RETAIL & MICROFINANCE,SMALL CAP,POONAWALLA,426.7,35100.49,6.82,15.67,23.75,30.8,4028.98,5952.87,8287.1,,118.21,163.02,253.7,191.2,541.81,1311.57,2062.72,2911.7,62.57,27.24,17.97,13.85,1827.74,3239.42,5101.35,,0.45,0.54,0.62,,47.75,39.21,,43.42,,77.24,57.48,,67.06,,129.72,51.59,29.68,86.61,65.29,22.6,19.69,3.61,2.62,1.68,2.23,2.15,2.18,8.71,5.9,4.24,,5.07,5.07,9.05,7.14,,16.49,,0.13,0.22,0.25,,8.58,2.86,,36.05,,13435.1,10.12,17.47,23.53,28.3,3257.3,3314.13,4162.7,5065.55,163.3,167.12,253.7,201.49,777.64,1261.98,1632.7,2445.34,23.89,17.87,15.35,12.15,1637.35,1904.67,2429.05,2691.63,0.45,0.55,0.6,0.45,11.67,18.81,16.44,13.58,5.98,-6.68,22.26,-7.68,8.8,-3.85,28.03,25.1,21.82,26.81,24.52,252.08,15.99,15.26,2.56,2.38,1.68,1.88,2.05,2.05,4.87,4.68,3.84,3.14,4.25,4.25,-3.67,0.73,-2.58,-1.03,-1.63,0.25,0.31,0.34,0.32,6.51,1.15,0.28,20.46,14.61
FIVE-STAR BUSINESS FINANCE,NBFC,RETAIL & MICROFINANCE,SMALL CAP,FIVESTAR,519.45,13435.1,37.25,42.16,50.87,56.05,2508.78,2832.76,3068.68,3241.33,250.03,293.56,382.0,342.84,1098.75,1260.11,1514.38,1507.3,13.94,12.32,10.21,9.27,2172.16,1904.67,2291.22,2691.63,0.87,0.67,0.75,0.83,12.91,8.33,5.63,10.6,8.91,-12.31,20.29,17.48,2.7,7.41,13.19,20.65,10.18,16.86,14.59,11.27,10.6,2.08,1.77,1.36,1.52,1.56,1.55,5.36,4.74,4.38,4.14,4.56,4.42,-19.34,7.43,8.38,-7.14,-1.38,0.44,0.44,0.49,0.47,0.69,4.87,-2.85,6.15,2.02,13435.1,10.12,17.47,23.53,28.3,3257.3,3314.13,4162.7,5065.55,163.3,167.12,253.7,201.49,777.64,1261.98,1632.7,2445.34,23.89,17.87,15.35,12.15,1637.35,1904.67,2429.05,2691.63,0.45,0.55,0.6,0.45,11.67,18.81,16.44,13.58,5.98,-6.68,22.26,-7.68,8.8,-3.85,28.03,25.1,21.82,26.81,24.52,252.08,15.99,15.26,2.56,2.38,1.68,1.88,2.05,2.05,4.87,4.68,3.84,3.14,4.25,4.25,-3.67,0.73,-2.58,-1.03,-1.63,0.25,0.31,0.34,0.32,6.51,1.15,0.28,20.46,14.61
PIRAMAL ENTERPRISES,NBFC,RETAIL & MICROFINANCE,SMALL CAP,PEL,,25320.7,,,,,,,,,,,,,,,,,,,,,,,,,,,,,,,,,,,,,,,,,,,,,,,,,,,,,,,,,,,,,,,,,,,,,,,,13435.1,10.12,17.47,23.53,28.3,3257.3,3314.13,4162.7,5065.55,163.3,167.12,253.7,201.49,777.64,1261.98,1632.7,2445.34,23.89,17.87,15.35,12.15,1637.35,1904.67,2429.05,2691.63,0.45,0.55,0.6,0.45,11.67,18.81,16.44,13.58,5.98,-6.68,22.26,-7.68,8.8,-3.85,28.03,25.1,21.82,26.81,24.52,252.08,15.99,15.26,2.56,2.38,1.68,1.88,2.05,2.05,4.87,4.68,3.84,3.14,4.25,4.25,-3.67,0.73,-2.58,-1.03,-1.63,0.25,0.31,0.34,0.32,6.51,1.15,0.28,20.46,14.61
CAPRI GLOBAL CAPITAL,NBFC,RETAIL & MICROFINANCE,SMALL CAP,CGCL,220.96,18356.86,10.12,13.12,16.93,,3001.33,3314.13,4162.7,,,86.43,,125.33,949.15,1263.85,1632.7,,21.83,16.84,13.05,,1446.96,1934.13,2429.05,,0.48,0.58,0.58,,10.42,25.6,,17.77,,33.67,25.59,,29.57,,29.69,29.01,,29.35,,14.94,14.94,,2.56,,1.76,2.56,2.16,6.12,5.54,4.41,,4.97,4.97,10.15,-0.01,,10.02,,0.32,0.38,0.39,,6.51,1.09,,11.37,,13435.1,10.12,17.47,23.53,28.3,3257.3,3314.13,4162.7,5065.55,163.3,167.12,253.7,201.49,777.64,1261.98,1632.7,2445.34,23.89,17.87,15.35,12.15,1637.35,1904.67,2429.05,2691.63,0.45,0.55,0.6,0.45,11.67,18.81,16.44,13.58,5.98,-6.68,22.26,-7.68,8.8,-3.85,28.03,25.1,21.82,26.81,24.52,252.08,15.99,15.26,2.56,2.38,1.68,1.88,2.05,2.05,4.87,4.68,3.84,3.14,4.25,4.25,-3.67,0.73,-2.58,-1.03,-1.63,0.25,0.31,0.34,0.32,6.51,1.15,0.28,20.46,14.61
SBFC FINANCE,NBFC,RETAIL & MICROFINANCE,SMALL CAP,SBFC,95.4,10161.66,4.1,5.01,6.13,7.85,1679.5,1420.52,1629.5,1807.7,33.69,38.43,53.2,44.64,450.83,553.37,681.34,890.8,23.27,19.03,15.57,12.15,1140.97,895.45,1089.38,1324.37,0.68,0.63,0.67,0.73,-15.42,14.71,10.94,-1.5,2.48,-21.52,21.66,21.57,-2.29,5.09,22.29,22.24,28.08,22.27,24.17,17.3,15.58,2.83,2.48,1.79,2.14,2.14,2.14,6.05,7.15,6.24,5.62,6.69,6.34,-4.9,3.82,6.41,-0.8,2.55,0.27,0.39,0.42,0.49,12.11,2.86,7.47,24.81,22.44,13435.1,10.12,17.47,23.53,28.3,3257.3,3314.13,4162.7,5065.55,163.3,167.12,253.7,201.49,777.64,1261.98,1632.7,2445.34,23.89,17.87,15.35,12.15,1637.35,1904.67,2429.05,2691.63,0.45,0.55,0.6,0.45,11.67,18.81,16.44,13.58,5.98,-6.68,22.26,-7.68,8.8,-3.85,28.03,25.1,21.82,26.81,24.52,252.08,15.99,15.26,2.56,2.38,1.68,1.88,2.05,2.05,4.87,4.68,3.84,3.14,4.25,4.25,-3.67,0.73,-2.58,-1.03,-1.63,0.25,0.31,0.34,0.32,6.51,1.15,0.28,20.46,14.61
SPANDANA SPHOORTY FINANCIAL,NBFC,RETAIL & MICROFINANCE,SMALL CAP,SPANDANA,254.7,1864.06,-91.01,16.45,37.6,,,,,,298.63,278.0,,315.5,-699.09,144.35,331.3,,-2.8,15.48,6.77,,-204.77,324.3,582.05,,,,,,,,,,,-258.37,79.48,,,,-118.07,128.57,,,,11.13,11.13,0.85,0.92,,0.81,0.92,0.86,,,,,,,,,,,,,,,,,,,,,13435.1,10.12,17.47,23.53,28.3,3257.3,3314.13,4162.7,5065.55,163.3,167.12,253.7,201.49,777.64,1261.98,1632.7,2445.34,23.89,17.87,15.35,12.15,1637.35,1904.67,2429.05,2691.63,0.45,0.55,0.6,0.45,11.67,18.81,16.44,13.58,5.98,-6.68,22.26,-7.68,8.8,-3.85,28.03,25.1,21.82,26.81,24.52,252.08,15.99,15.26,2.56,2.38,1.68,1.88,2.05,2.05,4.87,4.68,3.84,3.14,4.25,4.25,-3.67,0.73,-2.58,-1.03,-1.63,0.25,0.31,0.34,0.32,6.51,1.15,0.28,20.46,14.61
FUSION MICRO FINANCE,NBFC,RETAIL & MICROFINANCE,SMALL CAP,FUSION,179.26,2824.43,,37.84,49.26,-105.92,1525.0,1250.56,1376.19,1731.16,163.3,150.49,195.36,168.63,,381.73,515.49,-1200.97,,4.74,3.64,-1.69,,598.25,904.07,-1156.47,,0.48,0.66,-0.67,-18.0,10.05,25.79,-5.0,4.32,,51.12,-227.92,,,,30.18,-315.01,,,4.19,2.23,1.1,1.19,0.92,1.06,1.05,1.06,1.85,2.26,2.05,1.63,2.16,1.98,,17.86,-132.5,,,,0.31,0.37,-0.69,,6.93,-106.83,,,13435.1,10.12,17.47,23.53,28.3,3257.3,3314.13,4162.7,5065.55,163.3,167.12,253.7,201.49,777.64,1261.98,1632.7,2445.34,23.89,17.87,15.35,12.15,1637.35,1904.67,2429.05,2691.63,0.45,0.55,0.6,0.45,11.67,18.81,16.44,13.58,5.98,-6.68,22.26,-7.68,8.8,-3.85,28.03,25.1,21.82,26.81,24.52,252.08,15.99,15.26,2.56,2.38,1.68,1.88,2.05,2.05,4.87,4.68,3.84,3.14,4.25,4.25,-3.67,0.73,-2.58,-1.03,-1.63,0.25,0.31,0.34,0.32,6.51,1.15,0.28,20.46,14.61
FEDBANK FINANCIAL SERVICES,NBFC,RETAIL & MICROFINANCE,SMALL CAP,FEDFINA,154.57,6054.29,9.12,12.71,15.88,21.4,1347.29,1732.4,2096.9,,78.2,90.98,128.6,106.75,343.6,477.93,603.27,801.7,16.95,12.16,9.73,7.22,576.28,634.23,769.13,450.0,0.43,0.37,0.37,,28.58,21.04,,24.76,,10.06,21.27,-41.49,15.53,-7.91,39.4,24.91,34.76,31.96,32.88,10.95,9.7,1.98,1.7,1.2,1.45,1.45,1.45,4.49,3.49,2.89,,3.19,3.19,-6.16,0.07,,-7.4,,0.26,0.28,0.29,,2.08,1.18,,6.21,,13435.1,10.12,17.47,23.53,28.3,3257.3,3314.13,4162.7,5065.55,163.3,167.12,253.7,201.49,777.64,1261.98,1632.7,2445.34,23.89,17.87,15.35,12.15,1637.35,1904.67,2429.05,2691.63,0.45,0.55,0.6,0.45,11.67,18.81,16.44,13.58,5.98,-6.68,22.26,-7.68,8.8,-3.85,28.03,25.1,21.82,26.81,24.52,252.08,15.99,15.26,2.56,2.38,1.68,1.88,2.05,2.05,4.87,4.68,3.84,3.14,4.25,4.25,-3.67,0.73,-2.58,-1.03,-1.63,0.25,0.31,0.34,0.32,6.51,1.15,0.28,20.46,14.61
MAS FINANCIAL SERVICES,NBFC,RETAIL & MICROFINANCE,SMALL CAP,MASFIN,319.05,5556.1,17.23,20.28,24.63,30.0,1768.51,1188.13,1452.0,,162.72,171.22,267.1,211.78,305.9,453.34,494.0,,18.52,15.73,12.96,10.64,663.58,752.34,785.44,520.0,0.38,0.63,0.54,,-32.82,22.21,,-9.39,,13.38,4.4,-33.8,8.8,-7.81,17.7,21.43,21.82,19.55,20.3,14.34,13.11,1.96,1.86,1.19,1.51,1.53,1.52,3.14,4.68,3.83,,4.25,4.25,25.8,-9.23,,20.07,,0.17,0.38,0.34,,20.86,-4.13,,40.25,,13435.1,10.12,17.47,23.53,28.3,3257.3,3314.13,4162.7,5065.55,163.3,167.12,253.7,201.49,777.64,1261.98,1632.7,2445.34,23.89,17.87,15.35,12.15,1637.35,1904.67,2429.05,2691.63,0.45,0.55,0.6,0.45,11.67,18.81,16.44,13.58,5.98,-6.68,22.26,-7.68,8.8,-3.85,28.03,25.1,21.82,26.81,24.52,252.08,15.99,15.26,2.56,2.38,1.68,1.88,2.05,2.05,4.87,4.68,3.84,3.14,4.25,4.25,-3.67,0.73,-2.58,-1.03,-1.63,0.25,0.31,0.34,0.32,6.51,1.15,0.28,20.46,14.61
MUTHOOT MICROFIN,NBFC,RETAIL & MICROFINANCE,SMALL CAP,MUTHOOTMF,203.77,2988.26,,,,,,,,,,,,,,,,,,,,,,,,,,,,,,,,,,,,,,,,,,,,,,,,,,,,,,,,,,,,,,,,,,,,,,,,13435.1,10.12,17.47,23.53,28.3,3257.3,3314.13,4162.7,5065.55,163.3,167.12,253.7,201.49,777.64,1261.98,1632.7,2445.34,23.89,17.87,15.35,12.15,1637.35,1904.67,2429.05,2691.63,0.45,0.55,0.6,0.45,11.67,18.81,16.44,13.58,5.98,-6.68,22.26,-7.68,8.8,-3.85,28.03,25.1,21.82,26.81,24.52,252.08,15.99,15.26,2.56,2.38,1.68,1.88,2.05,2.05,4.87,4.68,3.84,3.14,4.25,4.25,-3.67,0.73,-2.58,-1.03,-1.63,0.25,0.31,0.34,0.32,6.51,1.15,0.28,20.46,14.61
PAISALO DIGITAL,NBFC,RETAIL & MICROFINANCE,SMALL CAP,PAISALO,58.81,4473.02,2.62,3.11,3.72,4.18,943.7,1082.61,1282.31,1484.79,19.71,21.0,29.0,25.0,237.21,302.06,360.84,405.24,22.45,18.91,15.81,14.07,,,,,,,,,14.72,18.45,15.79,16.57,16.31,,,,,,18.7,19.61,12.37,19.16,16.85,17.36,16.26,2.98,2.8,2.03,2.35,2.41,2.39,4.74,4.13,3.49,3.01,3.81,3.54,,,,,,0.25,0.28,0.28,0.27,2.77,0.24,-0.85,5.81,2.78,13435.1,10.12,17.47,23.53,28.3,3257.3,3314.13,4162.7,5065.55,163.3,167.12,253.7,201.49,777.64,1261.98,1632.7,2445.34,23.89,17.87,15.35,12.15,1637.35,1904.67,2429.05,2691.63,0.45,0.55,0.6,0.45,11.67,18.81,16.44,13.58,5.98,-6.68,22.26,-7.68,8.8,-3.85,28.03,25.1,21.82,26.81,24.52,252.08,15.99,15.26,2.56,2.38,1.68,1.88,2.05,2.05,4.87,4.68,3.84,3.14,4.25,4.25,-3.67,0.73,-2.58,-1.03,-1.63,0.25,0.31,0.34,0.32,6.51,1.15,0.28,20.46,14.61
PTC INDIA FINL.SVS.,NBFC,RETAIL & MICROFINANCE,SMALL CAP,PFS,31.05,1969.24,,,,,,,,,,,,,,,,,,,,,,,,,,,,,,,,,,,,,,,,,,,,,,,,,,,,,,,,,,,,,,,,,,,,,,,,13435.1,10.12,17.47,23.53,28.3,3257.3,3314.13,4162.7,5065.55,163.3,167.12,253.7,201.49,777.64,1261.98,1632.7,2445.34,23.89,17.87,15.35,12.15,1637.35,1904.67,2429.05,2691.63,0.45,0.55,0.6,0.45,11.67,18.81,16.44,13.58,5.98,-6.68,22.26,-7.68,8.8,-3.85,28.03,25.1,21.82,26.81,24.52,252.08,15.99,15.26,2.56,2.38,1.68,1.88,2.05,2.05,4.87,4.68,3.84,3.14,4.25,4.25,-3.67,0.73,-2.58,-1.03,-1.63,0.25,0.31,0.34,0.32,6.51,1.15,0.28,20.46,14.61
INDOSTAR CAPITAL FINANCE,NBFC,RETAIL & MICROFINANCE,SMALL CAP,INDOSTAR,249.47,3414.37,8.57,36.1,13.8,21.3,,781.7,888.8,1046.8,267.12,261.0,296.0,275.0,120.52,596.3,,,29.11,6.91,18.08,11.71,787.9,252.7,343.1,470.7,,0.32,0.39,0.45,,13.7,17.78,,,-67.93,35.77,37.19,-34.01,-15.78,321.24,-61.77,54.35,26.9,35.46,12.49,12.23,0.93,0.96,0.84,0.91,0.9,0.9,,4.37,3.84,3.26,4.1,3.82,,6.28,6.36,,,,0.76,,,,,,,,13435.1,10.12,17.47,23.53,28.3,3257.3,3314.13,4162.7,5065.55,163.3,167.12,253.7,201.49,777.64,1261.98,1632.7,2445.34,23.89,17.87,15.35,12.15,1637.35,1904.67,2429.05,2691.63,0.45,0.55,0.6,0.45,11.67,18.81,16.44,13.58,5.98,-6.68,22.26,-7.68,8.8,-3.85,28.03,25.1,21.82,26.81,24.52,252.08,15.99,15.26,2.56,2.38,1.68,1.88,2.05,2.05,4.87,4.68,3.84,3.14,4.25,4.25,-3.67,0.73,-2.58,-1.03,-1.63,0.25,0.31,0.34,0.32,6.51,1.15,0.28,20.46,14.61
CHOLAMANDALAM INV.& FIN.,NBFC,ASSET FINANCE,LARGE CAP,CHOLAFIN,1693.4,133584.7,61.68,77.0,95.53,119.66,30981.74,20834.01,24911.7,33368.6,356.84,426.09,626.64,517.17,5219.59,6594.11,8118.71,10118.98,27.45,21.99,17.73,14.15,10083.04,13360.28,15980.5,18020.34,0.33,0.64,0.64,0.54,-32.75,19.57,33.95,-10.33,2.5,32.5,19.61,12.76,25.89,21.35,24.83,24.06,25.27,24.45,24.72,19.86,17.96,4.75,3.97,2.7,3.27,3.34,3.32,4.31,6.41,5.36,4.0,5.89,5.26,31.58,0.02,-10.14,40.39,18.39,0.17,0.32,0.33,0.3,14.8,0.94,-2.27,39.08,21.64,90553.7,57.4,66.84,82.73,101.6,18382.9,16074.8,18828.86,23991.17,353.02,459.31,622.55,532.69,4038.13,5195.15,6256.53,7358.85,23.16,19.83,16.03,13.07,8157.11,10034.27,11790.86,13041.25,0.65,0.67,0.67,0.62,16.16,17.52,17.13,15.09,15.17,24.8,17.95,14.41,21.94,19.56,16.99,20.08,17.68,16.86,16.34,1347.65,17.93,16.31,3.67,3.0,2.16,2.55,2.58,2.57,6.36,6.6,5.49,4.38,6.05,5.49,1.52,0.43,-2.23,1.53,1.03,0.33,0.37,0.38,0.37,3.75,1.17,-0.92,7.62,3.67
SHRIRAM FINANCE,NBFC,ASSET FINANCE,LARGE CAP,SHRIRAMFIN,1001.9,224024.7,53.11,56.68,69.94,83.54,26657.57,33013.86,39843.03,47106.14,349.2,492.52,618.46,548.21,9998.15,13112.25,16411.53,19691.57,18.86,17.68,14.33,11.99,18631.33,23958.21,29223.74,34558.57,0.7,0.73,0.73,0.73,23.84,20.69,18.23,22.25,20.9,28.59,21.98,18.26,25.24,22.87,6.73,23.38,19.46,14.75,16.3,16.0,14.66,2.87,2.03,1.62,1.83,1.83,1.83,8.4,6.79,5.62,4.76,6.2,5.72,2.68,0.78,0.02,2.44,1.63,0.38,0.4,0.41,0.42,2.21,1.47,0.61,4.8,3.68,90553.7,57.4,66.84,82.73,101.6,18382.9,16074.8,18828.86,23991.17,353.02,459.31,622.55,532.69,4038.13,5195.15,6256.53,7358.85,23.16,19.83,16.03,13.07,8157.11,10034.27,11790.86,13041.25,0.65,0.67,0.67,0.62,16.16,17.52,17.13,15.09,15.17,24.8,17.95,14.41,21.94,19.56,16.99,20.08,17.68,16.86,16.34,1347.65,17.93,16.31,3.67,3.0,2.16,2.55,2.58,2.57,6.36,6.6,5.49,4.38,6.05,5.49,1.52,0.43,-2.23,1.53,1.03,0.33,0.37,0.38,0.37,3.75,1.17,-0.92,7.62,3.67
SUNDARAM FINANCE,NBFC,ASSET FINANCE,MID CAP,SUNDARMFIN,4475.5,47522.69,138.85,161.72,188.87,218.89,3342.12,4023.23,4645.13,5389.87,1002.58,1104.14,1438.21,1249.7,1542.65,1761.23,2098.67,2457.6,32.23,27.67,23.7,20.45,2303.19,2787.26,3241.31,3761.73,0.69,0.69,0.7,0.7,20.38,15.46,16.03,17.89,17.27,21.02,16.29,16.06,18.63,17.77,16.47,16.79,15.89,16.63,16.38,25.69,23.94,4.46,4.05,3.11,3.58,3.58,3.58,14.22,11.81,10.23,8.82,11.02,10.29,0.37,0.5,0.01,0.63,0.42,0.46,0.44,0.45,0.46,-2.38,1.4,0.42,-1.06,-0.41,90553.7,57.4,66.84,82.73,101.6,18382.9,16074.8,18828.86,23991.17,353.02,459.31,622.55,532.69,4038.13,5195.15,6256.53,7358.85,23.16,19.83,16.03,13.07,8157.11,10034.27,11790.86,13041.25,0.65,0.67,0.67,0.62,16.16,17.52,17.13,15.09,15.17,24.8,17.95,14.41,21.94,19.56,16.99,20.08,17.68,16.86,16.34,1347.65,17.93,16.31,3.67,3.0,2.16,2.55,2.58,2.57,6.36,6.6,5.49,4.38,6.05,5.49,1.52,0.43,-2.23,1.53,1.03,0.33,0.37,0.38,0.37,3.75,1.17,-0.92,7.62,3.67
MAHA.& MAHA.FINL.SVS.,NBFC,ASSET FINANCE,MID CAP,M&MFIN,294.1,42395.03,20.87,24.53,28.62,31.82,10108.23,11315.58,12746.02,14613.74,178.18,195.72,243.0,226.07,2856.67,3796.2,4394.35,4598.72,14.09,11.99,10.28,9.24,6231.18,6708.27,7601.22,8062.16,0.62,0.59,0.6,0.55,11.94,12.64,14.65,12.29,13.07,7.66,13.31,6.06,10.45,8.97,17.52,16.67,11.19,17.09,15.09,11.13,10.5,1.65,1.5,1.21,1.3,1.36,1.34,4.19,3.75,3.33,2.9,3.54,3.32,-2.36,0.35,-4.47,-1.64,-3.63,0.28,0.34,0.34,0.31,5.29,0.93,-3.01,10.45,3.65,90553.7,57.4,66.84,82.73,101.6,18382.9,16074.8,18828.86,23991.17,353.02,459.31,622.55,532.69,4038.13,5195.15,6256.53,7358.85,23.16,19.83,16.03,13.07,8157.11,10034.27,11790.86,13041.25,0.65,0.67,0.67,0.62,16.16,17.52,17.13,15.09,15.17,24.8,17.95,14.41,21.94,19.56,16.99,20.08,17.68,16.86,16.34,1347.65,17.93,16.31,3.67,3.0,2.16,2.55,2.58,2.57,6.36,6.6,5.49,4.38,6.05,5.49,1.52,0.43,-2.23,1.53,1.03,0.33,0.37,0.38,0.37,3.75,1.17,-0.92,7.62,3.67
LIC HOUSING FINANCE,NBFC,HOUSING FINANCE,MID CAP,LICHSGFIN,549.9,29931.67,101.72,104.09,112.32,114.55,8996.47,9255.67,10074.91,10308.37,,838.24,1025.14,936.58,5595.15,5704.88,6156.21,6451.62,5.41,5.28,4.9,4.8,7634.65,7926.78,8360.79,8642.42,0.85,0.86,0.83,0.84,2.88,8.85,2.32,5.82,4.64,3.83,5.48,3.37,4.65,4.22,2.33,7.91,1.99,5.08,4.04,5.09,4.99,,0.66,0.54,0.59,0.6,0.59,3.33,3.23,2.97,2.9,3.1,3.04,0.78,-2.66,0.85,-1.11,-0.4,0.62,0.62,0.61,0.63,-0.56,-0.53,1.48,-0.88,0.21,16232.24,51.59,64.19,76.46,90.62,2192.24,1894.36,2255.65,2694.08,294.0,476.54,620.7,547.98,1085.75,1115.17,1304.29,1730.74,14.32,12.33,10.43,9.34,1489.41,1488.89,1755.16,2032.68,0.74,0.76,0.7,0.75,2.88,18.87,16.31,5.82,11.31,14.65,18.39,15.81,13.47,16.89,16.1,18.24,18.48,16.7,17.29,532.5,11.38,10.56,2.67,2.28,1.71,1.94,1.97,1.96,5.94,6.9,5.78,5.13,6.37,5.95,-0.36,-0.16,0.34,-0.41,-0.4,0.43,0.57,0.55,0.56,-0.56,0.19,1.38,-0.09,0.21
BAJAJ HOUSING FINANCE,NBFC,HOUSING FINANCE,LARGE CAP,BAJAJHFL,88.36,70835.24,3.09,3.64,4.35,5.18,4390.9,5245.16,6297.31,7402.86,27.04,30.88,39.96,35.1,2573.48,3012.29,3628.39,4426.4,28.6,24.25,20.31,17.05,3520.75,4184.71,5104.54,6114.13,0.8,0.8,0.81,0.83,19.46,20.06,17.56,19.76,19.02,18.86,21.98,19.78,20.41,20.2,17.9,19.41,19.1,18.65,18.8,22.28,20.54,3.27,2.86,2.21,2.52,2.54,2.53,16.13,13.5,11.25,9.57,12.38,11.44,-0.4,1.28,1.53,0.54,0.99,0.59,0.57,0.58,0.6,-1.18,0.19,2.18,-0.85,0.67,16232.24,51.59,64.19,76.46,90.62,2192.24,1894.36,2255.65,2694.08,294.0,476.54,620.7,547.98,1085.75,1115.17,1304.29,1730.74,14.32,12.33,10.43,9.34,1489.41,1488.89,1755.16,2032.68,0.74,0.76,0.7,0.75,2.88,18.87,16.31,5.82,11.31,14.65,18.39,15.81,13.47,16.89,16.1,18.24,18.48,16.7,17.29,532.5,11.38,10.56,2.67,2.28,1.71,1.94,1.97,1.96,5.94,6.9,5.78,5.13,6.37,5.95,-0.36,-0.16,0.34,-0.41,-0.4,0.43,0.57,0.55,0.56,-0.56,0.19,1.38,-0.09,0.21
HOUSING AND URBAN DEVELOPMENT CORPORATION,NBFC,HOUSING FINANCE,MID CAP,HUDCO,208.65,41367.28,20.15,19.15,24.1,,11975.4,5833.3,7298.7,,102.57,113.4,,132.75,4034.37,3850.7,4866.6,,10.35,10.9,8.66,,11987.93,5240.55,3265.35,,1.0,0.9,0.45,,-51.29,25.12,,-21.93,,-56.28,-37.69,,-47.81,,-4.96,25.85,,9.36,,9.78,9.78,2.03,1.84,,1.57,1.84,1.71,3.45,7.09,5.67,,6.38,6.38,-10.27,-45.1,,-33.15,,0.34,0.66,0.67,,32.32,0.67,,40.68,,16232.24,51.59,64.19,76.46,90.62,2192.24,1894.36,2255.65,2694.08,294.0,476.54,620.7,547.98,1085.75,1115.17,1304.29,1730.74,14.32,12.33,10.43,9.34,1489.41,1488.89,1755.16,2032.68,0.74,0.76,0.7,0.75,2.88,18.87,16.31,5.82,11.31,14.65,18.39,15.81,13.47,16.89,16.1,18.24,18.48,16.7,17.29,532.5,11.38,10.56,2.67,2.28,1.71,1.94,1.97,1.96,5.94,6.9,5.78,5.13,6.37,5.95,-0.36,-0.16,0.34,-0.41,-0.4,0.43,0.57,0.55,0.56,-0.56,0.19,1.38,-0.09,0.21
PNB HOUSING FINANCE,NBFC,HOUSING FINANCE,SMALL CAP,PNBHOUSING,1003.0,28472.05,87.8,90.56,103.99,116.17,3504.8,4126.69,4881.76,5554.16,737.64,820.21,1024.01,914.94,2291.24,2339.87,2689.81,2932.7,11.42,11.08,9.65,8.63,2584.46,3120.24,3700.37,4228.67,0.74,0.76,0.76,0.76,17.74,18.3,13.77,18.02,16.59,20.73,18.59,14.28,19.66,17.84,3.14,14.82,11.72,8.83,9.78,10.36,9.78,1.36,1.22,0.98,1.1,1.1,1.1,8.12,6.9,5.83,5.13,6.37,5.95,1.87,0.19,0.34,1.39,1.07,0.65,0.57,0.55,0.53,-8.67,-1.6,-2.3,-8.19,-6.87,16232.24,51.59,64.19,76.46,90.62,2192.24,1894.36,2255.65,2694.08,294.0,476.54,620.7,547.98,1085.75,1115.17,1304.29,1730.74,14.32,12.33,10.43,9.34,1489.41,1488.89,1755.16,2032.68,0.74,0.76,0.7,0.75,2.88,18.87,16.31,5.82,11.31,14.65,18.39,15.81,13.47,16.89,16.1,18.24,18.48,16.7,17.29,532.5,11.38,10.56,2.67,2.28,1.71,1.94,1.97,1.96,5.94,6.9,5.78,5.13,6.37,5.95,-0.36,-0.16,0.34,-0.41,-0.4,0.43,0.57,0.55,0.56,-0.56,0.19,1.38,-0.09,0.21
AADHAR HOUSING FINANCE,NBFC,HOUSING FINANCE,SMALL CAP,AADHARHFC,515.1,20870.56,25.12,30.99,37.17,46.89,3672.58,2775.84,3306.83,,173.07,204.11,288.42,240.85,1111.8,1338.31,1599.23,1957.88,20.51,16.62,13.86,10.98,1489.41,1791.32,2161.0,2573.19,0.41,0.65,0.65,,-24.42,19.13,,-5.11,,20.27,20.64,19.07,20.45,19.99,23.38,19.94,26.15,21.65,23.13,15.24,13.82,2.98,2.52,1.79,2.14,2.15,2.15,5.68,7.52,6.31,,6.91,6.91,23.98,0.82,,26.94,,0.3,0.48,0.48,,17.94,0.15,,26.39,,16232.24,51.59,64.19,76.46,90.62,2192.24,1894.36,2255.65,2694.08,294.0,476.54,620.7,547.98,1085.75,1115.17,1304.29,1730.74,14.32,12.33,10.43,9.34,1489.41,1488.89,1755.16,2032.68,0.74,0.76,0.7,0.75,2.88,18.87,16.31,5.82,11.31,14.65,18.39,15.81,13.47,16.89,16.1,18.24,18.48,16.7,17.29,532.5,11.38,10.56,2.67,2.28,1.71,1.94,1.97,1.96,5.94,6.9,5.78,5.13,6.37,5.95,-0.36,-0.16,0.34,-0.41,-0.4,0.43,0.57,0.55,0.56,-0.56,0.19,1.38,-0.09,0.21
APTUS VALUE HOUSING FINANCE INDIA,NBFC,HOUSING FINANCE,SMALL CAP,APTUS,269.75,13029.32,18.84,21.87,25.86,30.28,2192.24,1894.36,2255.65,2694.08,101.05,117.79,163.24,139.29,942.94,1104.31,1304.29,1503.6,14.32,12.33,10.43,8.91,1272.66,1482.58,1755.16,2032.68,0.58,0.78,0.78,0.75,-13.59,19.07,19.44,1.44,7.11,16.49,18.39,15.81,17.44,16.89,16.1,18.24,17.08,17.17,17.14,11.38,10.56,2.67,2.29,1.65,1.94,1.97,1.96,5.94,6.88,5.78,4.84,6.33,5.83,20.21,-0.45,-2.36,15.77,9.13,0.43,0.58,0.58,0.56,15.28,-0.47,-2.01,15.95,9.07,16232.24,51.59,64.19,76.46,90.62,2192.24,1894.36,2255.65,2694.08,294.0,476.54,620.7,547.98,1085.75,1115.17,1304.29,1730.74,14.32,12.33,10.43,9.34,1489.41,1488.89,1755.16,2032.68,0.74,0.76,0.7,0.75,2.88,18.87,16.31,5.82,11.31,14.65,18.39,15.81,13.47,16.89,16.1,18.24,18.48,16.7,17.29,532.5,11.38,10.56,2.67,2.28,1.71,1.94,1.97,1.96,5.94,6.9,5.78,5.13,6.37,5.95,-0.36,-0.16,0.34,-0.41,-0.4,0.43,0.57,0.55,0.56,-0.56,0.19,1.38,-0.09,0.21
AAVAS FINANCIERS,NBFC,HOUSING FINANCE,SMALL CAP,AAVAS,1471.9,11047.16,71.97,83.59,98.02,116.13,1350.95,1584.85,1849.23,2150.88,550.93,634.22,849.23,733.63,574.11,661.5,775.68,915.05,20.45,17.61,15.02,12.68,759.71,871.01,907.95,1070.36,0.56,0.55,0.49,0.5,17.31,16.68,16.31,17.0,16.77,14.65,4.24,17.89,9.32,12.11,16.15,17.25,18.48,16.7,17.29,16.31,15.1,2.67,2.32,1.73,2.01,2.03,2.02,8.18,6.97,5.97,5.14,6.47,6.03,-1.28,-5.86,0.66,-6.56,-3.99,0.42,0.42,0.42,0.43,-0.76,0.21,0.6,-0.65,0.04,16232.24,51.59,64.19,76.46,90.62,2192.24,1894.36,2255.65,2694.08,294.0,476.54,620.7,547.98,1085.75,1115.17,1304.29,1730.74,14.32,12.33,10.43,9.34,1489.41,1488.89,1755.16,2032.68,0.74,0.76,0.7,0.75,2.88,18.87,16.31,5.82,11.31,14.65,18.39,15.81,13.47,16.89,16.1,18.24,18.48,16.7,17.29,532.5,11.38,10.56,2.67,2.28,1.71,1.94,1.97,1.96,5.94,6.9,5.78,5.13,6.37,5.95,-0.36,-0.16,0.34,-0.41,-0.4,0.43,0.57,0.55,0.56,-0.56,0.19,1.38,-0.09,0.21
INDIABULLS HOUSING FIN,NBFC,HOUSING FINANCE,SMALL CAP,SAMMAANCAP,174.6,19435.17,,,,,,,,,,,,,,,,,,,,,,,,,,,,,,,,,,,,,,,,,,,,,,,,,,,,,,,,,,,,,,,,,,,,,,,,16232.24,51.59,64.19,76.46,90.62,2192.24,1894.36,2255.65,2694.08,294.0,476.54,620.7,547.98,1085.75,1115.17,1304.29,1730.74,14.32,12.33,10.43,9.34,1489.41,1488.89,1755.16,2032.68,0.74,0.76,0.7,0.75,2.88,18.87,16.31,5.82,11.31,14.65,18.39,15.81,13.47,16.89,16.1,18.24,18.48,16.7,17.29,532.5,11.38,10.56,2.67,2.28,1.71,1.94,1.97,1.96,5.94,6.9,5.78,5.13,6.37,5.95,-0.36,-0.16,0.34,-0.41,-0.4,0.43,0.57,0.55,0.56,-0.56,0.19,1.38,-0.09,0.21
CANFIN HOMES,NBFC,HOUSING FINANCE,SMALL CAP,CANFINHOME,885.35,11178.95,81.54,83.32,95.36,107.0,1655.01,1844.42,2096.23,2282.42,449.13,520.65,671.16,601.1,1085.75,1115.17,1274.77,1471.25,10.86,10.63,9.28,8.27,1343.18,1488.89,1548.53,1566.22,0.81,0.81,0.74,0.69,11.44,13.65,8.88,12.54,11.31,10.85,4.01,1.14,7.37,5.25,2.19,14.44,12.2,8.14,9.48,9.96,9.39,1.97,1.7,1.32,1.47,1.51,1.5,6.75,6.06,5.33,4.9,5.7,5.43,-0.43,-6.85,-5.25,-4.59,-5.44,0.66,0.6,0.61,0.64,-5.14,0.35,3.65,-3.72,-0.58,16232.24,51.59,64.19,76.46,90.62,2192.24,1894.36,2255.65,2694.08,294.0,476.54,620.7,547.98,1085.75,1115.17,1304.29,1730.74,14.32,12.33,10.43,9.34,1489.41,1488.89,1755.16,2032.68,0.74,0.76,0.7,0.75,2.88,18.87,16.31,5.82,11.31,14.65,18.39,15.81,13.47,16.89,16.1,18.24,18.48,16.7,17.29,532.5,11.38,10.56,2.67,2.28,1.71,1.94,1.97,1.96,5.94,6.9,5.78,5.13,6.37,5.95,-0.36,-0.16,0.34,-0.41,-0.4,0.43,0.57,0.55,0.56,-0.56,0.19,1.38,-0.09,0.21
HOME FIRST FINANCE INDIA,NBFC,HOUSING FINANCE,SMALL CAP,HOMEFIRST,1153.9,11353.59,51.59,64.19,76.46,90.62,1914.59,1399.8,1663.95,1956.51,417.58,476.54,620.7,547.98,540.38,650.54,775.78,939.18,22.37,17.98,15.09,12.73,1548.82,905.78,1077.38,1208.68,0.81,0.65,0.65,0.62,-26.89,18.87,17.58,-6.77,0.72,-41.52,18.95,12.19,-16.6,-7.93,24.43,19.12,18.51,21.74,20.66,16.53,15.27,2.76,2.42,1.86,2.11,2.14,2.13,5.93,8.11,6.82,5.8,7.47,6.91,-16.19,0.04,-2.97,-10.54,-8.6,0.28,0.46,0.47,0.48,18.25,0.15,1.38,28.52,19.37,16232.24,51.59,64.19,76.46,90.62,2192.24,1894.36,2255.65,2694.08,294.0,476.54,620.7,547.98,1085.75,1115.17,1304.29,1730.74,14.32,12.33,10.43,9.34,1489.41,1488.89,1755.16,2032.68,0.74,0.76,0.7,0.75,2.88,18.87,16.31,5.82,11.31,14.65,18.39,15.81,13.47,16.89,16.1,18.24,18.48,16.7,17.29,532.5,11.38,10.56,2.67,2.28,1.71,1.94,1.97,1.96,5.94,6.9,5.78,5.13,6.37,5.95,-0.36,-0.16,0.34,-0.41,-0.4,0.43,0.57,0.55,0.56,-0.56,0.19,1.38,-0.09,0.21
INDIA SHELTER FINANCE,NBFC,HOUSING FINANCE,SMALL CAP,INDIASHLTR,784.35,8488.5,45.13,56.38,69.1,84.0,1085.38,1334.73,1639.2,,294.0,343.3,458.0,403.53,505.06,599.0,761.48,,17.38,13.91,11.35,9.34,695.32,850.22,1041.51,1235.6,0.64,0.64,0.64,,22.97,22.81,,22.89,,22.28,22.5,18.64,22.39,21.12,24.92,22.57,21.56,23.74,23.01,12.63,11.53,2.67,2.28,1.71,1.94,2.0,1.98,7.82,6.36,5.18,,5.77,5.77,-0.36,-0.16,,-0.41,,0.47,0.45,0.46,,-1.66,1.58,,-0.09,,16232.24,51.59,64.19,76.46,90.62,2192.24,1894.36,2255.65,2694.08,294.0,476.54,620.7,547.98,1085.75,1115.17,1304.29,1730.74,14.32,12.33,10.43,9.34,1489.41,1488.89,1755.16,2032.68,0.74,0.76,0.7,0.75,2.88,18.87,16.31,5.82,11.31,14.65,18.39,15.81,13.47,16.89,16.1,18.24,18.48,16.7,17.29,532.5,11.38,10.56,2.67,2.28,1.71,1.94,1.97,1.96,5.94,6.9,5.78,5.13,6.37,5.95,-0.36,-0.16,0.34,-0.41,-0.4,0.43,0.57,0.55,0.56,-0.56,0.19,1.38,-0.09,0.21
REPCO HOME FIN.,NBFC,HOUSING FINANCE,SMALL CAP,REPCOHOME,393.65,2458.04,72.37,72.92,82.63,,1789.43,909.68,1025.4,,,662.68,,740.2,452.77,455.51,517.77,,5.44,5.4,4.76,,554.97,629.69,714.51,,0.31,0.69,0.7,,-49.16,12.72,,-24.3,,13.46,13.47,,13.47,,0.77,13.31,,6.85,,5.08,5.08,,0.59,,0.53,0.59,0.56,1.37,2.7,2.4,,2.55,2.55,38.21,0.46,,49.89,,0.25,0.5,0.5,,24.77,0.42,,41.27,,16232.24,51.59,64.19,76.46,90.62,2192.24,1894.36,2255.65,2694.08,294.0,476.54,620.7,547.98,1085.75,1115.17,1304.29,1730.74,14.32,12.33,10.43,9.34,1489.41,1488.89,1755.16,2032.68,0.74,0.76,0.7,0.75,2.88,18.87,16.31,5.82,11.31,14.65,18.39,15.81,13.47,16.89,16.1,18.24,18.48,16.7,17.29,532.5,11.38,10.56,2.67,2.28,1.71,1.94,1.97,1.96,5.94,6.9,5.78,5.13,6.37,5.95,-0.36,-0.16,0.34,-0.41,-0.4,0.43,0.57,0.55,0.56,-0.56,0.19,1.38,-0.09,0.21
MUTHOOT FINANCE,NBFC,GOLD FINANCE,MID CAP,MUTHOOTFIN,3126.1,133749.2,252.43,280.33,309.19,346.53,17658.87,19244.99,21799.87,24455.79,,1166.7,1756.82,1438.01,10134.08,10672.35,11560.41,13487.95,12.38,11.15,10.11,9.02,14115.34,16840.14,18665.88,22673.63,0.8,0.88,0.86,0.93,8.98,13.28,12.18,11.11,11.47,19.3,10.84,21.47,14.99,17.11,11.05,10.3,12.08,10.67,11.14,10.63,10.09,,2.68,1.78,2.17,2.23,2.21,7.57,6.95,6.14,5.47,6.54,6.18,7.57,-1.88,7.09,3.5,5.07,0.57,0.55,0.53,0.55,-1.93,-2.43,2.12,-3.87,-1.32,31021.58,38.75,57.7,71.72,86.14,14706.3,9620.97,13023.13,16329.51,327.3,380.42,525.14,445.29,1660.8,2266.8,2738.85,3730.5,13.74,11.15,10.11,9.02,9131.06,4896.6,5815.15,5944.5,0.58,0.53,0.57,0.55,-4.58,17.44,19.56,8.18,11.52,18.69,18.76,16.15,16.71,14.93,48.92,21.1,17.28,36.04,30.51,532.6,10.63,10.09,1.63,1.66,1.28,1.44,1.47,1.46,4.65,4.36,3.71,3.1,4.03,3.72,11.59,-1.88,-1.62,8.0,3.06,0.36,0.31,0.33,0.37,3.75,-2.43,2.12,8.99,3.89
IIFL FINANCE,NBFC,GOLD FINANCE,SMALL CAP,IIFL,532.6,20200.8,38.75,57.7,71.72,86.14,11753.72,9620.97,13023.13,16329.51,327.3,380.42,525.14,445.29,1660.8,2266.8,2732.1,2996.5,13.74,9.23,7.43,6.18,4146.77,4896.6,5815.15,5944.5,0.35,0.51,0.45,0.36,-18.15,35.36,25.39,5.26,11.58,18.08,18.76,2.22,18.42,12.75,48.92,24.28,20.11,36.04,30.51,8.33,7.61,1.63,1.4,1.01,1.2,1.21,1.2,1.72,2.1,1.55,1.24,1.83,1.63,15.61,-6.24,-8.25,12.5,1.05,0.14,0.24,0.21,0.18,9.43,-2.58,-2.63,21.85,9.1,31021.58,38.75,57.7,71.72,86.14,14706.3,9620.97,13023.13,16329.51,327.3,380.42,525.14,445.29,1660.8,2266.8,2738.85,3730.5,13.74,11.15,10.11,9.02,9131.06,4896.6,5815.15,5944.5,0.58,0.53,0.57,0.55,-4.58,17.44,19.56,8.18,11.52,18.69,18.76,16.15,16.71,14.93,48.92,21.1,17.28,36.04,30.51,532.6,10.63,10.09,1.63,1.66,1.28,1.44,1.47,1.46,4.65,4.36,3.71,3.1,4.03,3.72,11.59,-1.88,-1.62,8.0,3.06,0.36,0.31,0.33,0.37,3.75,-2.43,2.12,8.99,3.89
MANAPPURAM FINANCE,NBFC,GOLD FINANCE,SMALL CAP,MANAPPURAM,318.65,31021.58,11.71,23.42,28.36,33.27,,7120.01,8361.72,9997.55,,191.43,249.31,221.34,1003.3,2196.2,2738.85,3730.5,27.21,13.6,11.23,9.58,,3807.87,4737.63,5502.52,,0.53,0.57,0.55,,17.44,19.56,,,,24.42,16.15,,,100.02,21.1,17.28,55.64,41.63,12.42,11.47,,1.66,1.28,1.44,1.47,1.46,,4.36,3.71,3.1,4.03,3.72,,3.18,-1.62,,,,0.31,0.33,0.37,,1.91,4.56,,,31021.58,38.75,57.7,71.72,86.14,14706.3,9620.97,13023.13,16329.51,327.3,380.42,525.14,445.29,1660.8,2266.8,2738.85,3730.5,13.74,11.15,10.11,9.02,9131.06,4896.6,5815.15,5944.5,0.58,0.53,0.57,0.55,-4.58,17.44,19.56,8.18,11.52,18.69,18.76,16.15,16.71,14.93,48.92,21.1,17.28,36.04,30.51,532.6,10.63,10.09,1.63,1.66,1.28,1.44,1.47,1.46,4.65,4.36,3.71,3.1,4.03,3.72,11.59,-1.88,-1.62,8.0,3.06,0.36,0.31,0.33,0.37,3.75,-2.43,2.12,8.99,3.89
INDIAN RAILWAY FINANCE,NBFC,INFRASTRUCTURE,LARGE CAP,IRFC,99.51,129744.1,5.36,6.9,7.3,,27284.15,,,,43.42,46.7,,50.3,7009.17,,,,18.57,14.42,13.63,,26961.06,,,,0.99,,,,,,,,,,,,,,28.73,5.8,,16.7,,14.03,14.03,2.29,2.13,,1.98,2.13,2.05,4.76,,,,,,,,,,,0.26,,,,,,,,,88897.61,32.94,33.36,36.36,70.13,58483.51,24402.6,27205.56,31142.49,43.42,202.53,446.8,230.5,11361.19,18652.26,20424.03,21535.34,12.83,10.82,10.11,5.83,24346.5,22895.74,25089.82,18139.6,0.45,1.0,0.98,1.02,-58.5,11.51,14.24,-31.98,-18.95,-3.51,9.6,15.71,2.84,-2.08,8.19,7.67,12.95,10.23,6.77,127.15,10.46,10.28,2.29,1.67,0.94,1.53,1.61,1.57,2.45,4.77,4.26,4.6,4.52,4.35,58.14,-1.79,-1.11,53.93,30.93,0.27,0.77,0.75,0.78,46.07,-1.44,-1.47,57.61,31.75
POWER FINANCE,NBFC,INFRASTRUCTURE,LARGE CAP,PFC,431.0,143125.3,60.76,59.78,65.48,73.96,58483.51,24099.4,27260.86,31142.49,,354.4,456.64,401.8,20051.34,19793.86,21774.9,24417.59,7.09,7.21,6.58,5.83,26590.79,25657.23,28121.19,31779.2,0.45,1.06,1.03,1.02,-58.79,13.12,14.24,-31.73,-18.95,-3.51,9.6,13.01,2.84,6.12,-1.61,9.54,12.95,3.81,6.77,6.9,6.54,,1.22,0.94,1.07,1.08,1.08,2.45,5.94,5.25,4.6,5.59,5.26,61.0,-3.31,-1.11,50.63,30.93,0.34,0.82,0.8,0.78,47.85,-2.26,-1.47,52.63,31.75,88897.61,32.94,33.36,36.36,70.13,58483.51,24402.6,27205.56,31142.49,43.42,202.53,446.8,230.5,11361.19,18652.26,20424.03,21535.34,12.83,10.82,10.11,5.83,24346.5,22895.74,25089.82,18139.6,0.45,1.0,0.98,1.02,-58.5,11.51,14.24,-31.98,-18.95,-3.51,9.6,15.71,2.84,-2.08,8.19,7.67,12.95,10.23,6.77,127.15,10.46,10.28,2.29,1.67,0.94,1.53,1.61,1.57,2.45,4.77,4.26,4.6,4.52,4.35,58.14,-1.79,-1.11,53.93,30.93,0.27,0.77,0.75,0.78,46.07,-1.44,-1.47,57.61,31.75
REC,NBFC,INFRASTRUCTURE,LARGE CAP,RECLTD,355.35,88897.61,59.55,63.37,64.12,70.13,59124.34,24705.8,27150.25,,317.98,370.03,446.8,418.6,15713.21,17510.65,19073.15,18653.1,5.97,5.61,5.54,5.07,22102.21,22895.74,25089.82,,0.37,0.93,0.92,,-58.21,9.89,,-32.24,,3.59,9.58,,6.54,,6.41,1.18,9.38,3.76,5.6,5.58,5.41,1.12,0.96,0.8,0.85,0.88,0.87,1.5,3.6,3.27,,3.44,3.44,55.29,-0.26,,57.23,,0.27,0.71,0.7,,44.3,-0.63,,62.58,,88897.61,32.94,33.36,36.36,70.13,58483.51,24402.6,27205.56,31142.49,43.42,202.53,446.8,230.5,11361.19,18652.26,20424.03,21535.34,12.83,10.82,10.11,5.83,24346.5,22895.74,25089.82,18139.6,0.45,1.0,0.98,1.02,-58.5,11.51,14.24,-31.98,-18.95,-3.51,9.6,15.71,2.84,-2.08,8.19,7.67,12.95,10.23,6.77,127.15,10.46,10.28,2.29,1.67,0.94,1.53,1.61,1.57,2.45,4.77,4.26,4.6,4.52,4.35,58.14,-1.79,-1.11,53.93,30.93,0.27,0.77,0.75,0.78,46.07,-1.44,-1.47,57.61,31.75
INDIAN RENEWABLE ENERGY DEVELOPMENT AGENCY,NBFC,INFRASTRUCTURE,MID CAP,IREDA,127.15,36390.78,6.32,6.95,8.6,10.3,,,,,38.2,50.65,69.5,59.2,1698.34,,,,20.12,18.29,14.78,12.34,6232.22,3100.0,3800.0,4500.0,,,,,,,,,,-50.26,22.58,18.42,-21.91,-10.29,9.97,23.74,19.77,16.65,17.68,16.54,15.14,3.33,2.51,1.83,2.15,2.17,2.16,,,,,,,,,,,,,,,,,,,,,88897.61,32.94,33.36,36.36,70.13,58483.51,24402.6,27205.56,31142.49,43.42,202.53,446.8,230.5,11361.19,18652.26,20424.03,21535.34,12.83,10.82,10.11,5.83,24346.5,22895.74,25089.82,18139.6,0.45,1.0,0.98,1.02,-58.5,11.51,14.24,-31.98,-18.95,-3.51,9.6,15.71,2.84,-2.08,8.19,7.67,12.95,10.23,6.77,127.15,10.46,10.28,2.29,1.67,0.94,1.53,1.61,1.57,2.45,4.77,4.26,4.6,4.52,4.35,58.14,-1.79,-1.11,53.93,30.93,0.27,0.77,0.75,0.78,46.07,-1.44,-1.47,57.61,31.75
IFCI,NBFC,INFRASTRUCTURE,SMALL CAP,IFCI,85.73,17351.39,,,,,,,,,,,,,,,,,,,,,,,,,,,,,,,,,,,,,,,,,,,,,,,,,,,,,,,,,,,,,,,,,,,,,,,,88897.61,32.94,33.36,36.36,70.13,58483.51,24402.6,27205.56,31142.49,43.42,202.53,446.8,230.5,11361.19,18652.26,20424.03,21535.34,12.83,10.82,10.11,5.83,24346.5,22895.74,25089.82,18139.6,0.45,1.0,0.98,1.02,-58.5,11.51,14.24,-31.98,-18.95,-3.51,9.6,15.71,2.84,-2.08,8.19,7.67,12.95,10.23,6.77,127.15,10.46,10.28,2.29,1.67,0.94,1.53,1.61,1.57,2.45,4.77,4.26,4.6,4.52,4.35,58.14,-1.79,-1.11,53.93,30.93,0.27,0.77,0.75,0.78,46.07,-1.44,-1.47,57.61,31.75
BAJAJ FINSERV,NBFC,HOLDCO,LARGE CAP,BAJAJFINSV,1769.4,287843.3,63.36,75.15,87.99,106.04,150503.8,171922.2,200850.0,230484.1,487.42,697.3,782.65,810.9,10180.46,14925.93,17821.72,19289.15,27.93,23.55,20.11,16.69,38017.53,33627.99,41389.78,50163.81,0.25,0.2,0.21,0.22,14.23,16.83,14.75,15.52,15.27,-11.55,23.08,21.2,4.34,9.68,18.6,17.1,20.5,17.85,18.73,21.83,20.11,3.63,2.54,2.26,2.18,2.4,2.33,1.91,1.67,1.43,1.25,1.55,1.45,-5.7,1.05,1.16,-9.68,-4.84,0.07,0.09,0.09,0.08,1.92,0.19,-0.5,14.53,7.35,35143.49,96.68,89.82,116.0,106.04,150503.8,171922.2,200850.0,230484.1,655.21,557.65,782.65,810.9,6310.88,8311.16,9942.19,9942.88,20.05,19.35,15.55,16.69,38017.53,33627.99,41389.78,50163.81,0.25,0.2,0.21,0.22,14.23,16.83,14.75,15.52,15.27,-11.55,23.08,21.2,4.34,9.68,-0.51,27.45,20.5,11.55,18.73,1583.9,17.45,16.6,2.78,3.16,2.26,2.18,3.09,3.06,1.91,1.67,1.43,1.25,1.55,1.45,-5.7,1.05,1.16,-9.68,-4.84,0.07,0.09,0.09,0.08,1.92,0.19,-0.5,14.53,7.35
BAJAJ HOLDINGS & INVS.,NBFC,HOLDCO,LARGE CAP,BAJAJHLDNG,10677.0,119139.6,,,,,,,,,,,,,,,,,,,,,,,,,,,,,,,,,,,,,,,,,,,,,,,,,,,,,,,,,,,,,,,,,,,,,,,,35143.49,96.68,89.82,116.0,106.04,150503.8,171922.2,200850.0,230484.1,655.21,557.65,782.65,810.9,6310.88,8311.16,9942.19,9942.88,20.05,19.35,15.55,16.69,38017.53,33627.99,41389.78,50163.81,0.25,0.2,0.21,0.22,14.23,16.83,14.75,15.52,15.27,-11.55,23.08,21.2,4.34,9.68,-0.51,27.45,20.5,11.55,18.73,1583.9,17.45,16.6,2.78,3.16,2.26,2.18,3.09,3.06,1.91,1.67,1.43,1.25,1.55,1.45,-5.7,1.05,1.16,-9.68,-4.84,0.07,0.09,0.09,0.08,1.92,0.19,-0.5,14.53,7.35
TATA INVESTMENT CORPORATION,NBFC,HOLDCO,MID CAP,TATAINVEST,691.0,35143.49,,,,,,,,,,,,,,,,,,,,,,,,,,,,,,,,,,,,,,,,,,,,,,,,,,,,,,,,,,,,,,,,,,,,,,,,35143.49,96.68,89.82,116.0,106.04,150503.8,171922.2,200850.0,230484.1,655.21,557.65,782.65,810.9,6310.88,8311.16,9942.19,9942.88,20.05,19.35,15.55,16.69,38017.53,33627.99,41389.78,50163.81,0.25,0.2,0.21,0.22,14.23,16.83,14.75,15.52,15.27,-11.55,23.08,21.2,4.34,9.68,-0.51,27.45,20.5,11.55,18.73,1583.9,17.45,16.6,2.78,3.16,2.26,2.18,3.09,3.06,1.91,1.67,1.43,1.25,1.55,1.45,-5.7,1.05,1.16,-9.68,-4.84,0.07,0.09,0.09,0.08,1.92,0.19,-0.5,14.53,7.35
AUTHUM INVESTMENT & INFRASTRUCTURE,NBFC,HOLDCO,SMALL CAP,AIIL,543.8,42023.93,,,,,,,,,,,,,,,,,,,,,,,,,,,,,,,,,,,,,,,,,,,,,,,,,,,,,,,,,,,,,,,,,,,,,,,,35143.49,96.68,89.82,116.0,106.04,150503.8,171922.2,200850.0,230484.1,655.21,557.65,782.65,810.9,6310.88,8311.16,9942.19,9942.88,20.05,19.35,15.55,16.69,38017.53,33627.99,41389.78,50163.81,0.25,0.2,0.21,0.22,14.23,16.83,14.75,15.52,15.27,-11.55,23.08,21.2,4.34,9.68,-0.51,27.45,20.5,11.55,18.73,1583.9,17.45,16.6,2.78,3.16,2.26,2.18,3.09,3.06,1.91,1.67,1.43,1.25,1.55,1.45,-5.7,1.05,1.16,-9.68,-4.84,0.07,0.09,0.09,0.08,1.92,0.19,-0.5,14.53,7.35
CHOLAMANDALAM FINANCIAL HOLDINGS,NBFC,HOLDCO,SMALL CAP,CHOLAHLDNG,1583.9,31026.46,130.01,104.5,144.0,,,,,,823.0,418.0,,,2441.29,1696.4,2062.65,596.6,12.18,15.16,11.0,,,,,,,,,,,,,,,,,,,,-19.62,37.8,,5.24,,13.08,13.08,1.92,3.79,,,3.79,3.79,,,,,,,,,,,,,,,,,,,,,35143.49,96.68,89.82,116.0,106.04,150503.8,171922.2,200850.0,230484.1,655.21,557.65,782.65,810.9,6310.88,8311.16,9942.19,9942.88,20.05,19.35,15.55,16.69,38017.53,33627.99,41389.78,50163.81,0.25,0.2,0.21,0.22,14.23,16.83,14.75,15.52,15.27,-11.55,23.08,21.2,4.34,9.68,-0.51,27.45,20.5,11.55,18.73,1583.9,17.45,16.6,2.78,3.16,2.26,2.18,3.09,3.06,1.91,1.67,1.43,1.25,1.55,1.45,-5.7,1.05,1.16,-9.68,-4.84,0.07,0.09,0.09,0.08,1.92,0.19,-0.5,14.53,7.35
BOMBAY BURMAH TRADING,NBFC,HOLDCO,SMALL CAP,BBTC,1537.6,10697.42,,,,,,,,,,,,,,,,,,,,,,,,,,,,,,,,,,,,,,,,,,,,,,,,,,,,,,,,,,,,,,,,,,,,,,,,35143.49,96.68,89.82,116.0,106.04,150503.8,171922.2,200850.0,230484.1,655.21,557.65,782.65,810.9,6310.88,8311.16,9942.19,9942.88,20.05,19.35,15.55,16.69,38017.53,33627.99,41389.78,50163.81,0.25,0.2,0.21,0.22,14.23,16.83,14.75,15.52,15.27,-11.55,23.08,21.2,4.34,9.68,-0.51,27.45,20.5,11.55,18.73,1583.9,17.45,16.6,2.78,3.16,2.26,2.18,3.09,3.06,1.91,1.67,1.43,1.25,1.55,1.45,-5.7,1.05,1.16,-9.68,-4.84,0.07,0.09,0.09,0.08,1.92,0.19,-0.5,14.53,7.35
JSW HOLDINGS,NBFC,HOLDCO,SMALL CAP,JSWHL,12578.0,13853.07,,,,,,,,,,,,,,,,,,,,,,,,,,,,,,,,,,,,,,,,,,,,,,,,,,,,,,,,,,,,,,,,,,,,,,,,35143.49,96.68,89.82,116.0,106.04,150503.8,171922.2,200850.0,230484.1,655.21,557.65,782.65,810.9,6310.88,8311.16,9942.19,9942.88,20.05,19.35,15.55,16.69,38017.53,33627.99,41389.78,50163.81,0.25,0.2,0.21,0.22,14.23,16.83,14.75,15.52,15.27,-11.55,23.08,21.2,4.34,9.68,-0.51,27.45,20.5,11.55,18.73,1583.9,17.45,16.6,2.78,3.16,2.26,2.18,3.09,3.06,1.91,1.67,1.43,1.25,1.55,1.45,-5.7,1.05,1.16,-9.68,-4.84,0.07,0.09,0.09,0.08,1.92,0.19,-0.5,14.53,7.35
LIFE INSURANCE CORPORATION OF INDIA,INSURANCE,LIFE INSURANCE,LARGE CAP,LICI,440.15,540723.9,90.78,90.58,100.24,139.75,973288.3,1061156.0,1068422.0,1255181.0,277.24,331.74,586.45,424.85,57418.55,57160.38,63528.92,84264.73,4.85,4.86,4.39,3.15,57521.99,50074.75,55753.5,,0.06,0.05,0.05,,9.03,0.68,17.48,4.77,8.85,-12.95,11.34,,-1.55,,-0.21,10.65,39.42,5.08,15.47,4.63,4.13,1.59,1.33,0.75,1.04,1.04,1.04,0.56,0.51,0.51,0.43,0.51,0.48,-1.19,0.5,,-6.03,,0.06,0.05,0.06,0.07,-0.51,0.56,0.77,0.39,4.4,133511.3,10.94,11.5,13.2,15.13,98286.45,116650.9,134918.8,155031.4,153.79,163.29,203.26,235.18,1909.99,2152.01,2424.87,2825.37,66.88,59.2,51.26,45.26,2046.17,4128.67,4936.98,5773.11,0.03,0.03,0.04,0.04,16.7,13.91,15.31,16.18,16.09,30.17,12.94,24.38,20.25,28.97,12.96,14.15,13.28,12.25,15.47,591.85,55.62,52.17,7.22,6.6,5.07,6.0,6.39,6.26,1.36,1.11,0.98,0.86,1.04,0.98,0.0,0.06,0.05,-1.97,11.29,0.02,0.02,0.03,0.02,-0.15,0.04,-0.14,0.39,-1.37
SBI LIFE INSURANCE COMPANY,INSURANCE,LIFE INSURANCE,LARGE CAP,SBILIFE,1800.2,188917.2,24.62,30.01,35.12,39.78,99955.92,116650.9,134918.8,155573.5,190.27,216.26,280.27,246.63,2470.3,2910.74,3383.94,3688.88,73.12,59.98,51.26,45.26,2691.03,4205.86,4936.98,5773.11,0.03,0.04,0.04,0.04,16.7,15.66,15.31,16.18,15.89,56.29,17.38,16.94,35.45,28.97,21.9,17.01,13.28,19.43,17.34,55.62,52.17,9.46,8.32,6.42,7.3,7.37,7.35,1.89,1.62,1.4,1.21,1.51,1.41,0.91,0.05,0.05,16.58,11.29,0.02,0.02,0.03,0.02,0.02,0.01,-0.14,0.74,-1.37,133511.3,10.94,11.5,13.2,15.13,98286.45,116650.9,134918.8,155031.4,153.79,163.29,203.26,235.18,1909.99,2152.01,2424.87,2825.37,66.88,59.2,51.26,45.26,2046.17,4128.67,4936.98,5773.11,0.03,0.03,0.04,0.04,16.7,13.91,15.31,16.18,16.09,30.17,12.94,24.38,20.25,28.97,12.96,14.15,13.28,12.25,15.47,591.85,55.62,52.17,7.22,6.6,5.07,6.0,6.39,6.26,1.36,1.11,0.98,0.86,1.04,0.98,0.0,0.06,0.05,-1.97,11.29,0.02,0.02,0.03,0.02,-0.15,0.04,-0.14,0.39,-1.37
HDFC LIFE INSURANCE COMPANY,INSURANCE,LIFE INSURANCE,LARGE CAP,HDFCLIFE,591.85,133511.3,8.85,10.0,11.15,12.39,98286.45,120020.5,136713.2,155031.4,82.01,89.72,95.74,98.65,1909.99,2152.01,2424.87,2825.37,66.88,59.2,53.08,47.75,1982.53,4128.67,5098.13,14459.3,0.02,0.03,0.04,0.09,22.11,13.91,13.4,17.94,16.41,108.25,23.48,183.62,60.36,93.93,12.96,11.54,11.15,12.25,11.88,56.14,53.34,7.22,6.6,6.18,6.0,6.39,6.26,1.36,1.11,0.98,0.86,1.04,0.98,1.42,0.29,5.6,35.97,66.6,0.02,0.02,0.02,0.02,-0.15,-0.02,0.05,-4.46,-2.12,133511.3,10.94,11.5,13.2,15.13,98286.45,116650.9,134918.8,155031.4,153.79,163.29,203.26,235.18,1909.99,2152.01,2424.87,2825.37,66.88,59.2,51.26,45.26,2046.17,4128.67,4936.98,5773.11,0.03,0.03,0.04,0.04,16.7,13.91,15.31,16.18,16.09,30.17,12.94,24.38,20.25,28.97,12.96,14.15,13.28,12.25,15.47,591.85,55.62,52.17,7.22,6.6,5.07,6.0,6.39,6.26,1.36,1.11,0.98,0.86,1.04,0.98,0.0,0.06,0.05,-1.97,11.29,0.02,0.02,0.03,0.02,-0.15,0.04,-0.14,0.39,-1.37
ICICI PRUDENTIAL LIFE INSURANCE COMPANY,INSURANCE,LIFE INSURANCE,LARGE CAP,ICICIPRULI,500.3,75818.86,10.94,11.5,13.13,15.13,51335.63,55858.28,62015.23,80316.04,94.16,101.54,126.25,112.23,1607.89,1653.89,1894.38,2185.2,45.73,43.51,38.12,33.07,2046.17,1904.74,2151.31,2675.69,0.04,0.03,0.03,0.03,8.81,11.02,29.51,9.91,16.09,-6.91,12.94,24.38,2.54,9.35,5.11,14.15,15.24,9.54,11.41,40.81,38.23,5.31,4.93,3.96,4.46,4.44,4.45,1.48,1.36,1.22,0.94,1.29,1.17,-0.58,0.06,-0.14,-6.71,-5.8,0.03,0.03,0.03,0.03,-0.17,0.09,-0.33,-1.24,-4.58,133511.3,10.94,11.5,13.2,15.13,98286.45,116650.9,134918.8,155031.4,153.79,163.29,203.26,235.18,1909.99,2152.01,2424.87,2825.37,66.88,59.2,51.26,45.26,2046.17,4128.67,4936.98,5773.11,0.03,0.03,0.04,0.04,16.7,13.91,15.31,16.18,16.09,30.17,12.94,24.38,20.25,28.97,12.96,14.15,13.28,12.25,15.47,591.85,55.62,52.17,7.22,6.6,5.07,6.0,6.39,6.26,1.36,1.11,0.98,0.86,1.04,0.98,0.0,0.06,0.05,-1.97,11.29,0.02,0.02,0.03,0.02,-0.15,0.04,-0.14,0.39,-1.37
MAX FINANCIAL SVS.,INSURANCE,LIFE INSURANCE,MID CAP,MFSL,1669.3,59552.99,2.45,10.93,13.2,11.75,47674.11,61577.18,71730.2,77264.6,153.79,163.29,,235.18,83.97,598.44,727.37,336.7,681.35,152.74,126.49,142.07,209.3,272.44,302.63,,0.0,0.0,0.0,,29.16,16.49,7.72,22.66,17.46,30.17,11.08,,20.25,,346.08,20.75,-10.96,132.09,68.64,139.62,140.43,10.85,10.22,,7.1,10.22,8.66,1.25,0.97,0.83,0.77,0.9,0.86,0.0,-0.02,,-1.97,,0.0,0.01,0.01,0.0,0.8,0.04,-0.58,139.94,35.25,133511.3,10.94,11.5,13.2,15.13,98286.45,116650.9,134918.8,155031.4,153.79,163.29,203.26,235.18,1909.99,2152.01,2424.87,2825.37,66.88,59.2,51.26,45.26,2046.17,4128.67,4936.98,5773.11,0.03,0.03,0.04,0.04,16.7,13.91,15.31,16.18,16.09,30.17,12.94,24.38,20.25,28.97,12.96,14.15,13.28,12.25,15.47,591.85,55.62,52.17,7.22,6.6,5.07,6.0,6.39,6.26,1.36,1.11,0.98,0.86,1.04,0.98,0.0,0.06,0.05,-1.97,11.29,0.02,0.02,0.03,0.02,-0.15,0.04,-0.14,0.39,-1.37
ICICI LMD.GEN.INCM.,INSURANCE,GENERAL INSURANCE,MID CAP,ICICIGI,1870.1,92833.58,55.24,63.84,73.56,82.63,25894.94,27874.16,31563.9,34994.04,322.43,386.94,507.23,443.35,2771.94,3238.83,3733.6,4089.7,33.85,29.3,25.42,22.63,3706.55,3477.17,4029.39,3342.22,0.14,0.12,0.13,0.1,7.64,13.24,10.87,10.4,10.56,-6.19,15.88,-17.05,4.26,-3.39,15.56,15.23,12.33,15.4,14.36,27.36,25.78,5.8,4.83,3.69,4.22,4.26,4.25,3.59,3.33,2.94,2.65,3.14,2.97,-1.84,0.29,-3.21,-5.56,-12.62,0.11,0.12,0.12,0.12,0.91,0.21,-0.14,5.12,2.97,29549.44,8.94,13.43,18.2,18.9,21772.6,24258.51,27811.86,21050.84,177.93,169.62,131.41,184.9,1007.64,1360.89,1802.42,1249.98,42.94,32.37,26.4,23.54,730.06,789.59,1029.0,949.76,0.06,0.05,0.06,0.07,16.72,14.52,15.66,15.07,15.22,0.66,30.26,-0.96,17.09,-3.39,25.26,30.22,23.12,31.4,33.33,337.32,29.38,27.12,5.16,4.21,3.55,3.78,3.74,3.76,2.01,1.61,1.37,1.49,1.49,1.42,-0.24,0.61,-1.79,3.01,-12.62,0.05,0.06,0.06,0.06,0.43,0.53,0.08,8.62,11.29
GENERAL INSURANCE CORPORATION OF INDIA,INSURANCE,GENERAL INSURANCE,MID CAP,GICRE,368.7,69026.84,55.08,53.25,59.48,,39743.31,46298.2,51981.0,,,341.15,,388.96,9662.38,8945.2,10086.4,,6.69,6.92,6.2,,,,,,,,,,16.49,12.27,,14.36,,,,,,,-3.32,11.69,,3.91,,6.56,6.56,,1.08,,0.95,1.08,1.01,1.74,1.49,1.33,,1.41,1.41,,,,,,0.24,0.19,0.19,,-4.99,0.08,,-10.66,,29549.44,8.94,13.43,18.2,18.9,21772.6,24258.51,27811.86,21050.84,177.93,169.62,131.41,184.9,1007.64,1360.89,1802.42,1249.98,42.94,32.37,26.4,23.54,730.06,789.59,1029.0,949.76,0.06,0.05,0.06,0.07,16.72,14.52,15.66,15.07,15.22,0.66,30.26,-0.96,17.09,-3.39,25.26,30.22,23.12,31.4,33.33,337.32,29.38,27.12,5.16,4.21,3.55,3.78,3.74,3.76,2.01,1.61,1.37,1.49,1.49,1.42,-0.24,0.61,-1.79,3.01,-12.62,0.05,0.06,0.06,0.06,0.43,0.53,0.08,8.62,11.29
NEW INDIA ASSURANCE COMPANY,INSURANCE,GENERAL INSURANCE,MID CAP,NIACL,202.31,26822.84,8.4,10.49,15.2,,38462.24,47595.2,51554.5,,227.53,195.56,,208.2,1383.59,1694.53,2331.03,,24.08,19.29,13.31,,,,,,,,,,23.75,8.32,,15.78,,,,,,,24.88,44.9,,34.52,,16.3,16.3,0.89,1.03,,0.97,1.03,1.0,0.7,0.56,0.52,,0.54,0.54,,,,,,0.04,0.04,0.05,,-0.04,0.96,,12.11,,29549.44,8.94,13.43,18.2,18.9,21772.6,24258.51,27811.86,21050.84,177.93,169.62,131.41,184.9,1007.64,1360.89,1802.42,1249.98,42.94,32.37,26.4,23.54,730.06,789.59,1029.0,949.76,0.06,0.05,0.06,0.07,16.72,14.52,15.66,15.07,15.22,0.66,30.26,-0.96,17.09,-3.39,25.26,30.22,23.12,31.4,33.33,337.32,29.38,27.12,5.16,4.21,3.55,3.78,3.74,3.76,2.01,1.61,1.37,1.49,1.49,1.42,-0.24,0.61,-1.79,3.01,-12.62,0.05,0.06,0.06,0.06,0.43,0.53,0.08,8.62,11.29
STAR HEALTH AND ALLIED INSURANCE COMPANY,INSURANCE,GENERAL INSURANCE,SMALL CAP,STARHEALTH,580.25,30835.28,9.47,16.37,21.2,25.7,17650.25,20642.86,24059.83,26526.91,128.33,143.68,184.8,161.6,556.98,1027.25,1273.81,1372.3,61.27,35.44,27.37,22.58,744.92,800.8,1077.38,115.4,0.04,0.04,0.04,0.0,16.96,16.55,10.25,16.75,14.55,7.5,34.54,-89.29,20.26,-46.29,72.89,29.47,21.25,49.61,39.49,31.41,28.46,4.52,4.04,3.14,3.59,3.59,3.59,1.75,1.49,1.28,1.16,1.39,1.31,-0.34,0.6,-4.04,3.01,-53.11,0.03,0.05,0.05,0.05,1.82,0.32,-0.12,29.53,17.91,29549.44,8.94,13.43,18.2,18.9,21772.6,24258.51,27811.86,21050.84,177.93,169.62,131.41,184.9,1007.64,1360.89,1802.42,1249.98,42.94,32.37,26.4,23.54,730.06,789.59,1029.0,949.76,0.06,0.05,0.06,0.07,16.72,14.52,15.66,15.07,15.22,0.66,30.26,-0.96,17.09,-3.39,25.26,30.22,23.12,31.4,33.33,337.32,29.38,27.12,5.16,4.21,3.55,3.78,3.74,3.76,2.01,1.61,1.37,1.49,1.49,1.42,-0.24,0.61,-1.79,3.01,-12.62,0.05,0.06,0.06,0.06,0.43,0.53,0.08,8.62,11.29
GO DIGIT GENERAL INSURANCE,INSURANCE,GENERAL INSURANCE,SMALL CAP,GODIGIT,305.95,28263.61,5.88,7.39,9.68,12.1,10005.28,11112.25,12868.09,15574.77,50.69,59.9,78.03,70.69,631.69,690.81,896.46,1127.67,52.03,41.41,31.62,25.3,715.2,778.39,980.61,1129.06,0.07,0.07,0.08,0.07,11.06,15.8,21.03,13.41,15.89,8.84,25.98,15.14,17.09,16.44,25.65,30.97,25.0,28.28,27.18,36.52,32.78,6.04,5.11,3.92,4.33,4.51,4.45,2.82,2.54,2.2,1.81,2.37,2.18,-0.14,0.62,-0.37,3.25,0.47,0.06,0.06,0.07,0.07,-0.1,0.75,0.27,5.04,4.67,29549.44,8.94,13.43,18.2,18.9,21772.6,24258.51,27811.86,21050.84,177.93,169.62,131.41,184.9,1007.64,1360.89,1802.42,1249.98,42.94,32.37,26.4,23.54,730.06,789.59,1029.0,949.76,0.06,0.05,0.06,0.07,16.72,14.52,15.66,15.07,15.22,0.66,30.26,-0.96,17.09,-3.39,25.26,30.22,23.12,31.4,33.33,337.32,29.38,27.12,5.16,4.21,3.55,3.78,3.74,3.76,2.01,1.61,1.37,1.49,1.49,1.42,-0.24,0.61,-1.79,3.01,-12.62,0.05,0.06,0.06,0.06,0.43,0.53,0.08,8.62,11.29
NIVA BUPA HEALTH INSURANCE COMPANY,INSURANCE,GENERAL INSURANCE,SMALL CAP,NIVABUPA,86.87,15535.94,0.71,1.44,2.4,3.55,6806.3,8951.54,11049.69,13310.54,,19.86,25.46,21.84,130.78,252.01,455.91,655.17,122.35,60.33,36.14,24.46,-602.2,86.28,333.76,770.46,-0.09,0.01,0.03,0.06,31.52,23.44,20.46,27.41,25.05,-114.33,286.83,130.85,,,102.82,66.94,47.75,84.01,71.03,48.23,40.31,,4.37,3.41,3.98,3.89,3.92,2.28,1.74,1.41,1.17,1.57,1.44,9.81,2.06,2.77,,,0.02,0.03,0.04,0.05,0.89,1.31,0.8,46.54,36.83,29549.44,8.94,13.43,18.2,18.9,21772.6,24258.51,27811.86,21050.84,177.93,169.62,131.41,184.9,1007.64,1360.89,1802.42,1249.98,42.94,32.37,26.4,23.54,730.06,789.59,1029.0,949.76,0.06,0.05,0.06,0.07,16.72,14.52,15.66,15.07,15.22,0.66,30.26,-0.96,17.09,-3.39,25.26,30.22,23.12,31.4,33.33,337.32,29.38,27.12,5.16,4.21,3.55,3.78,3.74,3.76,2.01,1.61,1.37,1.49,1.49,1.42,-0.24,0.61,-1.79,3.01,-12.62,0.05,0.06,0.06,0.06,0.43,0.53,0.08,8.62,11.29
ANGEL ONE,DIVERSIFIED FINANCIALS,BROKERS,SMALL CAP,ANGELONE,353.7,31413.79,9.85,14.14,16.94,19.63,5136.61,5795.21,6716.85,7393.68,67.17,77.29,101.15,87.7,915.1,1306.64,1562.47,1786.75,35.91,25.01,20.87,18.02,1696.78,1525.18,2276.59,2592.1,0.33,0.26,0.34,0.35,12.82,15.9,10.08,14.35,12.91,-10.11,49.27,13.86,15.83,15.17,43.57,19.82,15.85,31.16,25.84,22.94,21.3,5.27,4.58,3.5,4.03,4.04,4.04,6.12,5.42,4.68,4.25,5.05,4.78,-6.72,7.58,1.16,1.29,2.0,0.18,0.23,0.23,0.24,4.73,0.72,0.9,14.27,10.7,10711.79,11.23,15.03,37.7,46.44,5136.61,5795.21,9493.25,10679.56,140.65,166.85,231.62,196.45,915.1,1306.64,2645.52,3115.68,35.91,25.01,18.59,15.52,1696.78,1525.18,3774.13,4428.12,0.34,0.28,0.38,0.4,31.65,15.63,11.95,18.79,16.46,12.64,31.96,16.34,16.61,16.52,43.57,16.87,20.57,34.85,29.91,253.4,22.94,21.3,4.86,4.15,3.06,3.58,3.61,3.6,6.48,5.42,4.47,4.0,5.05,4.78,-5.5,3.66,1.53,-1.73,0.11,0.21,0.23,0.27,0.28,4.73,0.14,1.17,14.44,10.96
ICICI SECURITIES,DIVERSIFIED FINANCIALS,BROKERS,SMALL CAP,ISEC,,21656.91,,,,,,,,,,,,,,,,,,,,,,,,,,,,,,,,,,,,,,,,,,,,,,,,,,,,,,,,,,,,,,,,,,,,,,,,10711.79,11.23,15.03,37.7,46.44,5136.61,5795.21,9493.25,10679.56,140.65,166.85,231.62,196.45,915.1,1306.64,2645.52,3115.68,35.91,25.01,18.59,15.52,1696.78,1525.18,3774.13,4428.12,0.34,0.28,0.38,0.4,31.65,15.63,11.95,18.79,16.46,12.64,31.96,16.34,16.61,16.52,43.57,16.87,20.57,34.85,29.91,253.4,22.94,21.3,4.86,4.15,3.06,3.58,3.61,3.6,6.48,5.42,4.47,4.0,5.05,4.78,-5.5,3.66,1.53,-1.73,0.11,0.21,0.23,0.27,0.28,4.73,0.14,1.17,14.44,10.96
MOTILAL OSWAL FINL.SVS.,DIVERSIFIED FINANCIALS,BROKERS,MID CAP,MOTILALOFS,953.45,52394.92,30.46,51.31,58.46,73.25,8080.01,10637.0,12269.65,13965.45,214.14,256.4,362.1,305.2,1869.31,3279.55,3728.58,4444.6,31.3,18.58,16.31,13.02,3826.04,4598.1,5271.67,6264.15,0.47,0.43,0.43,0.45,31.65,15.35,13.82,23.23,20.01,20.18,14.65,18.83,17.38,17.86,68.46,13.92,25.3,38.53,33.98,17.45,15.97,4.45,3.72,2.63,3.12,3.18,3.16,6.48,4.93,4.27,3.75,4.6,4.32,-4.12,-0.26,1.89,-4.74,-1.79,0.23,0.31,0.3,0.32,7.7,-0.44,1.44,14.61,11.22,10711.79,11.23,15.03,37.7,46.44,5136.61,5795.21,9493.25,10679.56,140.65,166.85,231.62,196.45,915.1,1306.64,2645.52,3115.68,35.91,25.01,18.59,15.52,1696.78,1525.18,3774.13,4428.12,0.34,0.28,0.38,0.4,31.65,15.63,11.95,18.79,16.46,12.64,31.96,16.34,16.61,16.52,43.57,16.87,20.57,34.85,29.91,253.4,22.94,21.3,4.86,4.15,3.06,3.58,3.61,3.6,6.48,5.42,4.47,4.0,5.05,4.78,-5.5,3.66,1.53,-1.73,0.11,0.21,0.23,0.27,0.28,4.73,0.14,1.17,14.44,10.96
J M FINANCIAL,DIVERSIFIED FINANCIALS,BROKERS,SMALL CAP,JMFINANCIL,126.32,12674.13,,,,,,,,,,,,,,,,,,,,,,,,,,,,,,,,,,,,,,,,,,,,,,,,,,,,,,,,,,,,,,,,,,,,,,,,10711.79,11.23,15.03,37.7,46.44,5136.61,5795.21,9493.25,10679.56,140.65,166.85,231.62,196.45,915.1,1306.64,2645.52,3115.68,35.91,25.01,18.59,15.52,1696.78,1525.18,3774.13,4428.12,0.34,0.28,0.38,0.4,31.65,15.63,11.95,18.79,16.46,12.64,31.96,16.34,16.61,16.52,43.57,16.87,20.57,34.85,29.91,253.4,22.94,21.3,4.86,4.15,3.06,3.58,3.61,3.6,6.48,5.42,4.47,4.0,5.05,4.78,-5.5,3.66,1.53,-1.73,0.11,0.21,0.23,0.27,0.28,4.73,0.14,1.17,14.44,10.96
EDELWEISS FNSR.,DIVERSIFIED FINANCIALS,BROKERS,SMALL CAP,EDELWEISS,124.71,10694.86,,,,,,,,,,,,,,,,,,,,,,,,,,,,,,,,,,,,,,,,,,,,,,,,,,,,,,,,,,,,,,,,,,,,,,,,10711.79,11.23,15.03,37.7,46.44,5136.61,5795.21,9493.25,10679.56,140.65,166.85,231.62,196.45,915.1,1306.64,2645.52,3115.68,35.91,25.01,18.59,15.52,1696.78,1525.18,3774.13,4428.12,0.34,0.28,0.38,0.4,31.65,15.63,11.95,18.79,16.46,12.64,31.96,16.34,16.61,16.52,43.57,16.87,20.57,34.85,29.91,253.4,22.94,21.3,4.86,4.15,3.06,3.58,3.61,3.6,6.48,5.42,4.47,4.0,5.05,4.78,-5.5,3.66,1.53,-1.73,0.11,0.21,0.23,0.27,0.28,4.73,0.14,1.17,14.44,10.96
RELIGARE ENTERPRISES,DIVERSIFIED FINANCIALS,BROKERS,SMALL CAP,RELIGARE,253.4,8048.95,,,,,,,,,,,,,,,,,,,,,,,,,,,,,,,,,,,,,,,,,,,,,,,,,,,,,,,,,,,,,,,,,,,,,,,,10711.79,11.23,15.03,37.7,46.44,5136.61,5795.21,9493.25,10679.56,140.65,166.85,231.62,196.45,915.1,1306.64,2645.52,3115.68,35.91,25.01,18.59,15.52,1696.78,1525.18,3774.13,4428.12,0.34,0.28,0.38,0.4,31.65,15.63,11.95,18.79,16.46,12.64,31.96,16.34,16.61,16.52,43.57,16.87,20.57,34.85,29.91,253.4,22.94,21.3,4.86,4.15,3.06,3.58,3.61,3.6,6.48,5.42,4.47,4.0,5.05,4.78,-5.5,3.66,1.53,-1.73,0.11,0.21,0.23,0.27,0.28,4.73,0.14,1.17,14.44,10.96
IIFL CAPITAL SERVICES LIMITED,DIVERSIFIED FINANCIALS,BROKERS,SMALL CAP,IIFLCAPS,344.4,10711.79,,,,,,,,,,,,,,,,,,,,,,,,,,,,,,,,,,,,,,,,,,,,,,,,,,,,,,,,,,,,,,,,,,,,,,,,10711.79,11.23,15.03,37.7,46.44,5136.61,5795.21,9493.25,10679.56,140.65,166.85,231.62,196.45,915.1,1306.64,2645.52,3115.68,35.91,25.01,18.59,15.52,1696.78,1525.18,3774.13,4428.12,0.34,0.28,0.38,0.4,31.65,15.63,11.95,18.79,16.46,12.64,31.96,16.34,16.61,16.52,43.57,16.87,20.57,34.85,29.91,253.4,22.94,21.3,4.86,4.15,3.06,3.58,3.61,3.6,6.48,5.42,4.47,4.0,5.05,4.78,-5.5,3.66,1.53,-1.73,0.11,0.21,0.23,0.27,0.28,4.73,0.14,1.17,14.44,10.96
GEOJIT FINANCIAL SVS.,DIVERSIFIED FINANCIALS,BROKERS,SMALL CAP,GEOJITFSL,78.35,2111.0,,,,,,,,,,,,,,,,,,,,,,,,,,,,,,,,,,,,,,,,,,,,,,,,,,,,,,,,,,,,,,,,,,,,,,,,10711.79,11.23,15.03,37.7,46.44,5136.61,5795.21,9493.25,10679.56,140.65,166.85,231.62,196.45,915.1,1306.64,2645.52,3115.68,35.91,25.01,18.59,15.52,1696.78,1525.18,3774.13,4428.12,0.34,0.28,0.38,0.4,31.65,15.63,11.95,18.79,16.46,12.64,31.96,16.34,16.61,16.52,43.57,16.87,20.57,34.85,29.91,253.4,22.94,21.3,4.86,4.15,3.06,3.58,3.61,3.6,6.48,5.42,4.47,4.0,5.05,4.78,-5.5,3.66,1.53,-1.73,0.11,0.21,0.23,0.27,0.28,4.73,0.14,1.17,14.44,10.96
SHARE INDIA SECURITIES,DIVERSIFIED FINANCIALS,BROKERS,SMALL CAP,SHAREINDIA,138.9,3050.87,,,,,,,,,,,,,,,,,,,,,,,,,,,,,,,,,,,,,,,,,,,,,,,,,,,,,,,,,,,,,,,,,,,,,,,,10711.79,11.23,15.03,37.7,46.44,5136.61,5795.21,9493.25,10679.56,140.65,166.85,231.62,196.45,915.1,1306.64,2645.52,3115.68,35.91,25.01,18.59,15.52,1696.78,1525.18,3774.13,4428.12,0.34,0.28,0.38,0.4,31.65,15.63,11.95,18.79,16.46,12.64,31.96,16.34,16.61,16.52,43.57,16.87,20.57,34.85,29.91,253.4,22.94,21.3,4.86,4.15,3.06,3.58,3.61,3.6,6.48,5.42,4.47,4.0,5.05,4.78,-5.5,3.66,1.53,-1.73,0.11,0.21,0.23,0.27,0.28,4.73,0.14,1.17,14.44,10.96
CHOICE INTERNATIONAL,DIVERSIFIED FINANCIALS,BROKERS,SMALL CAP,CHOICEIN,726.1,15318.11,11.23,15.03,,,1119.13,1504.2,,,,,,,237.89,312.93,,,64.66,48.31,,,380.11,428.14,,,0.34,0.28,,,34.41,,,,,12.64,,,,,33.84,,,,,48.31,48.31,,,,,,,13.69,10.18,,,10.18,10.18,-5.5,,,,,0.21,0.21,,,-0.45,,,,,10711.79,11.23,15.03,37.7,46.44,5136.61,5795.21,9493.25,10679.56,140.65,166.85,231.62,196.45,915.1,1306.64,2645.52,3115.68,35.91,25.01,18.59,15.52,1696.78,1525.18,3774.13,4428.12,0.34,0.28,0.38,0.4,31.65,15.63,11.95,18.79,16.46,12.64,31.96,16.34,16.61,16.52,43.57,16.87,20.57,34.85,29.91,253.4,22.94,21.3,4.86,4.15,3.06,3.58,3.61,3.6,6.48,5.42,4.47,4.0,5.05,4.78,-5.5,3.66,1.53,-1.73,0.11,0.21,0.23,0.27,0.28,4.73,0.14,1.17,14.44,10.96
DHANI SERVICES,DIVERSIFIED FINANCIALS,BROKERS,SMALL CAP,DHANI,,3165.34,,,,,,,,,,,,,,,,,,,,,,,,,,,,,,,,,,,,,,,,,,,,,,,,,,,,,,,,,,,,,,,,,,,,,,,,10711.79,11.23,15.03,37.7,46.44,5136.61,5795.21,9493.25,10679.56,140.65,166.85,231.62,196.45,915.1,1306.64,2645.52,3115.68,35.91,25.01,18.59,15.52,1696.78,1525.18,3774.13,4428.12,0.34,0.28,0.38,0.4,31.65,15.63,11.95,18.79,16.46,12.64,31.96,16.34,16.61,16.52,43.57,16.87,20.57,34.85,29.91,253.4,22.94,21.3,4.86,4.15,3.06,3.58,3.61,3.6,6.48,5.42,4.47,4.0,5.05,4.78,-5.5,3.66,1.53,-1.73,0.11,0.21,0.23,0.27,0.28,4.73,0.14,1.17,14.44,10.96
HDFC ASSET MANAGEMENT COMPANY,DIVERSIFIED FINANCIALS,ASSET MANAGEMENT,MID CAP,HDFCAMC,2719.0,117442.4,66.5,75.5,88.2,104.78,4122.16,4958.67,5692.85,6919.15,215.42,232.35,291.89,255.2,2858.06,3220.21,3734.16,4345.33,40.89,36.01,30.83,25.95,3295.33,3713.72,4355.71,5073.7,0.8,0.75,0.77,0.73,20.29,14.81,21.54,17.52,18.84,12.7,17.29,16.48,14.97,15.47,13.53,16.82,18.81,15.17,16.37,33.42,30.93,12.62,11.7,9.32,10.65,10.51,10.56,28.49,23.68,20.63,16.97,22.16,20.43,-5.05,1.62,-3.18,-2.17,-2.84,0.69,0.65,0.66,0.63,-4.39,0.65,-2.79,-2.73,-3.24,29398.48,43.52,56.53,66.03,76.4,2276.89,2660.69,3026.86,3472.73,203.61,228.57,303.07,257.68,982.03,1074.04,1243.15,1437.98,39.41,33.17,27.13,23.25,1739.68,1470.25,1670.2,1941.65,0.58,0.51,0.53,0.53,15.67,16.11,19.25,14.97,16.25,8.05,17.29,17.24,14.44,15.47,18.82,17.41,18.79,18.54,18.57,1463.25,30.03,27.48,10.79,9.38,6.82,7.56,8.07,7.93,14.62,13.14,11.46,10.03,12.3,11.54,-3.22,1.62,0.86,-0.05,0.48,0.35,0.43,0.44,0.43,0.43,0.6,0.31,3.04,3.76
NIPPON LIFE INDIA ASSET MANAGMNT,DIVERSIFIED FINANCIALS,ASSET MANAGEMENT,MID CAP,NAM-INDIA,1186.9,69958.56,23.63,28.14,32.62,37.46,2708.74,3216.46,3703.12,4582.43,73.01,76.4,83.55,79.52,1529.38,1788.03,2084.4,2600.57,50.23,42.18,36.39,31.69,1800.89,2078.7,2466.0,3091.1,0.66,0.65,0.67,0.67,18.74,15.13,23.75,16.92,19.15,15.43,18.63,25.35,17.02,19.73,19.07,15.93,14.83,17.49,16.6,39.29,36.75,16.26,15.54,14.21,14.93,14.87,14.89,25.83,21.75,18.89,15.27,20.32,18.64,-1.86,1.97,0.86,0.08,0.48,0.56,0.56,0.56,0.57,-0.87,0.7,0.46,-0.15,0.17,29398.48,43.52,56.53,66.03,76.4,2276.89,2660.69,3026.86,3472.73,203.61,228.57,303.07,257.68,982.03,1074.04,1243.15,1437.98,39.41,33.17,27.13,23.25,1739.68,1470.25,1670.2,1941.65,0.58,0.51,0.53,0.53,15.67,16.11,19.25,14.97,16.25,8.05,17.29,17.24,14.44,15.47,18.82,17.41,18.79,18.54,18.57,1463.25,30.03,27.48,10.79,9.38,6.82,7.56,8.07,7.93,14.62,13.14,11.46,10.03,12.3,11.54,-3.22,1.62,0.86,-0.05,0.48,0.35,0.43,0.44,0.43,0.43,0.6,0.31,3.04,3.76
360 One,DIVERSIFIED FINANCIALS,ASSET MANAGEMENT,MID CAP,360ONE,1145.1,45741.93,29.19,34.68,41.74,51.13,3387.02,3654.49,4326.32,5282.38,242.17,275.83,327.72,299.99,1216.17,1502.93,1803.24,2212.0,39.23,33.02,27.43,22.4,1739.68,1858.25,2278.3,2777.6,0.51,0.51,0.53,0.53,7.9,18.38,22.1,13.02,15.97,6.82,22.6,21.92,14.44,16.88,18.82,20.36,22.47,19.59,20.54,30.22,27.61,4.73,4.15,3.49,3.82,3.82,3.82,13.51,12.52,10.57,8.66,11.54,10.58,-0.51,1.81,-0.08,1.26,0.79,0.36,0.41,0.42,0.42,5.22,0.56,0.19,7.74,5.26,29398.48,43.52,56.53,66.03,76.4,2276.89,2660.69,3026.86,3472.73,203.61,228.57,303.07,257.68,982.03,1074.04,1243.15,1437.98,39.41,33.17,27.13,23.25,1739.68,1470.25,1670.2,1941.65,0.58,0.51,0.53,0.53,15.67,16.11,19.25,14.97,16.25,8.05,17.29,17.24,14.44,15.47,18.82,17.41,18.79,18.54,18.57,1463.25,30.03,27.48,10.79,9.38,6.82,7.56,8.07,7.93,14.62,13.14,11.46,10.03,12.3,11.54,-3.22,1.62,0.86,-0.05,0.48,0.35,0.43,0.44,0.43,0.43,0.6,0.31,3.04,3.76
NUVAMA WEALTH MANAGEMENT,DIVERSIFIED FINANCIALS,ASSET MANAGEMENT,SMALL CAP,NUVAMA,1739.6,27581.94,53.71,57.01,67.28,79.91,3864.06,3214.23,3763.51,4401.46,194.04,224.8,303.07,260.16,986.17,1032.46,1210.61,1434.31,32.39,30.51,25.86,21.77,2237.28,1470.25,1670.2,1941.65,0.58,0.46,0.44,0.44,-16.82,17.09,16.95,-1.31,4.44,-34.28,13.6,16.25,-13.6,-4.61,6.15,18.0,18.78,11.92,14.16,28.19,26.05,8.97,7.74,5.74,6.69,6.74,6.72,7.14,8.58,7.33,6.27,7.95,7.39,-12.16,-1.36,-0.26,-12.45,-8.67,0.26,0.32,0.32,0.33,6.6,0.05,0.42,12.27,8.49,29398.48,43.52,56.53,66.03,76.4,2276.89,2660.69,3026.86,3472.73,203.61,228.57,303.07,257.68,982.03,1074.04,1243.15,1437.98,39.41,33.17,27.13,23.25,1739.68,1470.25,1670.2,1941.65,0.58,0.51,0.53,0.53,15.67,16.11,19.25,14.97,16.25,8.05,17.29,17.24,14.44,15.47,18.82,17.41,18.79,18.54,18.57,1463.25,30.03,27.48,10.79,9.38,6.82,7.56,8.07,7.93,14.62,13.14,11.46,10.03,12.3,11.54,-3.22,1.62,0.86,-0.05,0.48,0.35,0.43,0.44,0.43,0.43,0.6,0.31,3.04,3.76
ADITYA BIRLA SUN LIFE AMC,DIVERSIFIED FINANCIALS,ASSET MANAGEMENT,SMALL CAP,ABSLAMC,1180.6,29015.81,33.84,37.92,44.02,49.0,1845.03,2107.16,2350.61,2544.0,139.94,157.26,173.1,178.16,977.89,1115.63,1275.69,1441.65,34.89,31.14,26.82,24.09,1101.87,1190.61,1402.44,1546.03,0.6,0.57,0.6,0.61,14.21,11.55,8.23,12.87,11.3,8.05,17.79,10.24,12.82,11.95,12.04,16.09,11.32,14.05,13.13,28.98,27.35,8.44,7.51,6.82,6.63,7.16,6.98,15.73,13.77,12.34,11.41,13.06,12.51,-3.22,3.16,1.11,-0.05,0.58,0.53,0.53,0.54,0.57,-0.06,1.33,2.4,1.19,2.26,29398.48,43.52,56.53,66.03,76.4,2276.89,2660.69,3026.86,3472.73,203.61,228.57,303.07,257.68,982.03,1074.04,1243.15,1437.98,39.41,33.17,27.13,23.25,1739.68,1470.25,1670.2,1941.65,0.58,0.51,0.53,0.53,15.67,16.11,19.25,14.97,16.25,8.05,17.29,17.24,14.44,15.47,18.82,17.41,18.79,18.54,18.57,1463.25,30.03,27.48,10.79,9.38,6.82,7.56,8.07,7.93,14.62,13.14,11.46,10.03,12.3,11.54,-3.22,1.62,0.86,-0.05,0.48,0.35,0.43,0.44,0.43,0.43,0.6,0.31,3.04,3.76
UTI ASSET MANAGEM,DIVERSIFIED FINANCIALS,ASSET MANAGEMENT,SMALL CAP,UTIAMC,950.25,12245.04,39.87,59.42,64.79,72.9,1700.84,1769.68,1922.65,2156.73,350.5,371.49,389.33,379.23,513.02,809.73,888.28,952.57,23.83,15.99,14.67,13.03,808.57,730.7,807.62,946.83,0.48,0.41,0.42,0.44,4.05,8.64,12.17,6.32,8.24,-9.63,10.53,17.24,-0.06,5.4,49.02,9.04,12.52,27.48,22.28,15.33,14.57,2.71,2.56,2.44,2.51,2.5,2.5,7.2,6.92,6.37,5.68,6.64,6.32,-6.25,0.72,1.9,-6.0,-2.62,0.3,0.46,0.46,0.44,15.59,0.45,-2.03,23.76,13.56,29398.48,43.52,56.53,66.03,76.4,2276.89,2660.69,3026.86,3472.73,203.61,228.57,303.07,257.68,982.03,1074.04,1243.15,1437.98,39.41,33.17,27.13,23.25,1739.68,1470.25,1670.2,1941.65,0.58,0.51,0.53,0.53,15.67,16.11,19.25,14.97,16.25,8.05,17.29,17.24,14.44,15.47,18.82,17.41,18.79,18.54,18.57,1463.25,30.03,27.48,10.79,9.38,6.82,7.56,8.07,7.93,14.62,13.14,11.46,10.03,12.3,11.54,-3.22,1.62,0.86,-0.05,0.48,0.35,0.43,0.44,0.43,0.43,0.6,0.31,3.04,3.76
ANAND RATHI WEALTH,DIVERSIFIED FINANCIALS,ASSET MANAGEMENT,SMALL CAP,ANANDRATHI,1867.5,29781.16,47.17,56.05,70.85,92.0,1148.82,1421.9,1749.85,2325.3,120.23,163.9,,221.5,395.91,491.6,613.05,765.7,39.59,33.32,26.36,20.3,,,,,,,,,23.77,23.06,32.89,23.42,26.5,,,,,,18.83,26.4,29.85,22.56,24.94,29.84,26.66,15.53,11.39,,8.43,11.39,9.91,25.92,20.94,17.02,12.81,18.98,16.92,,,,,,0.34,0.35,0.35,0.33,0.11,0.46,-2.11,0.83,-1.51,29398.48,43.52,56.53,66.03,76.4,2276.89,2660.69,3026.86,3472.73,203.61,228.57,303.07,257.68,982.03,1074.04,1243.15,1437.98,39.41,33.17,27.13,23.25,1739.68,1470.25,1670.2,1941.65,0.58,0.51,0.53,0.53,15.67,16.11,19.25,14.97,16.25,8.05,17.29,17.24,14.44,15.47,18.82,17.41,18.79,18.54,18.57,1463.25,30.03,27.48,10.79,9.38,6.82,7.56,8.07,7.93,14.62,13.14,11.46,10.03,12.3,11.54,-3.22,1.62,0.86,-0.05,0.48,0.35,0.43,0.44,0.43,0.43,0.6,0.31,3.04,3.76
PRUDENT CORPORATE ADVISORY SERVICES LTD.,DIVERSIFIED FINANCIALS,ASSET MANAGEMENT,SMALL CAP,PRUDENT,3029.2,11273.38,47.25,65.31,81.04,96.55,1317.33,1543.15,1817.2,2084.9,213.18,274.62,438.3,349.48,222.05,271.53,337.05,416.4,64.11,46.38,37.38,31.37,234.36,381.94,437.2,523.65,0.18,0.25,0.24,0.25,17.14,17.76,14.73,17.45,16.54,62.97,14.47,19.77,36.58,30.73,38.22,24.09,19.13,30.97,26.9,41.88,38.38,14.21,11.03,6.91,8.67,8.97,8.87,8.56,7.31,6.2,5.41,6.75,6.31,6.96,-0.69,1.06,16.29,12.18,0.17,0.18,0.19,0.2,0.74,0.95,1.42,4.9,5.82,29398.48,43.52,56.53,66.03,76.4,2276.89,2660.69,3026.86,3472.73,203.61,228.57,303.07,257.68,982.03,1074.04,1243.15,1437.98,39.41,33.17,27.13,23.25,1739.68,1470.25,1670.2,1941.65,0.58,0.51,0.53,0.53,15.67,16.11,19.25,14.97,16.25,8.05,17.29,17.24,14.44,15.47,18.82,17.41,18.79,18.54,18.57,1463.25,30.03,27.48,10.79,9.38,6.82,7.56,8.07,7.93,14.62,13.14,11.46,10.03,12.3,11.54,-3.22,1.62,0.86,-0.05,0.48,0.35,0.43,0.44,0.43,0.43,0.6,0.31,3.04,3.76
BSE,DIVERSIFIED FINANCIALS,EXCHANGES,MID CAP,BSE,4020.2,179346.0,60.61,82.29,97.49,114.44,4833.95,6339.35,7547.14,8676.52,163.84,216.92,345.8,280.43,2496.98,3335.41,3941.54,4695.2,66.33,48.85,41.24,35.13,3445.79,4337.78,5179.68,5891.8,0.71,0.68,0.69,0.68,31.14,19.05,14.96,24.95,21.53,25.89,19.41,13.75,22.6,19.58,35.77,18.47,17.38,26.83,23.6,45.04,41.74,24.54,18.53,11.63,14.34,15.08,14.83,37.1,28.29,23.76,20.67,26.03,24.24,-2.86,0.2,-0.73,-1.88,-1.61,0.52,0.53,0.52,0.54,0.96,-0.39,1.89,0.55,1.56,84175.42,52.22,65.96,78.24,77.29,2302.0,2858.21,3402.2,3796.13,163.84,125.33,218.89,161.52,1331.55,1667.49,2009.47,2586.95,53.69,42.51,35.84,35.13,1646.58,2084.2,2513.11,2839.07,0.72,0.73,0.74,0.75,24.16,19.03,11.58,21.57,18.14,25.89,19.41,12.97,22.6,19.58,26.32,18.47,-1.21,22.4,13.96,2803.8,39.17,38.21,16.93,18.53,11.63,14.34,15.08,14.83,36.57,28.29,23.76,20.67,26.03,24.24,-0.91,0.2,-0.73,-1.88,-1.61,0.58,0.58,0.59,0.65,0.5,0.72,-1.6,0.55,-0.16
MULTI CMOD.EX.OF INDIA,DIVERSIFIED FINANCIALS,EXCHANGES,SMALL CAP,MCX,2803.8,84175.42,52.22,65.96,78.24,77.29,2302.0,2858.21,3402.2,3796.13,165.62,125.33,218.89,161.52,1331.55,1667.49,2009.47,,53.69,42.51,35.84,36.28,1646.58,2084.2,2513.11,2839.07,0.72,0.73,0.74,0.75,24.16,19.03,11.58,21.57,18.14,26.58,20.58,12.97,23.54,19.91,26.32,18.61,-1.21,22.4,13.96,39.17,38.21,16.93,22.37,12.81,17.36,17.59,17.51,36.57,29.45,24.74,22.17,27.1,25.46,1.39,0.95,0.92,1.62,1.5,0.58,0.58,0.59,,0.5,0.72,,1.05,,84175.42,52.22,65.96,78.24,77.29,2302.0,2858.21,3402.2,3796.13,163.84,125.33,218.89,161.52,1331.55,1667.49,2009.47,2586.95,53.69,42.51,35.84,35.13,1646.58,2084.2,2513.11,2839.07,0.72,0.73,0.74,0.75,24.16,19.03,11.58,21.57,18.14,25.89,19.41,12.97,22.6,19.58,26.32,18.47,-1.21,22.4,13.96,2803.8,39.17,38.21,16.93,18.53,11.63,14.34,15.08,14.83,36.57,28.29,23.76,20.67,26.03,24.24,-0.91,0.2,-0.73,-1.88,-1.61,0.58,0.58,0.59,0.65,0.5,0.72,-1.6,0.55,-0.16
INDIAN ENERGY EXCHANGE,DIVERSIFIED FINANCIALS,EXCHANGES,SMALL CAP,IEX,122.78,11366.41,5.54,5.73,5.67,5.35,615.65,638.07,623.07,632.95,15.3,17.59,20.95,19.54,492.92,507.28,502.87,478.7,22.16,21.42,21.66,22.95,520.06,533.17,498.93,490.75,0.84,0.84,0.8,0.78,3.64,-2.35,1.59,0.6,0.93,2.52,-6.42,-1.64,-2.05,-1.92,3.45,-1.1,-5.61,1.15,-1.16,21.54,22.01,8.02,6.98,5.86,6.28,6.42,6.37,18.46,17.81,18.24,17.96,18.03,18.0,-0.91,-3.48,-2.54,-2.64,-2.82,0.8,0.8,0.81,0.76,-0.56,1.21,-5.08,0.4,-1.88,84175.42,52.22,65.96,78.24,77.29,2302.0,2858.21,3402.2,3796.13,163.84,125.33,218.89,161.52,1331.55,1667.49,2009.47,2586.95,53.69,42.51,35.84,35.13,1646.58,2084.2,2513.11,2839.07,0.72,0.73,0.74,0.75,24.16,19.03,11.58,21.57,18.14,25.89,19.41,12.97,22.6,19.58,26.32,18.47,-1.21,22.4,13.96,2803.8,39.17,38.21,16.93,18.53,11.63,14.34,15.08,14.83,36.57,28.29,23.76,20.67,26.03,24.24,-0.91,0.2,-0.73,-1.88,-1.61,0.58,0.58,0.59,0.65,0.5,0.72,-1.6,0.55,-0.16
ONE 97 COMMUNICATIONS,DIVERSIFIED FINANCIALS,FINTECH,MID CAP,PAYTM,1090.1,72442.77,11.43,18.02,30.41,45.58,8437.0,10441.91,12791.17,15355.35,250.39,258.37,348.1,289.89,739.0,1164.93,2040.56,3165.77,95.37,60.5,35.84,23.91,314.0,1156.37,2046.64,3088.16,0.04,0.11,0.16,0.2,23.76,22.5,20.05,23.13,22.09,268.27,76.99,50.89,155.3,114.25,57.64,68.79,49.88,63.12,58.58,48.17,40.09,4.35,4.22,3.13,3.76,3.68,3.7,8.59,6.94,5.66,4.72,6.3,5.77,7.35,4.93,4.11,107.35,75.48,0.09,0.11,0.16,0.21,2.4,4.8,4.66,34.96,33.02,2725.87,12.76,14.7,18.15,32.2,3956.63,2135.19,6537.87,14127.1,204.32,137.92,247.31,159.44,386.01,107.9,133.05,1120.62,60.61,36.73,20.07,20.89,244.3,679.99,1049.07,2635.34,0.06,0.12,0.16,0.2,25.86,25.16,20.05,25.51,22.09,75.63,69.47,43.22,90.09,72.97,30.95,40.88,40.63,52.19,44.91,364.35,27.63,27.63,7.35,3.44,3.13,3.05,3.17,3.1,5.8,2.59,3.98,4.72,2.45,2.34,6.41,2.72,2.29,47.75,35.52,0.09,0.1,0.12,0.15,2.41,1.55,0.9,18.22,14.2
PB FINTECH,DIVERSIFIED FINANCIALS,FINTECH,MID CAP,POLICYBZR,1636.7,82658.98,14.46,23.77,33.49,44.0,6794.02,8763.36,11245.13,14127.1,158.25,178.12,247.31,209.09,669.94,1076.49,1549.74,2074.63,113.19,68.85,48.87,37.2,509.24,1136.23,1840.04,2635.34,0.07,0.13,0.16,0.19,28.99,28.32,25.63,28.65,27.64,123.12,61.94,43.22,90.09,72.97,64.4,40.88,31.39,52.19,44.91,58.86,51.64,10.34,9.19,6.62,7.83,7.9,7.88,12.17,9.43,7.35,5.85,8.39,7.54,5.47,3.4,2.29,47.75,35.52,0.1,0.12,0.14,0.15,2.42,1.5,0.9,18.22,14.2,2725.87,12.76,14.7,18.15,32.2,3956.63,2135.19,6537.87,14127.1,204.32,137.92,247.31,159.44,386.01,107.9,133.05,1120.62,60.61,36.73,20.07,20.89,244.3,679.99,1049.07,2635.34,0.06,0.12,0.16,0.2,25.86,25.16,20.05,25.51,22.09,75.63,69.47,43.22,90.09,72.97,30.95,40.88,40.63,52.19,44.91,364.35,27.63,27.63,7.35,3.44,3.13,3.05,3.17,3.1,5.8,2.59,3.98,4.72,2.45,2.34,6.41,2.72,2.29,47.75,35.52,0.09,0.1,0.12,0.15,2.41,1.55,0.9,18.22,14.2
ONE MOBIKWIK SYSTEMS,DIVERSIFIED FINANCIALS,FINTECH,SMALL CAP,MOBIKWIK,198.34,1561.46,-5.94,5.4,10.7,,1119.23,1432.2,1830.6,,,74.3,,85.0,-46.51,42.6,83.7,,-33.39,36.73,18.54,,-55.75,61.3,115.8,,-0.05,0.04,0.06,,27.96,27.82,,27.89,,-209.95,88.91,,,,-190.91,98.15,,,,27.63,27.63,,2.67,,2.33,2.67,2.5,1.4,1.09,0.85,,0.97,0.97,9.26,2.05,,,,-0.04,0.03,0.05,,7.13,1.6,,,,2725.87,12.76,14.7,18.15,32.2,3956.63,2135.19,6537.87,14127.1,204.32,137.92,247.31,159.44,386.01,107.9,133.05,1120.62,60.61,36.73,20.07,20.89,244.3,679.99,1049.07,2635.34,0.06,0.12,0.16,0.2,25.86,25.16,20.05,25.51,22.09,75.63,69.47,43.22,90.09,72.97,30.95,40.88,40.63,52.19,44.91,364.35,27.63,27.63,7.35,3.44,3.13,3.05,3.17,3.1,5.8,2.59,3.98,4.72,2.45,2.34,6.41,2.72,2.29,47.75,35.52,0.09,0.1,0.12,0.15,2.41,1.55,0.9,18.22,14.2
FINO PAYMENTS BANK,DIVERSIFIED FINANCIALS,FINTECH,SMALL CAP,FINOPB,156.21,1064.36,,10.58,11.9,20.0,,2135.19,,,,97.73,129.8,109.8,,88.03,98.6,166.6,,14.76,13.13,7.81,,,,,,,,,,,,,,,,,,,,12.48,68.07,,,13.95,11.9,,1.6,1.2,1.42,1.4,1.41,,0.5,,,0.5,0.5,,,,,,,0.04,,,,,,,,2725.87,12.76,14.7,18.15,32.2,3956.63,2135.19,6537.87,14127.1,204.32,137.92,247.31,159.44,386.01,107.9,133.05,1120.62,60.61,36.73,20.07,20.89,244.3,679.99,1049.07,2635.34,0.06,0.12,0.16,0.2,25.86,25.16,20.05,25.51,22.09,75.63,69.47,43.22,90.09,72.97,30.95,40.88,40.63,52.19,44.91,364.35,27.63,27.63,7.35,3.44,3.13,3.05,3.17,3.1,5.8,2.59,3.98,4.72,2.45,2.34,6.41,2.72,2.29,47.75,35.52,0.09,0.1,0.12,0.15,2.41,1.55,0.9,18.22,14.2
MEDI ASSIST HEALTHCARE SERVICES,DIVERSIFIED FINANCIALS,FINTECH,SMALL CAP,MEDIASSIST,364.35,2725.87,14.1,14.7,18.15,20.4,904.77,1051.0,1186.65,1287.7,,,,,102.08,107.9,133.05,147.5,25.84,24.79,20.07,17.86,174.61,223.75,258.1,280.8,0.19,0.21,0.22,0.22,16.16,12.91,8.52,14.52,12.48,28.14,15.35,8.8,21.58,17.16,4.26,23.47,12.4,13.46,13.1,22.43,20.91,,,,,,,3.01,2.59,2.3,2.12,2.45,2.34,1.99,0.46,0.06,6.16,4.16,0.11,0.1,0.11,0.11,-1.02,0.95,0.24,-0.31,0.5,2725.87,12.76,14.7,18.15,32.2,3956.63,2135.19,6537.87,14127.1,204.32,137.92,247.31,159.44,386.01,107.9,133.05,1120.62,60.61,36.73,20.07,20.89,244.3,679.99,1049.07,2635.34,0.06,0.12,0.16,0.2,25.86,25.16,20.05,25.51,22.09,75.63,69.47,43.22,90.09,72.97,30.95,40.88,40.63,52.19,44.91,364.35,27.63,27.63,7.35,3.44,3.13,3.05,3.17,3.1,5.8,2.59,3.98,4.72,2.45,2.34,6.41,2.72,2.29,47.75,35.52,0.09,0.1,0.12,0.15,2.41,1.55,0.9,18.22,14.2
CRISIL,DIVERSIFIED FINANCIALS,RATING,MID CAP,CRISIL,4132.0,29366.82,104.75,104.8,136.1,157.1,3649.01,4321.6,4865.4,5483.0,,,,,766.01,928.9,1070.3,1241.8,39.45,39.43,30.36,26.3,1085.23,1367.0,1574.7,1825.9,0.3,0.32,0.32,0.33,18.43,12.58,12.69,15.47,14.54,25.96,15.19,15.95,20.46,18.94,0.05,29.87,15.43,13.99,14.47,34.89,32.03,,,,,,,8.05,6.8,6.04,5.36,6.42,6.06,1.89,0.73,0.94,4.32,3.84,0.21,0.21,0.22,0.23,0.5,0.5,0.65,2.37,2.56,5178.99,150.11,165.9,196.05,223.05,2124.26,2524.1,2838.85,3195.8,,,,,477.22,575.15,660.2,1241.8,33.34,31.44,25.57,22.36,650.13,817.0,935.15,1077.05,0.33,0.34,0.34,0.35,19.82,12.19,12.27,15.94,14.7,25.07,12.95,13.49,18.85,17.04,8.09,21.32,14.16,14.21,14.19,4132.0,28.51,26.46,,,,,,,8.34,6.96,6.21,5.53,6.58,6.23,1.39,0.19,0.33,2.52,2.04,0.26,0.26,0.26,0.23,-0.23,0.41,0.65,0.67,2.56
ICRA,DIVERSIFIED FINANCIALS,RATING,SMALL CAP,ICRA,5322.0,5178.99,195.47,227.0,256.0,289.0,599.51,726.6,812.3,908.6,,,,,188.43,221.4,250.1,,27.23,23.44,20.79,18.42,215.03,267.0,295.6,328.2,0.36,0.37,0.36,0.36,21.2,11.79,11.86,16.4,14.87,24.17,10.71,11.03,17.25,15.14,16.13,12.78,12.89,14.44,13.92,22.12,20.88,,,,,,,8.64,7.13,6.38,5.7,6.75,6.4,0.88,-0.36,-0.27,0.73,0.24,0.31,0.3,0.31,,-0.96,0.32,,-1.03,,5178.99,150.11,165.9,196.05,223.05,2124.26,2524.1,2838.85,3195.8,,,,,477.22,575.15,660.2,1241.8,33.34,31.44,25.57,22.36,650.13,817.0,935.15,1077.05,0.33,0.34,0.34,0.35,19.82,12.19,12.27,15.94,14.7,25.07,12.95,13.49,18.85,17.04,8.09,21.32,14.16,14.21,14.19,4132.0,28.51,26.46,,,,,,,8.34,6.96,6.21,5.53,6.58,6.23,1.39,0.19,0.33,2.52,2.04,0.26,0.26,0.26,0.23,-0.23,0.41,0.65,0.67,2.56
CARE RATINGS,DIVERSIFIED FINANCIALS,RATING,SMALL CAP,CARERATING,1713.3,5027.52,,,,,,,,,,,,,,,,,,,,,,,,,,,,,,,,,,,,,,,,,,,,,,,,,,,,,,,,,,,,,,,,,,,,,,,,5178.99,150.11,165.9,196.05,223.05,2124.26,2524.1,2838.85,3195.8,,,,,477.22,575.15,660.2,1241.8,33.34,31.44,25.57,22.36,650.13,817.0,935.15,1077.05,0.33,0.34,0.34,0.35,19.82,12.19,12.27,15.94,14.7,25.07,12.95,13.49,18.85,17.04,8.09,21.32,14.16,14.21,14.19,4132.0,28.51,26.46,,,,,,,8.34,6.96,6.21,5.53,6.58,6.23,1.39,0.19,0.33,2.52,2.04,0.26,0.26,0.26,0.23,-0.23,0.41,0.65,0.67,2.56
CENTRAL DEPOSITORY SERVICES (INDIA),DIVERSIFIED FINANCIALS,RTA,SMALL CAP,CDSL,1370.3,25629.66,21.82,26.41,30.98,39.92,1144.92,1318.0,1514.51,1812.72,93.77,104.91,144.05,118.43,456.13,559.41,657.31,862.1,62.8,51.89,44.23,34.32,585.88,705.9,829.74,1029.22,0.51,0.54,0.55,0.57,15.12,14.91,19.69,15.01,16.55,20.49,17.54,24.04,19.01,20.66,21.03,17.32,28.86,19.16,22.31,48.06,43.48,14.61,13.06,9.51,11.57,11.29,11.38,22.39,19.45,16.92,14.14,18.18,16.84,2.39,1.23,1.99,3.47,3.53,0.4,0.42,0.43,0.48,2.6,0.96,4.16,4.37,6.08,14448.74,19.81,23.28,28.62,32.38,1411.08,1688.1,1948.09,2184.43,95.37,106.37,144.28,121.02,343.71,412.51,505.88,733.4,43.03,37.14,31.98,26.9,585.88,705.9,800.53,979.54,0.41,0.4,0.41,0.45,15.12,14.91,15.15,15.01,14.89,18.52,17.54,18.35,19.01,17.97,21.03,17.32,19.02,19.16,18.39,876.4,34.57,32.25,12.03,10.78,7.92,9.49,9.35,9.4,11.1,9.1,7.82,7.69,8.46,7.86,0.67,0.57,1.06,1.37,2.31,0.26,0.26,0.27,0.33,1.11,0.67,1.08,1.93,2.51
COMPUTER AGE MANAGEMENT SERVICES,DIVERSIFIED FINANCIALS,RTA,SMALL CAP,CAMS,823.15,19172.91,19.13,22.16,25.72,29.82,1516.25,1716.14,1948.09,2200.72,53.26,59.75,77.3,66.35,476.01,548.26,635.36,733.4,43.03,37.14,32.01,27.6,683.91,785.56,902.89,1041.65,0.45,0.46,0.46,0.47,13.18,13.52,12.97,13.35,13.22,14.86,14.94,15.37,14.9,15.06,15.85,16.04,15.97,15.95,15.95,34.57,32.25,15.45,13.78,10.65,12.41,12.21,12.28,12.64,11.17,9.84,8.71,10.51,9.91,0.67,0.57,0.98,1.37,1.62,0.31,0.32,0.33,0.33,0.55,0.67,0.71,1.93,2.01,14448.74,19.81,23.28,28.62,32.38,1411.08,1688.1,1948.09,2184.43,95.37,106.37,144.28,121.02,343.71,412.51,505.88,733.4,43.03,37.14,31.98,26.9,585.88,705.9,800.53,979.54,0.41,0.4,0.41,0.45,15.12,14.91,15.15,15.01,14.89,18.52,17.54,18.35,19.01,17.97,21.03,17.32,19.02,19.16,18.39,876.4,34.57,32.25,12.03,10.78,7.92,9.49,9.35,9.4,11.1,9.1,7.82,7.69,8.46,7.86,0.67,0.57,1.06,1.37,2.31,0.26,0.26,0.27,0.33,1.11,0.67,1.08,1.93,2.51
KFIN TECHNOLOGIES,DIVERSIFIED FINANCIALS,RTA,SMALL CAP,KFINTECH,915.35,14448.74,19.81,23.28,28.62,34.94,1301.49,1587.71,1848.36,2168.14,96.98,107.82,144.5,123.6,343.71,412.51,505.88,616.72,46.21,39.32,31.98,26.2,529.67,631.17,758.53,914.4,0.41,0.4,0.41,0.42,21.99,16.42,17.3,19.17,18.54,19.16,20.18,20.55,19.67,19.96,17.51,22.97,22.08,20.21,20.83,35.65,32.5,9.44,8.49,6.33,7.41,7.41,7.41,11.1,9.1,7.82,6.66,8.46,7.86,-0.94,1.28,1.14,0.42,1.2,0.26,0.26,0.27,0.28,-0.43,1.39,1.08,1.8,2.51,14448.74,19.81,23.28,28.62,32.38,1411.08,1688.1,1948.09,2184.43,95.37,106.37,144.28,121.02,343.71,412.51,505.88,733.4,43.03,37.14,31.98,26.9,585.88,705.9,800.53,979.54,0.41,0.4,0.41,0.45,15.12,14.91,15.15,15.01,14.89,18.52,17.54,18.35,19.01,17.97,21.03,17.32,19.02,19.16,18.39,876.4,34.57,32.25,12.03,10.78,7.92,9.49,9.35,9.4,11.1,9.1,7.82,7.69,8.46,7.86,0.67,0.57,1.06,1.37,2.31,0.26,0.26,0.27,0.33,1.11,0.67,1.08,1.93,2.51
AURIONPRO SOLUTIONS,DIVERSIFIED FINANCIALS,RTA,SMALL CAP,AURIONPRO,876.4,4487.48,38.97,48.5,60.6,,1411.08,1688.1,2034.3,,,,,,215.42,279.1,293.61,,22.49,18.07,14.46,,276.23,320.9,397.5,,0.2,0.19,0.2,,19.63,20.51,,20.07,,16.17,23.87,,19.96,,24.45,24.95,,24.7,,16.27,16.27,,,,,,,3.18,2.66,2.21,,2.43,2.43,-0.57,0.53,,-0.09,,0.15,0.17,0.14,,1.27,-2.1,,-2.77,,14448.74,19.81,23.28,28.62,32.38,1411.08,1688.1,1948.09,2184.43,95.37,106.37,144.28,121.02,343.71,412.51,505.88,733.4,43.03,37.14,31.98,26.9,585.88,705.9,800.53,979.54,0.41,0.4,0.41,0.45,15.12,14.91,15.15,15.01,14.89,18.52,17.54,18.35,19.01,17.97,21.03,17.32,19.02,19.16,18.39,876.4,34.57,32.25,12.03,10.78,7.92,9.49,9.35,9.4,11.1,9.1,7.82,7.69,8.46,7.86,0.67,0.57,1.06,1.37,2.31,0.26,0.26,0.27,0.33,1.11,0.67,1.08,1.93,2.51
CMS INFO SYSTEMS,DIVERSIFIED FINANCIALS,RTA,SMALL CAP,CMSINFO,298.7,5072.48,18.82,22.96,26.49,26.1,2487.18,2804.0,3140.93,3549.4,147.74,163.46,205.73,182.67,312.64,383.7,441.47,,15.87,13.01,11.27,11.45,596.12,706.53,800.53,929.85,0.24,0.25,0.25,0.26,12.74,12.02,13.0,12.38,12.59,18.52,13.3,16.15,15.88,15.97,22.01,15.38,-1.49,18.65,11.51,12.14,11.91,2.02,1.83,1.45,1.64,1.64,1.64,2.04,1.81,1.61,1.43,1.71,1.62,1.23,0.29,0.71,3.12,3.01,0.13,0.14,0.14,,1.11,0.37,,5.74,,14448.74,19.81,23.28,28.62,32.38,1411.08,1688.1,1948.09,2184.43,95.37,106.37,144.28,121.02,343.71,412.51,505.88,733.4,43.03,37.14,31.98,26.9,585.88,705.9,800.53,979.54,0.41,0.4,0.41,0.45,15.12,14.91,15.15,15.01,14.89,18.52,17.54,18.35,19.01,17.97,21.03,17.32,19.02,19.16,18.39,876.4,34.57,32.25,12.03,10.78,7.92,9.49,9.35,9.4,11.1,9.1,7.82,7.69,8.46,7.86,0.67,0.57,1.06,1.37,2.31,0.26,0.26,0.27,0.33,1.11,0.67,1.08,1.93,2.51
TATA CONSULTANCY SVS.,IT,LARGE CAP IT,LARGE CAP,TCS,2125.0,823548.7,148.52,155.27,164.11,170.28,267021.0,289022.8,303858.1,314534.6,296.4,304.34,364.09,331.09,53736.0,56163.06,58711.82,62569.06,14.31,13.69,12.95,12.48,72398.0,78392.66,83015.69,86315.11,0.27,0.27,0.27,0.27,8.24,5.13,3.51,6.68,5.61,8.28,5.9,3.97,7.08,6.04,4.54,5.69,3.76,5.12,4.66,13.32,13.04,7.17,6.98,5.84,6.42,6.41,6.41,3.08,2.85,2.71,2.62,2.78,2.73,0.01,0.2,0.12,0.38,0.4,0.2,0.19,0.19,0.2,-0.69,-0.11,0.57,-2.01,-0.39,393516.85,66.41,74.91,79.75,83.26,154397.0,167038.1,176189.7,184615.65,253.21,281.38,293.03,286.16,23041.0,25460.7,27138.83,28246.59,14.55,13.63,12.88,12.33,35204.5,37930.06,40164.66,41541.22,0.23,0.22,0.23,0.22,8.04,5.21,4.1,6.73,5.87,8.76,5.65,3.37,7.19,5.98,8.48,5.84,4.11,6.91,6.22,1091.55,13.25,12.95,4.33,3.88,3.72,3.83,3.8,3.81,2.53,2.34,2.22,2.12,2.28,2.22,0.09,0.13,-0.08,0.4,0.18,0.15,0.15,0.15,0.15,-0.27,0.12,0.07,-0.48,-0.13
INFOSYS,IT,LARGE CAP IT,LARGE CAP,INFY,1051.4,472650.8,71.46,77.44,82.09,86.37,178650.0,193739.7,203991.2,213534.6,229.44,278.86,284.06,298.52,29440.0,31270.66,33203.43,34716.66,14.71,13.58,12.81,12.17,42280.0,46185.81,48680.83,50461.74,0.24,0.24,0.24,0.24,8.45,5.29,4.68,6.86,6.13,9.24,5.4,3.66,7.3,6.07,8.38,5.99,5.22,7.18,6.52,13.19,12.85,4.58,3.77,3.7,3.52,3.74,3.66,2.65,2.44,2.32,2.21,2.38,2.32,0.17,0.03,-0.23,0.42,-0.05,0.16,0.16,0.16,0.16,-0.34,0.14,-0.02,-0.62,-0.45,393516.85,66.41,74.91,79.75,83.26,154397.0,167038.1,176189.7,184615.65,253.21,281.38,293.03,286.16,23041.0,25460.7,27138.83,28246.59,14.55,13.63,12.88,12.33,35204.5,37930.06,40164.66,41541.22,0.23,0.22,0.23,0.22,8.04,5.21,4.1,6.73,5.87,8.76,5.65,3.37,7.19,5.98,8.48,5.84,4.11,6.91,6.22,1091.55,13.25,12.95,4.33,3.88,3.72,3.83,3.8,3.81,2.53,2.34,2.22,2.12,2.28,2.22,0.09,0.13,-0.08,0.4,0.18,0.15,0.15,0.15,0.15,-0.27,0.12,0.07,-0.48,-0.13
HCL TECHNOLOGIES,IT,LARGE CAP IT,LARGE CAP,HCLTECH,1131.7,314382.9,61.36,72.38,77.41,80.16,130144.0,140336.5,148388.2,155696.7,276.99,283.91,302.0,273.81,16642.0,19650.73,21074.23,21776.53,18.44,15.64,14.62,14.12,28129.0,29674.3,31648.5,32620.69,0.22,0.21,0.21,0.21,7.83,5.74,4.93,6.78,6.16,5.49,6.65,3.07,6.07,5.06,17.95,6.95,3.55,12.32,9.32,15.13,14.79,4.09,3.99,3.75,4.13,3.87,3.96,2.42,2.24,2.12,2.02,2.18,2.13,-0.47,0.18,-0.38,-0.66,-1.03,0.13,0.14,0.14,0.14,1.22,0.2,-0.22,5.39,3.03,393516.85,66.41,74.91,79.75,83.26,154397.0,167038.1,176189.7,184615.65,253.21,281.38,293.03,286.16,23041.0,25460.7,27138.83,28246.59,14.55,13.63,12.88,12.33,35204.5,37930.06,40164.66,41541.22,0.23,0.22,0.23,0.22,8.04,5.21,4.1,6.73,5.87,8.76,5.65,3.37,7.19,5.98,8.48,5.84,4.11,6.91,6.22,1091.55,13.25,12.95,4.33,3.88,3.72,3.83,3.8,3.81,2.53,2.34,2.22,2.12,2.28,2.22,0.09,0.13,-0.08,0.4,0.18,0.15,0.15,0.15,0.15,-0.27,0.12,0.07,-0.48,-0.13
WIPRO,IT,LARGE CAP IT,LARGE CAP,WIPRO,180.8,213720.1,12.56,13.64,14.29,14.92,92624.0,99166.33,103034.7,105710.8,84.51,89.99,95.77,95.07,13197.4,13935.84,14577.36,15120.58,14.39,13.26,12.66,12.12,17836.9,19744.32,20597.32,21204.03,0.19,0.2,0.2,0.2,7.06,3.9,2.6,5.47,4.5,10.69,4.32,2.95,7.46,5.93,8.59,4.74,4.46,6.65,5.91,12.96,12.68,2.14,2.01,1.89,1.9,1.95,1.93,2.31,2.16,2.07,2.02,2.11,2.08,0.65,0.08,0.07,1.89,1.37,0.14,0.14,0.14,0.14,-0.2,0.1,0.16,-0.35,0.13,393516.85,66.41,74.91,79.75,83.26,154397.0,167038.1,176189.7,184615.65,253.21,281.38,293.03,286.16,23041.0,25460.7,27138.83,28246.59,14.55,13.63,12.88,12.33,35204.5,37930.06,40164.66,41541.22,0.23,0.22,0.23,0.22,8.04,5.21,4.1,6.73,5.87,8.76,5.65,3.37,7.19,5.98,8.48,5.84,4.11,6.91,6.22,1091.55,13.25,12.95,4.33,3.88,3.72,3.83,3.8,3.81,2.53,2.34,2.22,2.12,2.28,2.22,0.09,0.13,-0.08,0.4,0.18,0.15,0.15,0.15,0.15,-0.27,0.12,0.07,-0.48,-0.13
LTIMINDTREE,IT,MID / SMALL CAP IT,LARGE CAP,LTIM,,117757.7,169.13,209.66,232.38,252.87,42307.6,47589.04,51987.73,56396.28,810.39,938.08,1234.8,1078.48,5018.1,6215.81,6694.27,7521.29,,,,,7555.2,8604.79,9442.59,10177.86,0.18,0.18,0.18,0.18,12.48,9.24,8.48,10.85,10.06,13.89,9.74,7.79,11.8,10.44,23.97,10.83,8.82,17.22,14.35,,,,,,,,,2.78,2.47,2.27,2.09,2.37,2.28,0.22,0.08,-0.12,0.85,0.35,0.12,0.13,0.13,0.13,1.2,-0.18,0.46,4.19,3.99,23560.82,42.26,52.98,65.91,75.26,8947.04,9923.52,11001.51,13072.33,185.32,227.13,354.45,272.2,878.55,995.83,1216.23,1423.65,23.74,18.94,17.03,14.93,1425.81,1737.44,2012.71,2266.81,0.17,0.18,0.18,0.19,12.93,9.95,10.33,11.74,12.0,15.24,10.24,11.63,12.01,12.71,21.55,17.13,14.3,18.67,17.96,532.4,18.04,17.22,4.03,3.51,2.48,3.02,2.97,3.0,2.72,2.36,2.16,1.93,2.26,2.17,0.12,0.13,0.26,0.34,0.06,0.12,0.12,0.12,0.13,-0.22,0.4,0.45,2.57,2.68
TECH MAHINDRA,IT,MID / SMALL CAP IT,LARGE CAP,TECHM,1409.6,142945.8,57.26,78.07,85.43,93.98,56815.4,61929.57,65557.61,69566.48,,358.64,374.02,382.12,5083.3,6918.88,7608.89,8362.85,24.62,18.05,16.5,15.0,9034.1,11070.73,11948.54,12946.51,0.16,0.18,0.18,0.19,9.0,5.86,6.12,7.42,6.98,22.54,7.93,8.35,15.0,12.74,36.35,9.43,10.0,22.15,17.96,17.28,16.52,,3.93,3.77,3.69,3.85,3.8,2.52,2.31,2.18,2.05,2.24,2.18,1.98,0.35,0.38,7.06,5.38,0.09,0.11,0.12,0.12,2.23,0.43,0.41,13.9,10.35,23560.82,42.26,52.98,65.91,75.26,8947.04,9923.52,11001.51,13072.33,185.32,227.13,354.45,272.2,878.55,995.83,1216.23,1423.65,23.74,18.94,17.03,14.93,1425.81,1737.44,2012.71,2266.81,0.17,0.18,0.18,0.19,12.93,9.95,10.33,11.74,12.0,15.24,10.24,11.63,12.01,12.71,21.55,17.13,14.3,18.67,17.96,532.4,18.04,17.22,4.03,3.51,2.48,3.02,2.97,3.0,2.72,2.36,2.16,1.93,2.26,2.17,0.12,0.13,0.26,0.34,0.06,0.12,0.12,0.12,0.13,-0.22,0.4,0.45,2.57,2.68
PERSISTENT SYSTEMS,IT,MID / SMALL CAP IT,MID CAP,PERSISTENT,4829.0,79768.45,118.87,146.18,171.94,197.57,14748.45,17616.23,20321.6,23024.8,496.85,595.0,982.47,711.54,1865.12,2307.18,2745.63,3123.1,40.62,33.03,28.08,24.44,2795.44,3344.38,3891.45,4369.58,0.19,0.19,0.19,0.19,19.44,15.36,13.3,17.38,16.01,19.64,16.36,12.29,17.99,16.05,22.98,17.62,14.9,20.27,18.45,30.56,28.52,9.72,8.12,4.92,6.79,6.52,6.61,5.41,4.53,3.93,3.46,4.23,3.97,0.03,0.16,-0.17,0.51,0.04,0.13,0.13,0.14,0.14,0.45,0.41,0.05,3.36,2.36,23560.82,42.26,52.98,65.91,75.26,8947.04,9923.52,11001.51,13072.33,185.32,227.13,354.45,272.2,878.55,995.83,1216.23,1423.65,23.74,18.94,17.03,14.93,1425.81,1737.44,2012.71,2266.81,0.17,0.18,0.18,0.19,12.93,9.95,10.33,11.74,12.0,15.24,10.24,11.63,12.01,12.71,21.55,17.13,14.3,18.67,17.96,532.4,18.04,17.22,4.03,3.51,2.48,3.02,2.97,3.0,2.72,2.36,2.16,1.93,2.26,2.17,0.12,0.13,0.26,0.34,0.06,0.12,0.12,0.12,0.13,-0.22,0.4,0.45,2.57,2.68
MPHASIS,IT,MID / SMALL CAP IT,MID CAP,MPHASIS,2267.5,43225.8,99.21,114.38,127.58,140.0,15879.65,18064.74,19867.33,21675.81,563.03,623.23,741.05,683.52,2112.03,2172.4,2443.91,2761.01,22.86,19.83,17.77,16.2,2978.18,3396.92,3738.8,4038.27,0.19,0.19,0.19,0.19,13.76,9.98,9.1,11.85,10.93,14.06,10.06,8.01,12.04,10.68,15.29,11.54,9.74,13.4,12.16,18.8,17.93,4.03,3.64,3.06,3.32,3.35,3.34,2.72,2.39,2.18,1.99,2.28,2.19,0.05,0.01,-0.19,0.17,-0.22,0.13,0.12,0.12,0.13,-1.27,0.28,0.44,-3.83,-1.43,23560.82,42.26,52.98,65.91,75.26,8947.04,9923.52,11001.51,13072.33,185.32,227.13,354.45,272.2,878.55,995.83,1216.23,1423.65,23.74,18.94,17.03,14.93,1425.81,1737.44,2012.71,2266.81,0.17,0.18,0.18,0.19,12.93,9.95,10.33,11.74,12.0,15.24,10.24,11.63,12.01,12.71,21.55,17.13,14.3,18.67,17.96,532.4,18.04,17.22,4.03,3.51,2.48,3.02,2.97,3.0,2.72,2.36,2.16,1.93,2.26,2.17,0.12,0.13,0.26,0.34,0.06,0.12,0.12,0.12,0.13,-0.22,0.4,0.45,2.57,2.68
Hexaware Technologies Limited,IT,MID / SMALL CAP IT,MID CAP,HEXT,499.6,30954.32,,,,,13430.4,15226.18,16734.79,18344.34,,,,,1480.3,1484.17,1706.19,1905.58,,,,,2293.4,2437.62,2729.7,3029.5,0.17,0.16,0.16,0.17,13.37,9.91,9.62,11.63,10.95,6.29,11.98,10.98,9.1,9.72,,,,,,,,,,,,,,2.3,2.03,1.85,1.69,1.94,1.86,-1.07,0.3,0.2,-2.26,-1.11,0.11,0.1,0.1,0.1,-1.27,0.45,0.19,-3.82,-1.96,23560.82,42.26,52.98,65.91,75.26,8947.04,9923.52,11001.51,13072.33,185.32,227.13,354.45,272.2,878.55,995.83,1216.23,1423.65,23.74,18.94,17.03,14.93,1425.81,1737.44,2012.71,2266.81,0.17,0.18,0.18,0.19,12.93,9.95,10.33,11.74,12.0,15.24,10.24,11.63,12.01,12.71,21.55,17.13,14.3,18.67,17.96,532.4,18.04,17.22,4.03,3.51,2.48,3.02,2.97,3.0,2.72,2.36,2.16,1.93,2.26,2.17,0.12,0.13,0.26,0.34,0.06,0.12,0.12,0.12,0.13,-0.22,0.4,0.45,2.57,2.68
COFORGE,IT,MID / SMALL CAP IT,MID CAP,COFORGE,1463.3,61180.39,50.2,56.35,67.19,77.84,16475.9,21605.91,25486.33,28816.76,284.02,421.87,637.99,489.01,1781.7,2178.02,2667.99,3284.51,29.15,25.97,21.78,18.8,2936.1,4208.31,4957.46,5702.7,0.18,0.19,0.19,0.2,31.14,17.96,13.07,24.37,20.48,43.33,17.8,15.03,29.94,24.77,12.26,19.23,15.86,15.69,15.74,23.87,22.18,5.15,3.47,2.29,2.99,2.88,2.92,3.71,2.83,2.4,2.12,2.62,2.45,1.66,-0.03,0.34,4.48,3.56,0.11,0.1,0.1,0.11,-0.73,0.39,0.93,-1.61,1.77,23560.82,42.26,52.98,65.91,75.26,8947.04,9923.52,11001.51,13072.33,185.32,227.13,354.45,272.2,878.55,995.83,1216.23,1423.65,23.74,18.94,17.03,14.93,1425.81,1737.44,2012.71,2266.81,0.17,0.18,0.18,0.19,12.93,9.95,10.33,11.74,12.0,15.24,10.24,11.63,12.01,12.71,21.55,17.13,14.3,18.67,17.96,532.4,18.04,17.22,4.03,3.51,2.48,3.02,2.97,3.0,2.72,2.36,2.16,1.93,2.26,2.17,0.12,0.13,0.26,0.34,0.06,0.12,0.12,0.12,0.13,-0.22,0.4,0.45,2.57,2.68
INVENTURUS KNOWLEDGE SOLUTIONS,IT,MID / SMALL CAP IT,MID CAP,IKS,1675.2,27586.46,42.26,52.98,65.91,75.26,3193.79,4543.78,5798.5,5976.02,163.21,210.7,334.88,272.2,721.55,899.38,1123.79,1292.92,39.64,31.62,25.42,22.26,1091.34,1419.86,1818.35,1912.68,0.34,0.31,0.31,0.32,42.27,27.61,3.06,34.74,23.23,30.1,28.07,5.19,29.08,20.57,25.37,24.39,14.19,24.88,21.21,28.52,26.43,10.26,7.95,5.0,6.15,6.48,6.37,8.64,6.07,4.76,4.62,5.41,5.15,-2.92,0.11,0.65,-4.2,-2.16,0.23,0.2,0.19,0.22,-2.8,-0.41,2.25,-7.38,-1.43,23560.82,42.26,52.98,65.91,75.26,8947.04,9923.52,11001.51,13072.33,185.32,227.13,354.45,272.2,878.55,995.83,1216.23,1423.65,23.74,18.94,17.03,14.93,1425.81,1737.44,2012.71,2266.81,0.17,0.18,0.18,0.19,12.93,9.95,10.33,11.74,12.0,15.24,10.24,11.63,12.01,12.71,21.55,17.13,14.3,18.67,17.96,532.4,18.04,17.22,4.03,3.51,2.48,3.02,2.97,3.0,2.72,2.36,2.16,1.93,2.26,2.17,0.12,0.13,0.26,0.34,0.06,0.12,0.12,0.12,0.13,-0.22,0.4,0.45,2.57,2.68
SAGILITY INDIA,IT,MID / SMALL CAP IT,SMALL CAP,SAGILITY,39.49,19535.18,2.05,2.44,2.89,3.46,7192.85,8430.33,9488.34,10683.96,20.63,22.96,28.63,25.55,957.59,1092.28,1308.66,1554.38,19.26,16.15,13.68,11.4,1760.28,2055.01,2207.07,2620.95,0.24,0.24,0.23,0.25,17.2,12.55,12.6,14.85,14.1,16.74,7.4,18.75,11.97,14.19,19.27,18.08,19.99,18.67,19.11,14.91,13.74,1.91,1.72,1.38,1.55,1.55,1.55,2.72,2.32,2.06,1.83,2.19,2.07,-0.1,-1.12,1.27,-2.51,0.08,0.13,0.13,0.14,0.15,-0.36,0.84,0.76,1.78,3.0,23560.82,42.26,52.98,65.91,75.26,8947.04,9923.52,11001.51,13072.33,185.32,227.13,354.45,272.2,878.55,995.83,1216.23,1423.65,23.74,18.94,17.03,14.93,1425.81,1737.44,2012.71,2266.81,0.17,0.18,0.18,0.19,12.93,9.95,10.33,11.74,12.0,15.24,10.24,11.63,12.01,12.71,21.55,17.13,14.3,18.67,17.96,532.4,18.04,17.22,4.03,3.51,2.48,3.02,2.97,3.0,2.72,2.36,2.16,1.93,2.26,2.17,0.12,0.13,0.26,0.34,0.06,0.12,0.12,0.12,0.13,-0.22,0.4,0.45,2.57,2.68
SONATA SOFTWARE,IT,MID / SMALL CAP IT,SMALL CAP,SONATSOFTW,297.4,7476.21,14.47,19.01,22.27,27.4,10701.24,11416.71,12514.67,15460.7,68.81,81.45,,97.28,401.54,531.23,613.82,758.7,20.55,15.64,13.35,10.85,741.25,812.57,926.77,1060.5,0.07,0.07,0.07,0.07,6.69,9.62,23.54,8.14,13.05,9.62,14.05,14.43,11.82,12.68,31.4,17.13,23.03,24.06,23.72,14.5,13.28,4.32,3.65,,3.06,3.65,3.35,0.7,0.65,0.6,0.48,0.63,0.58,0.19,0.29,-0.55,3.4,-0.33,0.04,0.05,0.05,0.05,0.9,0.25,0.0,14.33,9.36,23560.82,42.26,52.98,65.91,75.26,8947.04,9923.52,11001.51,13072.33,185.32,227.13,354.45,272.2,878.55,995.83,1216.23,1423.65,23.74,18.94,17.03,14.93,1425.81,1737.44,2012.71,2266.81,0.17,0.18,0.18,0.19,12.93,9.95,10.33,11.74,12.0,15.24,10.24,11.63,12.01,12.71,21.55,17.13,14.3,18.67,17.96,532.4,18.04,17.22,4.03,3.51,2.48,3.02,2.97,3.0,2.72,2.36,2.16,1.93,2.26,2.17,0.12,0.13,0.26,0.34,0.06,0.12,0.12,0.12,0.13,-0.22,0.4,0.45,2.57,2.68
BIRLASOFT,IT,MID / SMALL CAP IT,SMALL CAP,BSOFT,326.4,9067.17,19.95,22.21,24.54,26.71,5309.96,5396.38,5931.97,6103.78,147.16,158.39,191.4,175.01,559.04,622.23,686.77,747.33,16.36,14.69,13.3,12.22,866.05,842.38,909.79,907.7,0.16,0.16,0.15,0.15,1.63,9.92,2.9,5.69,4.75,-2.73,8.0,-0.23,2.49,1.58,11.34,10.46,8.87,10.9,10.22,14.0,13.41,2.22,2.06,1.71,1.87,1.88,1.88,1.71,1.68,1.53,1.49,1.6,1.56,-0.7,-0.27,-0.47,-3.03,-3.03,0.11,0.12,0.12,0.12,1.0,0.05,0.67,4.86,5.16,23560.82,42.26,52.98,65.91,75.26,8947.04,9923.52,11001.51,13072.33,185.32,227.13,354.45,272.2,878.55,995.83,1216.23,1423.65,23.74,18.94,17.03,14.93,1425.81,1737.44,2012.71,2266.81,0.17,0.18,0.18,0.19,12.93,9.95,10.33,11.74,12.0,15.24,10.24,11.63,12.01,12.71,21.55,17.13,14.3,18.67,17.96,532.4,18.04,17.22,4.03,3.51,2.48,3.02,2.97,3.0,2.72,2.36,2.16,1.93,2.26,2.17,0.12,0.13,0.26,0.34,0.06,0.12,0.12,0.12,0.13,-0.22,0.4,0.45,2.57,2.68
ZENSAR TECHNOLOGIES,IT,MID / SMALL CAP IT,SMALL CAP,ZENSARTECH,447.95,11057.99,34.77,35.04,38.82,41.9,5687.4,6175.31,6664.78,7052.65,207.44,227.13,266.05,249.82,799.5,798.02,889.41,945.13,12.88,12.79,11.54,10.69,916.1,969.92,1064.49,1134.1,0.16,0.16,0.16,0.16,8.58,7.93,5.82,8.25,7.44,5.87,9.75,6.54,7.8,7.37,0.77,10.79,7.94,5.66,6.42,12.16,11.67,2.16,1.97,1.68,1.79,1.83,1.82,1.94,1.79,1.66,1.57,1.72,1.67,-0.4,0.27,0.11,-0.42,-0.06,0.14,0.13,0.13,0.13,-1.13,0.42,0.06,-2.57,-1.58,23560.82,42.26,52.98,65.91,75.26,8947.04,9923.52,11001.51,13072.33,185.32,227.13,354.45,272.2,878.55,995.83,1216.23,1423.65,23.74,18.94,17.03,14.93,1425.81,1737.44,2012.71,2266.81,0.17,0.18,0.18,0.19,12.93,9.95,10.33,11.74,12.0,15.24,10.24,11.63,12.01,12.71,21.55,17.13,14.3,18.67,17.96,532.4,18.04,17.22,4.03,3.51,2.48,3.02,2.97,3.0,2.72,2.36,2.16,1.93,2.26,2.17,0.12,0.13,0.26,0.34,0.06,0.12,0.12,0.12,0.13,-0.22,0.4,0.45,2.57,2.68
HAPPIEST MINDS TECHNOLOGIES PVT,IT,MID / SMALL CAP IT,SMALL CAP,HAPPSTMNDS,345.35,5661.12,12.26,15.25,19.68,23.25,2060.84,2315.1,2647.18,3023.45,104.94,112.5,139.4,124.75,184.66,220.55,298.95,355.98,28.17,22.65,17.55,14.85,354.42,412.6,490.67,576.13,0.17,0.18,0.19,0.19,12.34,14.34,14.21,13.34,13.63,16.42,18.92,17.42,17.66,17.58,24.39,29.02,18.17,26.68,23.78,20.1,18.35,3.29,3.07,2.48,2.77,2.77,2.77,2.75,2.45,2.14,1.87,2.29,2.15,0.62,0.71,0.52,3.82,3.48,0.09,0.1,0.11,0.12,0.57,1.77,0.48,12.26,9.53,23560.82,42.26,52.98,65.91,75.26,8947.04,9923.52,11001.51,13072.33,185.32,227.13,354.45,272.2,878.55,995.83,1216.23,1423.65,23.74,18.94,17.03,14.93,1425.81,1737.44,2012.71,2266.81,0.17,0.18,0.18,0.19,12.93,9.95,10.33,11.74,12.0,15.24,10.24,11.63,12.01,12.71,21.55,17.13,14.3,18.67,17.96,532.4,18.04,17.22,4.03,3.51,2.48,3.02,2.97,3.0,2.72,2.36,2.16,1.93,2.26,2.17,0.12,0.13,0.26,0.34,0.06,0.12,0.12,0.12,0.13,-0.22,0.4,0.45,2.57,2.68
INDEGENE,IT,MID / SMALL CAP IT,SMALL CAP,INDGN,532.4,12467.84,17.46,21.22,26.87,30.72,3510.5,4301.42,4828.49,5571.68,130.29,150.03,205.67,172.61,421.4,512.4,639.56,740.2,30.49,25.09,19.81,17.33,619.1,772.12,806.24,1050.4,0.18,0.18,0.17,0.19,22.53,12.25,15.39,17.28,16.65,24.72,4.42,30.28,14.12,19.27,21.55,26.63,14.3,24.06,20.72,22.45,20.74,4.09,3.55,2.59,3.08,3.07,3.07,3.55,2.9,2.58,2.24,2.74,2.57,0.31,-1.25,2.15,-2.7,2.25,0.12,0.12,0.13,0.13,-0.09,1.33,0.04,5.04,3.44,23560.82,42.26,52.98,65.91,75.26,8947.04,9923.52,11001.51,13072.33,185.32,227.13,354.45,272.2,878.55,995.83,1216.23,1423.65,23.74,18.94,17.03,14.93,1425.81,1737.44,2012.71,2266.81,0.17,0.18,0.18,0.19,12.93,9.95,10.33,11.74,12.0,15.24,10.24,11.63,12.01,12.71,21.55,17.13,14.3,18.67,17.96,532.4,18.04,17.22,4.03,3.51,2.48,3.02,2.97,3.0,2.72,2.36,2.16,1.93,2.26,2.17,0.12,0.13,0.26,0.34,0.06,0.12,0.12,0.12,0.13,-0.22,0.4,0.45,2.57,2.68
MASTEK,IT,MID / SMALL CAP IT,SMALL CAP,MASTEK,1605.5,5059.94,139.15,141.85,158.35,186.65,3698.75,4055.65,4436.97,4927.15,965.2,1079.3,1355.1,1204.45,434.12,435.98,489.32,615.4,11.54,11.32,10.14,8.6,585.56,650.74,718.54,813.2,0.16,0.16,0.16,0.17,9.65,9.4,11.05,9.53,10.03,11.13,10.42,13.17,10.77,11.57,1.94,11.63,17.87,6.68,10.28,10.73,10.02,1.66,1.49,1.18,1.33,1.34,1.34,1.37,1.25,1.14,1.03,1.19,1.14,0.21,0.15,0.31,1.14,1.4,0.12,0.11,0.11,0.12,-0.99,0.28,1.46,-3.07,2.09,23560.82,42.26,52.98,65.91,75.26,8947.04,9923.52,11001.51,13072.33,185.32,227.13,354.45,272.2,878.55,995.83,1216.23,1423.65,23.74,18.94,17.03,14.93,1425.81,1737.44,2012.71,2266.81,0.17,0.18,0.18,0.19,12.93,9.95,10.33,11.74,12.0,15.24,10.24,11.63,12.01,12.71,21.55,17.13,14.3,18.67,17.96,532.4,18.04,17.22,4.03,3.51,2.48,3.02,2.97,3.0,2.72,2.36,2.16,1.93,2.26,2.17,0.12,0.13,0.26,0.34,0.06,0.12,0.12,0.12,0.13,-0.22,0.4,0.45,2.57,2.68
L&T TECHNOLOGY SERVICES,IT,ER&D,MID CAP,LTTS,3331.2,37555.7,120.53,142.3,162.63,183.91,10995.9,12112.24,13349.76,14627.28,610.64,663.26,654.07,750.55,1279.2,1524.87,1745.08,1940.69,27.64,23.41,20.48,18.11,1935.0,2262.56,2547.93,2822.84,0.18,0.19,0.19,0.19,10.15,10.22,9.57,10.18,9.98,16.93,12.61,10.79,14.75,13.41,18.06,14.28,13.09,16.16,15.13,21.95,20.67,5.46,5.02,5.09,4.44,5.06,4.85,3.42,3.1,2.81,2.57,2.96,2.83,1.08,0.41,0.21,4.14,3.12,0.12,0.13,0.13,0.13,0.96,0.48,0.2,6.0,4.48,27009.52,46.89,63.12,73.84,82.12,6454.93,7074.44,7893.29,8727.98,501.26,511.69,376.42,542.66,644.49,830.14,958.01,1054.86,29.85,25.19,21.07,18.83,1078.46,1200.1,1393.92,1544.73,0.19,0.19,0.19,0.19,12.14,10.42,9.57,11.31,10.58,25.24,13.96,10.79,19.9,16.87,31.24,14.56,11.22,22.43,18.14,859.05,23.13,21.7,5.65,5.08,5.09,4.44,5.06,4.85,3.42,3.1,2.81,2.57,2.96,2.83,1.8,0.55,0.15,7.96,5.88,0.11,0.12,0.13,0.13,1.47,0.58,0.17,9.53,6.55
TATA ELXSI,IT,ER&D,MID CAP,TATAELXSI,4065.5,27009.52,102.46,134.47,153.58,168.96,3757.42,4213.48,4655.39,5083.78,488.2,539.64,376.42,542.66,644.49,836.65,958.01,1054.86,39.68,30.23,26.47,24.06,751.16,1053.68,1206.66,1302.71,0.2,0.25,0.26,0.26,12.14,10.49,9.2,11.31,10.6,40.27,14.52,7.96,26.74,20.14,31.24,14.21,10.01,22.43,18.14,28.35,26.92,8.33,7.53,10.8,7.49,9.17,8.61,7.19,6.41,5.8,5.31,6.11,5.84,5.02,0.91,-0.29,13.87,8.63,0.17,0.2,0.21,0.21,2.7,0.72,0.17,9.53,6.55,27009.52,46.89,63.12,73.84,82.12,6454.93,7074.44,7893.29,8727.98,501.26,511.69,376.42,542.66,644.49,830.14,958.01,1054.86,29.85,25.19,21.07,18.83,1078.46,1200.1,1393.92,1544.73,0.19,0.19,0.19,0.19,12.14,10.42,9.57,11.31,10.58,25.24,13.96,10.79,19.9,16.87,31.24,14.56,11.22,22.43,18.14,859.05,23.13,21.7,5.65,5.08,5.09,4.44,5.06,4.85,3.42,3.1,2.81,2.57,2.96,2.83,1.8,0.55,0.15,7.96,5.88,0.11,0.12,0.13,0.13,1.47,0.58,0.17,9.53,6.55
TATA TECHNOLOGIES,IT,ER&D,MID CAP,TATATECH,742.25,28679.44,13.47,19.87,22.76,25.18,5505.57,6574.68,7259.77,7956.29,,101.53,115.7,109.16,546.59,807.51,926.97,1013.84,55.1,37.36,32.61,29.48,,1130.08,1287.82,1406.48,,0.17,0.18,0.18,19.42,10.42,9.59,14.83,13.06,,13.96,9.21,,,47.5,14.56,10.63,29.99,23.18,34.99,33.15,,7.31,6.42,6.8,6.86,6.84,5.21,4.36,3.95,3.6,4.16,3.97,,0.55,-0.06,,,0.1,0.12,0.13,0.13,2.35,0.49,-0.03,13.41,8.68,27009.52,46.89,63.12,73.84,82.12,6454.93,7074.44,7893.29,8727.98,501.26,511.69,376.42,542.66,644.49,830.14,958.01,1054.86,29.85,25.19,21.07,18.83,1078.46,1200.1,1393.92,1544.73,0.19,0.19,0.19,0.19,12.14,10.42,9.57,11.31,10.58,25.24,13.96,10.79,19.9,16.87,31.24,14.56,11.22,22.43,18.14,859.05,23.13,21.7,5.65,5.08,5.09,4.44,5.06,4.85,3.42,3.1,2.81,2.57,2.96,2.83,1.8,0.55,0.15,7.96,5.88,0.11,0.12,0.13,0.13,1.47,0.58,0.17,9.53,6.55
KPIT TECHNOLOGIES,IT,ER&D,MID CAP,KPITTECH,760.05,21361.66,25.46,30.17,36.06,40.37,6454.93,7074.44,7893.29,8727.98,130.07,149.67,205.41,175.3,697.08,830.14,990.7,1104.56,29.85,25.19,21.07,18.83,1257.83,1471.75,1672.02,1861.64,0.19,0.21,0.21,0.21,9.6,11.57,10.57,10.58,10.58,17.01,13.61,11.34,15.29,13.96,18.51,19.53,11.94,19.02,16.61,23.13,21.7,5.84,5.08,3.7,4.34,4.39,4.37,3.31,3.02,2.71,2.45,2.86,2.72,1.32,0.38,0.15,4.26,3.06,0.11,0.12,0.13,0.13,0.94,0.82,0.1,7.81,5.43,27009.52,46.89,63.12,73.84,82.12,6454.93,7074.44,7893.29,8727.98,501.26,511.69,376.42,542.66,644.49,830.14,958.01,1054.86,29.85,25.19,21.07,18.83,1078.46,1200.1,1393.92,1544.73,0.19,0.19,0.19,0.19,12.14,10.42,9.57,11.31,10.58,25.24,13.96,10.79,19.9,16.87,31.24,14.56,11.22,22.43,18.14,859.05,23.13,21.7,5.65,5.08,5.09,4.44,5.06,4.85,3.42,3.1,2.81,2.57,2.96,2.83,1.8,0.55,0.15,7.96,5.88,0.11,0.12,0.13,0.13,1.47,0.58,0.17,9.53,6.55
CYIENT,IT,ER&D,SMALL CAP,CYIENT,859.05,10225.28,46.89,63.12,73.84,82.12,7268.2,8193.93,9039.42,9491.26,514.32,511.69,398.5,548.48,520.7,707.31,832.5,941.54,18.32,13.61,11.63,10.46,899.1,1200.1,1393.92,1544.73,0.12,0.15,0.15,0.16,12.74,10.32,5.0,11.52,9.3,33.48,16.15,10.82,24.51,19.77,34.61,16.98,11.22,25.49,20.54,12.62,11.9,1.67,1.68,2.16,1.57,1.92,1.8,1.41,1.25,1.13,1.08,1.19,1.15,2.28,0.77,0.85,11.65,9.58,0.07,0.09,0.09,0.1,1.47,0.58,0.71,13.38,11.46,27009.52,46.89,63.12,73.84,82.12,6454.93,7074.44,7893.29,8727.98,501.26,511.69,376.42,542.66,644.49,830.14,958.01,1054.86,29.85,25.19,21.07,18.83,1078.46,1200.1,1393.92,1544.73,0.19,0.19,0.19,0.19,12.14,10.42,9.57,11.31,10.58,25.24,13.96,10.79,19.9,16.87,31.24,14.56,11.22,22.43,18.14,859.05,23.13,21.7,5.65,5.08,5.09,4.44,5.06,4.85,3.42,3.1,2.81,2.57,2.96,2.83,1.8,0.55,0.15,7.96,5.88,0.11,0.12,0.13,0.13,1.47,0.58,0.17,9.53,6.55
FIRSTSOURCE SOLUTIONS,IT,BPO,SMALL CAP,FSL,244.7,19185.35,10.95,13.41,15.57,18.77,9616.12,11140.93,12324.16,14011.8,63.51,69.32,88.86,77.94,772.66,951.1,1103.98,1352.26,22.35,18.25,15.72,13.04,1556.18,1867.79,2082.37,2405.19,0.16,0.17,0.17,0.17,15.86,10.62,13.69,13.21,13.37,20.02,11.49,15.5,15.68,15.62,22.47,16.11,20.53,19.24,19.67,16.98,15.67,3.85,3.53,2.75,3.14,3.14,3.14,2.0,1.72,1.56,1.37,1.64,1.55,0.58,0.13,0.27,2.18,1.98,0.08,0.09,0.09,0.1,0.5,0.42,0.69,5.59,6.3,14423.11,42.68,49.49,57.15,64.44,6866.57,8010.92,8919.9,10017.32,170.92,203.62,288.12,248.55,739.43,884.07,1026.64,1210.45,20.71,17.41,15.04,12.96,1189.48,1557.54,1749.85,1979.54,0.18,0.21,0.21,0.21,17.21,11.81,11.44,14.48,13.45,35.81,12.56,12.57,23.46,19.61,18.73,15.74,16.03,17.21,16.81,424.9,16.23,15.14,4.47,3.86,2.83,3.26,3.35,3.32,2.75,2.34,2.09,1.88,2.21,2.1,3.08,0.14,0.19,7.79,5.43,0.13,0.13,0.13,0.14,0.04,0.45,0.61,2.88,3.72
ECLERX SERVICES,IT,BPO,SMALL CAP,ECLERX,1418.7,14423.11,74.42,85.58,98.73,110.12,4117.03,4880.9,5515.64,6022.84,278.34,337.92,487.4,419.16,706.21,817.05,949.3,1068.65,19.06,16.58,14.37,12.88,822.79,1247.3,1417.32,1553.88,0.2,0.26,0.26,0.26,18.55,13.0,9.2,15.75,13.52,51.59,13.63,9.64,31.25,23.61,14.99,15.37,11.53,15.18,13.95,15.47,14.61,5.1,4.2,2.91,3.38,3.55,3.5,3.5,2.96,2.61,2.39,2.78,2.65,5.57,0.14,0.1,13.39,8.89,0.17,0.17,0.17,0.18,-0.41,0.47,0.53,0.17,1.13,14423.11,42.68,49.49,57.15,64.44,6866.57,8010.92,8919.9,10017.32,170.92,203.62,288.12,248.55,739.43,884.07,1026.64,1210.45,20.71,17.41,15.04,12.96,1189.48,1557.54,1749.85,1979.54,0.18,0.21,0.21,0.21,17.21,11.81,11.44,14.48,13.45,35.81,12.56,12.57,23.46,19.61,18.73,15.74,16.03,17.21,16.81,424.9,16.23,15.14,4.47,3.86,2.83,3.26,3.35,3.32,2.75,2.34,2.09,1.88,2.21,2.1,3.08,0.14,0.19,7.79,5.43,0.13,0.13,0.13,0.14,0.04,0.45,0.61,2.88,3.72
HINDUAJA GLOBAL SLTN.,IT,BPO,SMALL CAP,HGS,424.9,1899.66,,,,,,,,,,,,,,,,,,,,,,,,,,,,,,,,,,,,,,,,,,,,,,,,,,,,,,,,,,,,,,,,,,,,,,,,14423.11,42.68,49.49,57.15,64.44,6866.57,8010.92,8919.9,10017.32,170.92,203.62,288.12,248.55,739.43,884.07,1026.64,1210.45,20.71,17.41,15.04,12.96,1189.48,1557.54,1749.85,1979.54,0.18,0.21,0.21,0.21,17.21,11.81,11.44,14.48,13.45,35.81,12.56,12.57,23.46,19.61,18.73,15.74,16.03,17.21,16.81,424.9,16.23,15.14,4.47,3.86,2.83,3.26,3.35,3.32,2.75,2.34,2.09,1.88,2.21,2.1,3.08,0.14,0.19,7.79,5.43,0.13,0.13,0.13,0.14,0.04,0.45,0.61,2.88,3.72
LATENT VIEW ANALYTICS,IT,DATA ANALYTICS,SMALL CAP,LATENTVIEW,299.15,6533.65,9.56,11.58,13.98,,1060.19,1287.5,1529.55,,84.82,96.33,,110.63,198.12,243.93,291.73,,31.29,25.84,21.41,,236.26,293.2,355.72,,0.22,0.23,0.23,,21.44,18.8,,20.11,,24.1,21.33,,22.71,,21.08,20.73,,20.91,,23.63,23.63,3.53,3.11,,2.7,3.11,2.9,6.16,5.07,4.27,,4.67,4.67,0.49,0.48,,2.16,,0.19,0.19,0.19,,0.26,0.13,,1.03,,5530.9,9.56,11.58,13.98,,1060.19,1287.5,1529.55,,84.82,96.33,,110.63,198.12,243.93,291.73,,31.29,25.84,21.41,,236.26,293.2,355.72,,0.22,0.23,0.23,,21.44,18.8,,20.11,,24.1,21.33,,22.71,,21.08,20.73,,20.91,,550.33,23.63,23.63,3.53,3.11,,2.7,3.11,2.9,6.16,5.07,4.27,,4.67,4.67,0.49,0.48,,2.16,,0.19,0.19,0.19,,0.26,0.13,,1.03,
DATAMATICS GLOBAL SERVICES,IT,DATA ANALYTICS,SMALL CAP,DATAMATICS,801.5,4528.14,,,,,,,,,,,,,,,,,,,,,,,,,,,,,,,,,,,,,,,,,,,,,,,,,,,,,,,,,,,,,,,,,,,,,,,,5530.9,9.56,11.58,13.98,,1060.19,1287.5,1529.55,,84.82,96.33,,110.63,198.12,243.93,291.73,,31.29,25.84,21.41,,236.26,293.2,355.72,,0.22,0.23,0.23,,21.44,18.8,,20.11,,24.1,21.33,,22.71,,21.08,20.73,,20.91,,550.33,23.63,23.63,3.53,3.11,,2.7,3.11,2.9,6.16,5.07,4.27,,4.67,4.67,0.49,0.48,,2.16,,0.19,0.19,0.19,,0.26,0.13,,1.03,
ORACLE FINL.SVS.SFTW.,IT,IT PRODUCTS,MID CAP,OFSS,9638.5,86036.9,302.11,376.4,378.0,,7672.1,9080.8,9289.3,,899.24,879.3,,847.3,2639.3,3245.0,3258.5,,31.9,25.61,25.5,,3477.4,4297.2,4335.9,,0.45,0.47,0.47,,18.36,2.3,,10.04,,23.58,0.9,,11.66,,24.59,0.43,,11.86,,25.55,25.55,10.72,10.96,,11.38,10.96,11.17,11.21,9.47,9.26,,9.37,9.37,2.0,-0.65,,1.48,,0.34,0.36,0.35,,1.33,-0.66,,0.98,,5497.48,18.17,26.22,30.22,34.75,3038.18,3529.6,3946.43,4379.3,125.91,144.7,102.45,167.72,257.15,373.7,431.25,492.65,30.05,23.78,21.81,13.7,441.92,448.37,513.97,565.05,0.21,0.22,0.24,0.26,16.17,11.81,10.97,13.01,12.96,18.66,17.87,20.25,15.25,22.49,25.51,15.29,24.29,19.69,24.13,651.95,22.81,21.72,4.9,4.23,2.54,3.57,4.03,3.81,3.27,2.82,2.52,2.27,2.67,2.54,-0.2,0.46,0.93,0.28,2.01,0.12,0.14,0.15,0.18,1.33,0.36,1.65,1.62,12.25
INTELLECT DESIGN ARENA,IT,IT PRODUCTS,SMALL CAP,INTELLECT,746.7,9948.46,26.48,34.0,41.1,55.2,3038.18,3529.6,3946.43,4379.3,228.5,254.6,,285.4,376.28,508.57,602.6,782.2,28.2,21.96,18.17,13.53,580.45,794.07,935.97,1125.5,0.19,0.22,0.24,0.26,16.17,11.81,10.97,13.97,12.96,36.8,17.87,20.25,26.98,24.7,28.4,20.88,34.31,24.58,27.74,20.06,17.89,3.27,2.93,,2.62,2.93,2.77,3.27,2.82,2.52,2.27,2.67,2.54,3.39,1.22,1.98,11.42,10.39,0.12,0.14,0.15,0.18,2.02,0.86,2.59,11.04,12.98,5497.48,18.17,26.22,30.22,34.75,3038.18,3529.6,3946.43,4379.3,125.91,144.7,102.45,167.72,257.15,373.7,431.25,492.65,30.05,23.78,21.81,13.7,441.92,448.37,513.97,565.05,0.21,0.22,0.24,0.26,16.17,11.81,10.97,13.01,12.96,18.66,17.87,20.25,15.25,22.49,25.51,15.29,24.29,19.69,24.13,651.95,22.81,21.72,4.9,4.23,2.54,3.57,4.03,3.81,3.27,2.82,2.52,2.27,2.67,2.54,-0.2,0.46,0.93,0.28,2.01,0.12,0.14,0.15,0.18,1.33,0.36,1.65,1.62,12.25
NEWGEN SOFTWARE TECHNOLOGIES,IT,IT PRODUCTS,SMALL CAP,NEWGEN,481.95,6153.85,18.17,26.22,30.22,34.75,1574.4,1772.29,2010.62,2132.55,125.91,144.7,189.9,167.72,257.15,373.7,431.25,492.65,26.52,18.38,15.95,13.87,,448.37,513.97,565.05,,0.25,0.26,0.26,12.57,13.45,6.06,13.01,10.64,,14.63,9.94,,,44.28,15.29,14.97,28.97,24.13,17.16,16.07,3.83,3.33,2.54,2.87,2.93,2.91,3.91,3.47,3.06,2.89,3.27,3.14,,0.26,0.93,,,0.16,0.21,0.21,0.23,4.75,0.36,1.65,14.59,12.25,5497.48,18.17,26.22,30.22,34.75,3038.18,3529.6,3946.43,4379.3,125.91,144.7,102.45,167.72,257.15,373.7,431.25,492.65,30.05,23.78,21.81,13.7,441.92,448.37,513.97,565.05,0.21,0.22,0.24,0.26,16.17,11.81,10.97,13.01,12.96,18.66,17.87,20.25,15.25,22.49,25.51,15.29,24.29,19.69,24.13,651.95,22.81,21.72,4.9,4.23,2.54,3.57,4.03,3.81,3.27,2.82,2.52,2.27,2.67,2.54,-0.2,0.46,0.93,0.28,2.01,0.12,0.14,0.15,0.18,1.33,0.36,1.65,1.62,12.25
INFIBEAM AVENUES,IT,IT PRODUCTS,SMALL CAP,INFIBEAM,,4841.12,0.73,0.92,1.05,1.3,3992.58,6632.05,7566.1,8465.65,12.03,12.4,15.0,14.2,221.25,277.8,293.4,366.1,,,,,303.4,345.1,428.45,527.95,0.08,0.05,0.06,0.06,66.11,14.08,11.89,37.66,28.47,13.74,24.15,23.22,18.83,20.28,25.51,14.13,24.29,19.69,21.2,,,,,,,,,1.21,0.73,0.64,0.57,0.68,0.65,-2.4,0.46,0.57,-13.68,-6.38,0.06,0.04,0.04,0.04,-1.35,-0.31,0.45,-16.35,-7.93,5497.48,18.17,26.22,30.22,34.75,3038.18,3529.6,3946.43,4379.3,125.91,144.7,102.45,167.72,257.15,373.7,431.25,492.65,30.05,23.78,21.81,13.7,441.92,448.37,513.97,565.05,0.21,0.22,0.24,0.26,16.17,11.81,10.97,13.01,12.96,18.66,17.87,20.25,15.25,22.49,25.51,15.29,24.29,19.69,24.13,651.95,22.81,21.72,4.9,4.23,2.54,3.57,4.03,3.81,3.27,2.82,2.52,2.27,2.67,2.54,-0.2,0.46,0.93,0.28,2.01,0.12,0.14,0.15,0.18,1.33,0.36,1.65,1.62,12.25
SUBEX,IT,IT PRODUCTS,SMALL CAP,SUBEXLTD,,606.46,,,,,,,,,,,,,,,,,,,,,,,,,,,,,,,,,,,,,,,,,,,,,,,,,,,,,,,,,,,,,,,,,,,,,,,,5497.48,18.17,26.22,30.22,34.75,3038.18,3529.6,3946.43,4379.3,125.91,144.7,102.45,167.72,257.15,373.7,431.25,492.65,30.05,23.78,21.81,13.7,441.92,448.37,513.97,565.05,0.21,0.22,0.24,0.26,16.17,11.81,10.97,13.01,12.96,18.66,17.87,20.25,15.25,22.49,25.51,15.29,24.29,19.69,24.13,651.95,22.81,21.72,4.9,4.23,2.54,3.57,4.03,3.81,3.27,2.82,2.52,2.27,2.67,2.54,-0.2,0.46,0.93,0.28,2.01,0.12,0.14,0.15,0.18,1.33,0.36,1.65,1.62,12.25
RAMCO SYSTEMS,IT,IT PRODUCTS,SMALL CAP,RAMCOSYS,557.2,1782.23,16.88,15.0,21.9,,700.95,794.5,875.5,,93.42,108.7,,130.6,63.34,56.1,81.7,,33.01,37.15,25.44,,162.51,165.1,199.3,,0.23,0.21,0.23,,13.35,10.2,,11.76,,1.59,20.71,,10.74,,-11.14,46.0,,13.9,,31.29,31.29,5.96,5.13,,4.27,5.13,4.7,2.54,2.24,2.04,,2.14,2.14,-2.4,1.98,,-0.91,,0.09,0.07,0.09,,-1.98,2.27,,1.62,,5497.48,18.17,26.22,30.22,34.75,3038.18,3529.6,3946.43,4379.3,125.91,144.7,102.45,167.72,257.15,373.7,431.25,492.65,30.05,23.78,21.81,13.7,441.92,448.37,513.97,565.05,0.21,0.22,0.24,0.26,16.17,11.81,10.97,13.01,12.96,18.66,17.87,20.25,15.25,22.49,25.51,15.29,24.29,19.69,24.13,651.95,22.81,21.72,4.9,4.23,2.54,3.57,4.03,3.81,3.27,2.82,2.52,2.27,2.67,2.54,-0.2,0.46,0.93,0.28,2.01,0.12,0.14,0.15,0.18,1.33,0.36,1.65,1.62,12.25
BRIGHTCOM GROUP,IT,IT ENABLED SERVICES,SMALL CAP,BCG,10.29,2089.17,,,,,,,,,,,,,,,,,,,,,,,,,,,,,,,,,,,,,,,,,,,,,,,,,,,,,,,,,,,,,,,,,,,,,,,,926.5,4.51,7.29,7.7,,503.42,574.0,614.0,,78.47,80.6,,82.3,26.13,42.0,44.0,,58.06,41.6,25.33,,31.51,55.0,59.0,,0.06,0.1,0.1,,14.02,12.11,,11.2,,34.88,29.18,,34.42,,45.3,30.36,,30.66,,94.91,33.46,33.46,2.69,2.45,,2.2,2.45,2.32,2.37,2.15,1.92,,2.04,2.04,3.32,0.76,,13.81,,0.05,0.07,0.09,,1.14,0.58,,17.5,
EMUDHRA,IT,IT ENABLED SERVICES,SMALL CAP,EMUDHRA,459.85,3909.78,13.14,16.8,21.9,,701.58,907.7,1136.2,,110.0,123.7,,141.5,107.79,139.4,181.1,,35.0,27.37,21.0,,159.03,214.5,277.1,,0.23,0.24,0.24,,29.38,25.17,,27.26,,34.88,29.18,,32.0,,27.85,30.36,,29.1,,24.18,24.18,4.18,3.72,,3.25,3.72,3.48,5.57,4.31,3.44,,3.87,3.87,0.96,0.76,,3.73,,0.15,0.15,0.16,,-0.01,0.58,,1.85,,926.5,4.51,7.29,7.7,,503.42,574.0,614.0,,78.47,80.6,,82.3,26.13,42.0,44.0,,58.06,41.6,25.33,,31.51,55.0,59.0,,0.06,0.1,0.1,,14.02,12.11,,11.2,,34.88,29.18,,34.42,,45.3,30.36,,30.66,,94.91,33.46,33.46,2.69,2.45,,2.2,2.45,2.32,2.37,2.15,1.92,,2.04,2.04,3.32,0.76,,13.81,,0.05,0.07,0.09,,1.14,0.58,,17.5,
VAKRANGEE,IT,IT ENABLED SERVICES,SMALL CAP,VAKRANGEE,6.29,712.74,,,,,,,,,,,,,,,,,,,,,,,,,,,,,,,,,,,,,,,,,,,,,,,,,,,,,,,,,,,,,,,,,,,,,,,,926.5,4.51,7.29,7.7,,503.42,574.0,614.0,,78.47,80.6,,82.3,26.13,42.0,44.0,,58.06,41.6,25.33,,31.51,55.0,59.0,,0.06,0.1,0.1,,14.02,12.11,,11.2,,34.88,29.18,,34.42,,45.3,30.36,,30.66,,94.91,33.46,33.46,2.69,2.45,,2.2,2.45,2.32,2.37,2.15,1.92,,2.04,2.04,3.32,0.76,,13.81,,0.05,0.07,0.09,,1.14,0.58,,17.5,
CIGNITI TECHNOLOGIES,IT,IT ENABLED SERVICES,SMALL CAP,CIGNITITEC,,31.32,,,,,,,,,,,,,,,,,,,,,,,,,,,,,,,,,,,,,,,,,,,,,,,,,,,,,,,,,,,,,,,,,,,,,,,,926.5,4.51,7.29,7.7,,503.42,574.0,614.0,,78.47,80.6,,82.3,26.13,42.0,44.0,,58.06,41.6,25.33,,31.51,55.0,59.0,,0.06,0.1,0.1,,14.02,12.11,,11.2,,34.88,29.18,,34.42,,45.3,30.36,,30.66,,94.91,33.46,33.46,2.69,2.45,,2.2,2.45,2.32,2.37,2.15,1.92,,2.04,2.04,3.32,0.76,,13.81,,0.05,0.07,0.09,,1.14,0.58,,17.5,
63 MOONS TECHNOLOGIES,IT,IT ENABLED SERVICES,SMALL CAP,63MOONS,670.45,2886.82,,,,,,,,,,,,,,,,,,,,,,,,,,,,,,,,,,,,,,,,,,,,,,,,,,,,,,,,,,,,,,,,,,,,,,,,926.5,4.51,7.29,7.7,,503.42,574.0,614.0,,78.47,80.6,,82.3,26.13,42.0,44.0,,58.06,41.6,25.33,,31.51,55.0,59.0,,0.06,0.1,0.1,,14.02,12.11,,11.2,,34.88,29.18,,34.42,,45.3,30.36,,30.66,,94.91,33.46,33.46,2.69,2.45,,2.2,2.45,2.32,2.37,2.15,1.92,,2.04,2.04,3.32,0.76,,13.81,,0.05,0.07,0.09,,1.14,0.58,,17.5,
NIIT,IT,IT ENABLED SERVICES,SMALL CAP,NIITLTD,94.91,926.5,1.17,1.7,3.2,,390.17,430.4,482.5,,78.47,80.6,,82.3,16.24,22.8,42.7,,81.12,55.83,29.66,,-13.36,12.9,24.1,,-0.03,0.03,0.05,,10.31,12.11,,11.2,,-196.54,86.82,,,,45.3,88.24,,65.38,,42.74,42.74,1.21,1.18,,1.15,1.18,1.17,2.37,2.15,1.92,,2.04,2.04,6.42,2.0,,,,0.04,0.05,0.09,,1.14,3.55,,45.83,,926.5,4.51,7.29,7.7,,503.42,574.0,614.0,,78.47,80.6,,82.3,26.13,42.0,44.0,,58.06,41.6,25.33,,31.51,55.0,59.0,,0.06,0.1,0.1,,14.02,12.11,,11.2,,34.88,29.18,,34.42,,45.3,30.36,,30.66,,94.91,33.46,33.46,2.69,2.45,,2.2,2.45,2.32,2.37,2.15,1.92,,2.04,2.04,3.32,0.76,,13.81,,0.05,0.07,0.09,,1.14,0.58,,17.5,
APTECH,IT,IT ENABLED SERVICES,SMALL CAP,APTECHT,,646.79,4.51,7.29,7.7,,503.42,574.0,614.0,,42.86,49.0,,52.0,26.13,42.0,44.0,,,,,,31.51,55.0,59.0,,0.06,0.1,0.1,,14.02,6.97,,10.44,,74.55,7.27,,36.84,,61.64,5.62,,30.66,,,,,,,,,,1.28,1.13,1.05,,1.09,1.09,3.32,0.03,,23.9,,0.05,0.07,0.07,,2.13,-0.15,,17.5,,926.5,4.51,7.29,7.7,,503.42,574.0,614.0,,78.47,80.6,,82.3,26.13,42.0,44.0,,58.06,41.6,25.33,,31.51,55.0,59.0,,0.06,0.1,0.1,,14.02,12.11,,11.2,,34.88,29.18,,34.42,,45.3,30.36,,30.66,,94.91,33.46,33.46,2.69,2.45,,2.2,2.45,2.32,2.37,2.15,1.92,,2.04,2.04,3.32,0.76,,13.81,,0.05,0.07,0.09,,1.14,0.58,,17.5,
TANLA PLATFORMS,IT,SAAS,SMALL CAP,TANLA,521.35,6993.24,38.24,42.6,47.7,45.2,44177.06,4898.0,5392.0,5208.0,,,,,5091.46,565.0,632.0,599.0,13.63,12.24,10.93,11.53,723.75,805.0,892.0,861.0,0.02,0.16,0.17,0.17,-88.91,10.09,-3.41,-65.06,-50.97,11.23,10.81,-3.48,11.02,5.96,11.4,11.97,-5.24,11.69,5.73,11.58,11.57,,,,,,,0.16,1.43,1.3,1.34,1.36,1.36,14.8,0.11,-0.01,217.77,116.1,0.12,0.12,0.12,0.12,0.01,0.19,-0.22,0.85,-0.07,5804.25,28.39,37.22,45.54,47.86,2308.48,2936.92,3677.99,3475.24,165.25,199.97,304.3,243.17,296.47,378.41,441.45,469.25,28.57,20.79,16.0,14.57,397.5,501.62,622.7,672.9,0.16,0.2,0.2,0.23,25.28,22.32,5.61,23.78,13.09,27.78,24.9,17.75,26.32,23.32,29.02,26.07,22.45,29.03,26.71,705.35,18.39,16.49,5.38,4.45,2.92,3.66,3.69,3.68,4.63,3.92,3.33,2.92,3.63,3.39,0.6,0.5,0.43,2.54,16.15,0.14,0.14,0.15,0.17,0.33,0.33,1.42,2.52,5.31
C E INFO SYSTEMS,IT,SAAS,SMALL CAP,MAPMYINDIA,889.35,4615.26,24.46,34.19,43.38,50.51,474.1,618.08,771.48,884.35,165.25,199.97,304.3,243.17,134.16,191.82,243.1,290.65,36.36,26.01,20.5,17.61,175.51,233.6,295.78,331.11,0.37,0.38,0.38,0.37,30.37,24.82,14.63,27.56,23.1,33.1,26.62,11.95,29.82,23.56,39.78,26.88,16.43,33.17,27.34,23.26,21.37,5.38,4.45,2.92,3.66,3.69,3.68,9.73,7.47,5.98,5.22,6.72,6.22,0.77,0.55,-0.9,1.77,0.38,0.28,0.31,0.32,0.33,2.74,0.48,1.35,5.52,5.11,5804.25,28.39,37.22,45.54,47.86,2308.48,2936.92,3677.99,3475.24,165.25,199.97,304.3,243.17,296.47,378.41,441.45,469.25,28.57,20.79,16.0,14.57,397.5,501.62,622.7,672.9,0.16,0.2,0.2,0.23,25.28,22.32,5.61,23.78,13.09,27.78,24.9,17.75,26.32,23.32,29.02,26.07,22.45,29.03,26.71,705.35,18.39,16.49,5.38,4.45,2.92,3.66,3.69,3.68,4.63,3.92,3.33,2.92,3.63,3.39,0.6,0.5,0.43,2.54,16.15,0.14,0.14,0.15,0.17,0.33,0.33,1.42,2.52,5.31
ZAGGLE PREPAID OCEAN SERVICES,IT,SAAS,SMALL CAP,ZAGGLE,213.17,2931.6,10.26,13.7,18.55,27.5,1907.65,2617.65,3454.3,2302.0,104.44,117.2,160.5,135.85,138.08,185.15,250.9,339.5,20.78,15.56,11.49,7.75,184.95,256.15,353.4,484.8,0.1,0.1,0.1,0.21,37.22,31.96,-33.36,34.56,6.46,38.5,37.97,37.18,38.23,37.88,33.53,35.4,48.25,34.46,38.91,13.53,11.6,2.04,1.82,1.33,1.57,1.57,1.57,1.54,1.12,0.85,1.27,0.98,1.08,0.09,0.45,10.83,2.72,29.51,0.07,0.07,0.07,0.15,-0.17,0.19,7.48,0.17,26.77,5804.25,28.39,37.22,45.54,47.86,2308.48,2936.92,3677.99,3475.24,165.25,199.97,304.3,243.17,296.47,378.41,441.45,469.25,28.57,20.79,16.0,14.57,397.5,501.62,622.7,672.9,0.16,0.2,0.2,0.23,25.28,22.32,5.61,23.78,13.09,27.78,24.9,17.75,26.32,23.32,29.02,26.07,22.45,29.03,26.71,705.35,18.39,16.49,5.38,4.45,2.92,3.66,3.69,3.68,4.63,3.92,3.33,2.92,3.63,3.39,0.6,0.5,0.43,2.54,16.15,0.14,0.14,0.15,0.17,0.33,0.33,1.42,2.52,5.31
NETWEB TECHNOLOGIES INDIA,IT,OTHER IT,SMALL CAP,NETWEB,5060.9,21931.84,36.3,68.05,69.55,83.1,2183.56,4213.05,3908.9,4623.2,127.03,191.1,319.0,256.0,205.82,387.35,395.95,473.3,139.42,74.37,72.77,60.9,284.84,548.15,552.6,650.2,0.13,0.13,0.14,0.14,92.94,-7.22,18.27,33.8,28.41,92.44,0.81,17.66,39.28,31.67,87.47,2.2,19.48,38.42,31.79,73.57,69.35,39.84,26.48,15.86,19.77,21.17,20.71,10.04,5.21,5.61,4.74,5.41,5.19,-0.03,1.13,-0.07,4.1,2.54,0.09,0.09,0.1,0.1,-0.23,0.94,0.11,3.67,2.79,12719.18,36.3,68.05,69.55,83.1,2183.56,4213.05,3908.9,4623.2,127.03,191.1,319.0,256.0,205.82,387.35,395.95,473.3,139.42,74.37,72.77,60.9,284.84,548.15,552.6,650.2,0.13,0.13,0.14,0.14,92.94,-7.22,18.27,33.8,28.41,92.44,0.81,17.66,39.28,31.67,87.47,2.2,19.48,38.42,31.79,2905.77,73.57,69.35,39.84,26.48,15.86,19.77,21.17,20.71,10.04,5.21,5.61,4.74,5.41,5.19,-0.03,1.13,-0.07,4.1,2.54,0.09,0.09,0.1,0.1,-0.23,0.94,0.11,3.67,2.79
AFFLE INDIA,IT,SAAS,SMALL CAP,AFFLE,1463.7,20902.72,32.32,40.24,50.41,64.76,2709.31,3256.19,3901.67,4648.48,259.76,313.59,438.2,361.98,454.85,567.53,711.24,916.42,45.29,36.37,29.03,22.6,610.06,747.09,920.34,1137.14,0.23,0.23,0.24,0.24,20.19,19.82,19.14,20.0,19.72,22.46,23.19,23.56,22.83,23.07,24.52,25.27,28.46,24.89,26.07,32.7,29.34,5.63,4.67,3.34,4.04,4.0,4.02,7.72,6.42,5.36,4.5,5.89,5.42,0.43,0.64,0.87,2.35,2.8,0.17,0.17,0.18,0.2,0.64,0.8,1.49,4.2,5.5,5804.25,28.39,37.22,45.54,47.86,2308.48,2936.92,3677.99,3475.24,165.25,199.97,304.3,243.17,296.47,378.41,441.45,469.25,28.57,20.79,16.0,14.57,397.5,501.62,622.7,672.9,0.16,0.2,0.2,0.23,25.28,22.32,5.61,23.78,13.09,27.78,24.9,17.75,26.32,23.32,29.02,26.07,22.45,29.03,26.71,705.35,18.39,16.49,5.38,4.45,2.92,3.66,3.69,3.68,4.63,3.92,3.33,2.92,3.63,3.39,0.6,0.5,0.43,2.54,16.15,0.14,0.14,0.15,0.17,0.33,0.33,1.42,2.52,5.31
RASHI PERIPHERALS,IT,OTHER IT,SMALL CAP,RPTECH,750.65,3506.52,,,,,,,,,,,,,,,,,,,,,,,,,,,,,,,,,,,,,,,,,,,,,,,,,,,,,,,,,,,,,,,,,,,,,,,,12719.18,36.3,68.05,69.55,83.1,2183.56,4213.05,3908.9,4623.2,127.03,191.1,319.0,256.0,205.82,387.35,395.95,473.3,139.42,74.37,72.77,60.9,284.84,548.15,552.6,650.2,0.13,0.13,0.14,0.14,92.94,-7.22,18.27,33.8,28.41,92.44,0.81,17.66,39.28,31.67,87.47,2.2,19.48,38.42,31.79,2905.77,73.57,69.35,39.84,26.48,15.86,19.77,21.17,20.71,10.04,5.21,5.61,4.74,5.41,5.19,-0.03,1.13,-0.07,4.1,2.54,0.09,0.09,0.1,0.1,-0.23,0.94,0.11,3.67,2.79
HINDUSTAN UNILEVER,FMCG,CONSUMER STAPLES,LARGE CAP,HINDUNILVR,2194.6,519118.6,65.0,48.24,53.55,59.14,64468.0,70115.54,76145.49,81920.36,207.44,210.99,224.51,215.2,15275.0,11380.03,12623.12,13918.28,33.76,45.5,40.98,37.11,15157.0,16190.64,17965.93,19711.77,0.24,0.23,0.24,0.24,8.76,8.6,7.58,8.68,8.31,6.82,10.96,9.72,8.87,9.15,-25.79,11.02,10.43,-9.23,-3.1,43.24,41.2,10.58,10.4,9.77,10.2,10.09,10.12,8.05,7.4,6.82,6.34,7.11,6.85,-0.42,0.5,0.47,0.18,0.78,0.24,0.16,0.17,0.17,-7.46,0.35,0.41,-16.35,-10.49,14170.97,17.52,20.35,24.26,28.63,10945.56,12420.0,13870.0,25428.06,152.88,148.4,244.02,171.9,625.38,807.2,989.0,2803.26,39.08,40.75,30.98,35.91,1158.67,1403.3,1580.0,4376.1,0.16,0.17,0.17,0.18,10.14,11.19,10.58,11.83,11.42,14.08,13.81,11.01,14.76,13.5,16.15,16.98,13.17,15.64,14.81,545.45,35.87,32.03,6.19,5.4,7.0,4.74,4.66,4.69,4.44,3.86,3.35,4.18,3.61,3.61,0.58,0.49,0.34,2.74,1.86,0.11,0.11,0.12,0.13,0.45,0.67,0.41,3.14,3.22
NESTLE INDIA,FMCG,CONSUMER STAPLES,LARGE CAP,NESTLEIND,1414.8,275479.0,17.52,20.35,23.43,26.51,23154.6,26134.67,28966.74,32031.33,26.84,32.99,45.72,38.93,3378.3,3929.65,4555.97,5139.49,80.75,69.53,60.39,53.36,5306.06,6140.39,6988.2,7757.95,0.23,0.23,0.24,0.24,12.87,10.84,10.58,11.85,11.42,15.72,13.81,11.01,14.76,13.5,16.15,15.14,13.17,15.64,14.81,64.96,61.09,52.71,42.89,30.95,36.34,36.92,36.72,11.9,10.54,9.51,8.6,10.03,9.55,0.58,0.63,0.09,2.6,1.86,0.15,0.15,0.16,0.16,0.45,0.69,0.32,3.83,3.22,14170.97,17.52,20.35,24.26,28.63,10945.56,12420.0,13870.0,25428.06,152.88,148.4,244.02,171.9,625.38,807.2,989.0,2803.26,39.08,40.75,30.98,35.91,1158.67,1403.3,1580.0,4376.1,0.16,0.17,0.17,0.18,10.14,11.19,10.58,11.83,11.42,14.08,13.81,11.01,14.76,13.5,16.15,16.98,13.17,15.64,14.81,545.45,35.87,32.03,6.19,5.4,7.0,4.74,4.66,4.69,4.44,3.86,3.35,4.18,3.61,3.61,0.58,0.49,0.34,2.74,1.86,0.11,0.11,0.12,0.13,0.45,0.67,0.41,3.14,3.22
BRITANNIA INDS.,FMCG,CONSUMER STAPLES,LARGE CAP,BRITANNIA,5195.0,128575.4,105.18,114.52,130.08,144.67,19151.59,21093.95,23220.97,25428.06,212.01,220.98,280.46,268.41,2533.49,2765.05,3139.66,3507.58,49.39,45.36,39.94,35.91,3544.43,3922.85,4414.3,4867.42,0.19,0.19,0.19,0.19,10.14,10.08,9.5,10.11,9.91,10.68,12.53,10.26,11.6,11.15,8.88,13.58,11.22,11.21,11.21,42.65,40.4,24.5,23.51,18.52,19.35,21.02,20.46,6.71,6.1,5.54,5.06,5.82,5.56,0.09,0.41,0.13,1.35,1.13,0.13,0.13,0.14,0.14,-0.12,0.41,0.27,1.1,1.41,14170.97,17.52,20.35,24.26,28.63,10945.56,12420.0,13870.0,25428.06,152.88,148.4,244.02,171.9,625.38,807.2,989.0,2803.26,39.08,40.75,30.98,35.91,1158.67,1403.3,1580.0,4376.1,0.16,0.17,0.17,0.18,10.14,11.19,10.58,11.83,11.42,14.08,13.81,11.01,14.76,13.5,16.15,16.98,13.17,15.64,14.81,545.45,35.87,32.03,6.19,5.4,7.0,4.74,4.66,4.69,4.44,3.86,3.35,4.18,3.61,3.61,0.58,0.49,0.34,2.74,1.86,0.11,0.11,0.12,0.13,0.45,0.67,0.41,3.14,3.22
TATA CONSUMER PRODUCTS,FMCG,CONSUMER STAPLES,LARGE CAP,TATACONSUM,1111.5,117520.7,15.78,20.17,24.26,28.63,20290.43,22768.69,25316.58,28089.66,220.17,237.41,263.53,249.99,1562.36,1978.62,2382.8,2803.26,70.44,55.11,45.81,38.82,2791.8,3333.02,3857.07,4376.1,0.14,0.15,0.15,0.16,12.21,11.19,10.95,11.7,11.45,19.39,15.72,13.46,17.54,16.16,27.81,20.31,17.99,24.0,21.97,50.46,46.58,5.05,4.68,4.22,4.45,4.45,4.45,5.79,5.16,4.64,4.18,4.9,4.66,0.88,0.6,0.34,5.23,4.23,0.08,0.09,0.09,0.1,0.99,0.72,0.57,10.56,9.03,14170.97,17.52,20.35,24.26,28.63,10945.56,12420.0,13870.0,25428.06,152.88,148.4,244.02,171.9,625.38,807.2,989.0,2803.26,39.08,40.75,30.98,35.91,1158.67,1403.3,1580.0,4376.1,0.16,0.17,0.17,0.18,10.14,11.19,10.58,11.83,11.42,14.08,13.81,11.01,14.76,13.5,16.15,16.98,13.17,15.64,14.81,545.45,35.87,32.03,6.19,5.4,7.0,4.74,4.66,4.69,4.44,3.86,3.35,4.18,3.61,3.61,0.58,0.49,0.34,2.74,1.86,0.11,0.11,0.12,0.13,0.45,0.67,0.41,3.14,3.22
JYOTHY LABS,FMCG,CONSUMER STAPLES,SMALL CAP,JYOTHYLAB,202.28,7526.06,9.07,9.72,11.19,11.5,2944.29,3166.16,3436.59,3641.95,,58.83,,56.49,333.19,356.88,410.39,422.55,22.3,20.81,18.08,17.59,449.86,496.19,555.52,549.4,0.15,0.16,0.16,0.15,7.54,8.54,5.98,8.04,7.35,10.3,11.96,-1.1,11.13,6.89,7.19,15.09,2.78,11.07,8.23,19.44,18.82,,3.44,,3.58,3.44,3.51,2.56,2.38,2.19,2.07,2.28,2.21,0.39,0.49,-1.08,2.86,-0.42,0.11,0.11,0.12,0.12,-0.04,0.67,-0.34,2.73,0.83,14170.97,17.52,20.35,24.26,28.63,10945.56,12420.0,13870.0,25428.06,152.88,148.4,244.02,171.9,625.38,807.2,989.0,2803.26,39.08,40.75,30.98,35.91,1158.67,1403.3,1580.0,4376.1,0.16,0.17,0.17,0.18,10.14,11.19,10.58,11.83,11.42,14.08,13.81,11.01,14.76,13.5,16.15,16.98,13.17,15.64,14.81,545.45,35.87,32.03,6.19,5.4,7.0,4.74,4.66,4.69,4.44,3.86,3.35,4.18,3.61,3.61,0.58,0.49,0.34,2.74,1.86,0.11,0.11,0.12,0.13,0.45,0.67,0.41,3.14,3.22
LT FOODS,FMCG,CONSUMER STAPLES,SMALL CAP,LTFOODS,383.0,14252.99,18.01,23.2,28.5,,10945.56,12420.0,13870.0,,130.18,148.4,,171.9,625.38,807.2,989.0,,21.27,16.51,13.44,,1158.67,1403.3,1580.0,,0.11,0.11,0.11,,13.47,11.67,,12.57,,21.11,12.59,,16.77,,28.82,22.84,,25.8,,14.97,14.97,2.94,2.58,,2.23,2.58,2.4,1.3,1.15,1.03,,1.09,1.09,0.71,0.09,,3.74,,0.06,0.06,0.07,,0.79,0.63,,11.71,,14170.97,17.52,20.35,24.26,28.63,10945.56,12420.0,13870.0,25428.06,152.88,148.4,244.02,171.9,625.38,807.2,989.0,2803.26,39.08,40.75,30.98,35.91,1158.67,1403.3,1580.0,4376.1,0.16,0.17,0.17,0.18,10.14,11.19,10.58,11.83,11.42,14.08,13.81,11.01,14.76,13.5,16.15,16.98,13.17,15.64,14.81,545.45,35.87,32.03,6.19,5.4,7.0,4.74,4.66,4.69,4.44,3.86,3.35,4.18,3.61,3.61,0.58,0.49,0.34,2.74,1.86,0.11,0.11,0.12,0.13,0.45,0.67,0.41,3.14,3.22
KRBL,FMCG,CONSUMER STAPLES,SMALL CAP,KRBL,384.95,8349.9,,,,,,,,,,,,,,,,,,,,,,,,,,,,,,,,,,,,,,,,,,,,,,,,,,,,,,,,,,,,,,,,,,,,,,,,14170.97,17.52,20.35,24.26,28.63,10945.56,12420.0,13870.0,25428.06,152.88,148.4,244.02,171.9,625.38,807.2,989.0,2803.26,39.08,40.75,30.98,35.91,1158.67,1403.3,1580.0,4376.1,0.16,0.17,0.17,0.18,10.14,11.19,10.58,11.83,11.42,14.08,13.81,11.01,14.76,13.5,16.15,16.98,13.17,15.64,14.81,545.45,35.87,32.03,6.19,5.4,7.0,4.74,4.66,4.69,4.44,3.86,3.35,4.18,3.61,3.61,0.58,0.49,0.34,2.74,1.86,0.11,0.11,0.12,0.13,0.45,0.67,0.41,3.14,3.22
CCL PRODUCTS (INDIA),FMCG,CONSUMER STAPLES,SMALL CAP,CCL,1137.3,14170.97,29.1,36.66,46.42,59.87,4457.37,4830.79,5574.48,6375.03,175.58,206.1,299.0,239.84,388.1,490.55,618.14,799.17,39.08,31.03,24.5,19.0,732.94,836.11,967.64,1149.77,0.16,0.17,0.17,0.18,8.38,15.39,14.36,11.83,12.67,14.08,15.73,18.82,14.9,16.19,25.97,26.63,28.97,26.3,27.18,27.76,24.84,6.48,5.52,3.8,4.74,4.66,4.69,3.18,2.93,2.54,2.22,2.74,2.57,0.86,0.05,0.68,2.74,3.13,0.09,0.1,0.11,0.13,1.45,0.93,1.45,12.85,12.92,14170.97,17.52,20.35,24.26,28.63,10945.56,12420.0,13870.0,25428.06,152.88,148.4,244.02,171.9,625.38,807.2,989.0,2803.26,39.08,40.75,30.98,35.91,1158.67,1403.3,1580.0,4376.1,0.16,0.17,0.17,0.18,10.14,11.19,10.58,11.83,11.42,14.08,13.81,11.01,14.76,13.5,16.15,16.98,13.17,15.64,14.81,545.45,35.87,32.03,6.19,5.4,7.0,4.74,4.66,4.69,4.44,3.86,3.35,4.18,3.61,3.61,0.58,0.49,0.34,2.74,1.86,0.11,0.11,0.12,0.13,0.45,0.67,0.41,3.14,3.22
MRS BECTORS FOOD SPECIALITIES,FMCG,CONSUMER STAPLES,SMALL CAP,BECTORFOOD,190.32,5586.0,4.76,4.67,6.14,7.82,1873.88,2053.99,2359.27,2719.67,38.01,41.69,53.32,46.52,143.23,140.91,185.44,237.86,40.02,40.75,30.98,24.35,251.45,261.11,325.43,391.87,0.13,0.13,0.14,0.14,9.61,14.86,15.28,12.21,13.22,3.84,24.63,20.42,13.76,15.94,-1.81,31.54,27.22,13.65,18.0,35.87,32.03,5.01,4.57,3.57,4.09,4.07,4.08,2.98,2.72,2.37,2.05,2.54,2.38,-0.71,1.08,0.62,1.39,2.4,0.08,0.07,0.08,0.09,-0.78,1.0,0.89,1.41,4.59,14170.97,17.52,20.35,24.26,28.63,10945.56,12420.0,13870.0,25428.06,152.88,148.4,244.02,171.9,625.38,807.2,989.0,2803.26,39.08,40.75,30.98,35.91,1158.67,1403.3,1580.0,4376.1,0.16,0.17,0.17,0.18,10.14,11.19,10.58,11.83,11.42,14.08,13.81,11.01,14.76,13.5,16.15,16.98,13.17,15.64,14.81,545.45,35.87,32.03,6.19,5.4,7.0,4.74,4.66,4.69,4.44,3.86,3.35,4.18,3.61,3.61,0.58,0.49,0.34,2.74,1.86,0.11,0.11,0.12,0.13,0.45,0.67,0.41,3.14,3.22
AMRUTANJAN HEALTH CARE,FMCG,CONSUMER STAPLES,SMALL CAP,AMRUTANJAN,545.45,1611.9,,,,,,,,,,,,,,,,,,,,,,,,,,,,,,,,,,,,,,,,,,,,,,,,,,,,,,,,,,,,,,,,,,,,,,,,14170.97,17.52,20.35,24.26,28.63,10945.56,12420.0,13870.0,25428.06,152.88,148.4,244.02,171.9,625.38,807.2,989.0,2803.26,39.08,40.75,30.98,35.91,1158.67,1403.3,1580.0,4376.1,0.16,0.17,0.17,0.18,10.14,11.19,10.58,11.83,11.42,14.08,13.81,11.01,14.76,13.5,16.15,16.98,13.17,15.64,14.81,545.45,35.87,32.03,6.19,5.4,7.0,4.74,4.66,4.69,4.44,3.86,3.35,4.18,3.61,3.61,0.58,0.49,0.34,2.74,1.86,0.11,0.11,0.12,0.13,0.45,0.67,0.41,3.14,3.22
ADF FOODS,FMCG,CONSUMER STAPLES,SMALL CAP,ADFFOODS,306.85,3030.59,8.81,10.6,12.4,,683.23,785.7,903.5,,52.06,56.8,,63.2,96.75,116.8,136.1,,34.83,28.95,24.75,,130.57,165.1,187.9,,0.19,0.21,0.21,,15.0,14.99,,15.0,,26.45,13.81,,19.96,,20.32,16.98,,18.64,,26.85,26.85,5.89,5.4,,4.86,5.4,5.13,4.44,3.86,3.35,,3.61,3.61,1.9,-0.22,,4.32,,0.14,0.15,0.15,,0.7,0.2,,3.14,,14170.97,17.52,20.35,24.26,28.63,10945.56,12420.0,13870.0,25428.06,152.88,148.4,244.02,171.9,625.38,807.2,989.0,2803.26,39.08,40.75,30.98,35.91,1158.67,1403.3,1580.0,4376.1,0.16,0.17,0.17,0.18,10.14,11.19,10.58,11.83,11.42,14.08,13.81,11.01,14.76,13.5,16.15,16.98,13.17,15.64,14.81,545.45,35.87,32.03,6.19,5.4,7.0,4.74,4.66,4.69,4.44,3.86,3.35,4.18,3.61,3.61,0.58,0.49,0.34,2.74,1.86,0.11,0.11,0.12,0.13,0.45,0.67,0.41,3.14,3.22
MARICO,FMCG,EDIBLE OIL,MID CAP,MARICO,817.05,107551.5,13.59,16.31,18.71,21.23,13611.0,14971.47,16627.46,18374.39,32.43,37.99,47.71,39.62,1762.0,2120.5,2443.48,2777.6,60.12,50.08,43.67,38.49,2328.0,2773.86,3183.77,3614.97,0.17,0.19,0.19,0.2,10.0,11.06,10.51,10.53,10.52,19.15,14.78,13.54,16.94,15.8,20.04,14.69,13.47,17.33,16.03,46.88,44.08,25.19,21.51,17.12,20.62,19.32,19.75,7.9,7.18,6.47,5.85,6.83,6.5,1.42,0.62,0.53,5.81,4.78,0.13,0.14,0.15,0.15,1.22,0.53,0.42,6.55,5.3,37828.16,12.78,12.79,16.13,18.9,23883.98,27379.25,29543.16,45308.2,70.72,83.22,105.12,92.24,1184.29,1260.76,1531.82,2054.13,39.19,40.59,32.49,22.31,2038.4,2114.78,2568.11,2943.27,0.11,0.11,0.12,0.06,9.8,7.33,10.51,9.61,9.88,5.18,12.55,13.54,12.33,14.79,5.73,12.55,16.68,13.4,16.03,523.48,36.54,34.9,7.16,5.83,2.9,5.21,5.64,5.43,4.06,3.66,3.4,1.12,3.53,3.51,-0.48,0.53,0.44,2.75,4.47,0.08,0.09,0.09,0.05,-0.2,0.46,0.39,3.72,5.3
PATANJALI FOODS,FMCG,EDIBLE OIL,MID CAP,PATANJALI,421.7,50678.66,11.98,11.04,16.2,18.9,34156.97,39787.03,42458.87,45308.2,104.68,115.87,145.53,129.55,1300.71,1338.33,1760.3,2054.13,35.2,38.18,26.04,22.31,1945.98,1828.53,2571.23,2943.27,0.06,0.05,0.06,0.06,16.48,6.72,6.71,11.49,9.88,-6.04,40.62,14.47,14.95,14.79,-7.8,46.65,16.68,16.28,16.41,32.11,28.84,4.03,3.64,2.9,3.26,3.27,3.26,1.48,1.27,1.19,1.12,1.23,1.2,-1.1,1.46,0.44,3.1,4.47,0.04,0.03,0.04,0.05,-0.44,0.78,0.39,4.34,5.99,37828.16,12.78,12.79,16.13,18.9,23883.98,27379.25,29543.16,45308.2,70.72,83.22,105.12,92.24,1184.29,1260.76,1531.82,2054.13,39.19,40.59,32.49,22.31,2038.4,2114.78,2568.11,2943.27,0.11,0.11,0.12,0.06,9.8,7.33,10.51,9.61,9.88,5.18,12.55,13.54,12.33,14.79,5.73,12.55,16.68,13.4,16.03,523.48,36.54,34.9,7.16,5.83,2.9,5.21,5.64,5.43,4.06,3.66,3.4,1.12,3.53,3.51,-0.48,0.53,0.44,2.75,4.47,0.08,0.09,0.09,0.05,-0.2,0.46,0.39,3.72,5.3
ADANI WILMAR,FMCG,EDIBLE OIL,MID CAP,AWL,184.31,24977.66,8.24,9.15,10.07,11.81,74730.67,80292.27,85793.73,95722.17,80.7,88.46,105.12,97.11,1067.88,1183.18,1303.35,1529.07,22.37,20.15,18.31,15.6,2130.81,2401.02,2564.98,2852.53,0.03,0.03,0.03,0.03,7.44,6.85,11.57,7.15,8.6,12.68,6.83,11.21,9.72,10.21,11.02,10.03,17.36,10.53,12.76,19.23,18.02,2.28,2.08,1.75,1.9,1.92,1.91,0.33,0.31,0.29,0.26,0.3,0.29,0.14,-0.0,-0.01,2.4,1.48,0.01,0.01,0.02,0.02,0.04,0.05,0.08,3.11,3.78,37828.16,12.78,12.79,16.13,18.9,23883.98,27379.25,29543.16,45308.2,70.72,83.22,105.12,92.24,1184.29,1260.76,1531.82,2054.13,39.19,40.59,32.49,22.31,2038.4,2114.78,2568.11,2943.27,0.11,0.11,0.12,0.06,9.8,7.33,10.51,9.61,9.88,5.18,12.55,13.54,12.33,14.79,5.73,12.55,16.68,13.4,16.03,523.48,36.54,34.9,7.16,5.83,2.9,5.21,5.64,5.43,4.06,3.66,3.4,1.12,3.53,3.51,-0.48,0.53,0.44,2.75,4.47,0.08,0.09,0.09,0.05,-0.2,0.46,0.39,3.72,5.3
BAJAJ CONSUMER CARE,FMCG,EDIBLE OIL,SMALL CAP,BAJAJCON,625.25,7246.7,14.48,14.54,16.06,,1092.17,1197.06,1290.46,,60.74,77.98,,87.36,193.73,196.41,216.64,,43.18,42.99,38.94,,225.41,220.19,242.93,,0.21,0.18,0.19,,9.6,7.8,,8.7,,-2.32,10.33,,3.81,,0.44,10.41,,5.3,,40.97,40.97,10.29,8.02,,7.16,8.02,7.59,6.64,6.05,5.62,,5.83,5.83,-2.24,0.43,,-4.49,,0.18,0.16,0.17,,-1.33,0.38,,-2.71,,37828.16,12.78,12.79,16.13,18.9,23883.98,27379.25,29543.16,45308.2,70.72,83.22,105.12,92.24,1184.29,1260.76,1531.82,2054.13,39.19,40.59,32.49,22.31,2038.4,2114.78,2568.11,2943.27,0.11,0.11,0.12,0.06,9.8,7.33,10.51,9.61,9.88,5.18,12.55,13.54,12.33,14.79,5.73,12.55,16.68,13.4,16.03,523.48,36.54,34.9,7.16,5.83,2.9,5.21,5.64,5.43,4.06,3.66,3.4,1.12,3.53,3.51,-0.48,0.53,0.44,2.75,4.47,0.08,0.09,0.09,0.05,-0.2,0.46,0.39,3.72,5.3
GODREJ CONSUMER PRODUCTS,FMCG,CONSUMER HEALTHCARE,LARGE CAP,GODREJCP,1000.6,105578.3,20.48,23.51,27.23,30.47,15177.9,16924.88,18610.89,20220.03,123.68,130.87,155.85,141.45,2094.62,2421.0,2800.54,3090.34,48.86,42.56,36.75,32.84,3156.24,3566.57,4035.72,4457.88,0.21,0.21,0.22,0.22,11.51,9.96,8.65,10.73,10.03,13.0,13.15,10.46,13.08,12.2,14.79,15.81,11.9,15.3,14.16,39.65,37.38,8.09,7.65,6.42,7.07,7.03,7.05,6.96,6.24,5.67,5.22,5.96,5.71,0.28,0.61,0.36,2.12,1.97,0.14,0.14,0.15,0.15,0.5,0.74,0.24,4.42,3.46,32048.49,20.48,23.51,24.3,27.17,4311.45,5305.07,6066.51,6922.63,66.99,130.87,155.85,141.45,828.65,872.55,958.45,1060.1,39.69,40.44,33.23,29.91,1137.23,1087.98,1206.6,1297.29,0.25,0.21,0.22,0.22,9.15,8.59,8.65,9.65,8.71,10.46,10.9,10.59,10.45,10.5,8.13,10.45,11.1,9.91,9.39,1000.6,35.77,33.9,6.58,7.65,6.42,7.07,7.03,7.05,6.96,6.24,5.67,5.22,5.96,5.71,0.22,0.61,0.36,1.45,1.57,0.19,0.19,0.2,0.2,0.05,0.39,0.48,1.51,1.86
DABUR INDIA,FMCG,CONSUMER HEALTHCARE,LARGE CAP,DABUR,423.5,79390.38,10.67,11.8,13.11,14.58,13192.57,14399.94,15636.7,16898.01,64.38,67.95,78.21,72.1,1910.08,2092.15,2332.8,2609.13,39.69,35.88,32.31,29.05,2451.84,2708.34,2991.13,3307.76,0.19,0.19,0.19,0.2,9.15,8.59,8.07,8.87,8.6,10.46,10.44,10.59,10.45,10.5,10.62,11.06,11.21,10.84,10.96,34.09,32.41,6.58,6.23,5.41,5.87,5.82,5.84,6.02,5.51,5.08,4.7,5.3,5.1,0.22,0.32,0.45,1.45,1.74,0.14,0.15,0.15,0.15,0.05,0.39,0.52,1.51,2.17,32048.49,20.48,23.51,24.3,27.17,4311.45,5305.07,6066.51,6922.63,66.99,130.87,155.85,141.45,828.65,872.55,958.45,1060.1,39.69,40.44,33.23,29.91,1137.23,1087.98,1206.6,1297.29,0.25,0.21,0.22,0.22,9.15,8.59,8.65,9.65,8.71,10.46,10.9,10.59,10.45,10.5,8.13,10.45,11.1,9.91,9.39,1000.6,35.77,33.9,6.58,7.65,6.42,7.07,7.03,7.05,6.96,6.24,5.67,5.22,5.96,5.71,0.22,0.61,0.36,1.45,1.57,0.19,0.19,0.2,0.2,0.05,0.39,0.48,1.51,1.86
COLGATE-PALMOLIVE INDIA,FMCG,CONSUMER HEALTHCARE,MID CAP,COLPAL,1997.8,56494.13,52.8,49.4,53.26,58.26,6040.2,5982.76,6460.92,6922.63,61.2,61.49,68.65,64.88,1436.8,1343.98,1453.57,1590.39,37.84,40.44,37.51,34.29,1958.1,1871.63,2013.45,2198.51,0.32,0.31,0.31,0.32,-0.95,7.99,7.15,3.42,4.65,-4.42,7.58,9.19,1.4,3.94,-6.44,7.83,9.37,0.44,3.33,38.98,37.41,32.64,32.49,29.1,30.79,30.8,30.79,9.35,9.44,8.74,8.16,9.09,8.78,-1.13,-0.12,0.59,-1.95,-0.68,0.24,0.22,0.22,0.23,-1.32,0.03,0.48,-2.75,-1.15,32048.49,20.48,23.51,24.3,27.17,4311.45,5305.07,6066.51,6922.63,66.99,130.87,155.85,141.45,828.65,872.55,958.45,1060.1,39.69,40.44,33.23,29.91,1137.23,1087.98,1206.6,1297.29,0.25,0.21,0.22,0.22,9.15,8.59,8.65,9.65,8.71,10.46,10.9,10.59,10.45,10.5,8.13,10.45,11.1,9.91,9.39,1000.6,35.77,33.9,6.58,7.65,6.42,7.07,7.03,7.05,6.96,6.24,5.67,5.22,5.96,5.71,0.22,0.61,0.36,1.45,1.57,0.19,0.19,0.2,0.2,0.05,0.39,0.48,1.51,1.86
P&G.HYGIENE & HLTH.CARE,FMCG,CONSUMER HEALTHCARE,MID CAP,PGHH,9274.5,32048.49,255.28,252.07,271.57,301.43,4311.45,4410.5,4788.85,5218.75,,288.55,429.9,355.2,828.65,872.55,958.45,1060.1,36.33,36.79,34.15,30.77,1137.23,944.6,1025.23,1133.77,0.26,0.21,0.21,0.22,2.3,8.58,8.98,5.39,6.57,-16.94,8.54,10.59,-5.05,-0.1,-1.26,7.74,11.0,3.14,5.7,35.47,33.9,,32.14,21.57,26.11,26.86,26.61,7.43,7.27,6.69,6.14,6.98,6.7,-4.96,-0.01,0.32,-9.91,-6.26,0.19,0.2,0.2,0.2,0.56,0.23,0.3,2.05,1.86,32048.49,20.48,23.51,24.3,27.17,4311.45,5305.07,6066.51,6922.63,66.99,130.87,155.85,141.45,828.65,872.55,958.45,1060.1,39.69,40.44,33.23,29.91,1137.23,1087.98,1206.6,1297.29,0.25,0.21,0.22,0.22,9.15,8.59,8.65,9.65,8.71,10.46,10.9,10.59,10.45,10.5,8.13,10.45,11.1,9.91,9.39,1000.6,35.77,33.9,6.58,7.65,6.42,7.07,7.03,7.05,6.96,6.24,5.67,5.22,5.96,5.71,0.22,0.61,0.36,1.45,1.57,0.19,0.19,0.2,0.2,0.05,0.39,0.48,1.51,1.86
EMAMI,FMCG,CONSUMER HEALTHCARE,SMALL CAP,EMAMILTD,413.5,17630.23,18.0,19.46,21.38,22.56,3779.51,4210.4,4553.64,4855.67,66.99,75.01,86.97,83.52,785.42,833.06,925.04,1012.8,22.97,21.25,19.34,18.33,963.65,1087.98,1206.6,1297.29,0.25,0.26,0.26,0.27,11.4,8.15,6.63,9.76,8.71,12.9,10.9,7.52,11.9,10.42,8.13,9.83,5.52,8.98,7.81,20.29,19.64,6.17,5.51,4.75,4.95,5.13,5.07,4.66,4.19,3.87,3.63,4.03,3.9,0.34,0.66,0.22,1.94,1.57,0.21,0.2,0.2,0.21,-1.0,0.53,0.54,-1.13,0.12,32048.49,20.48,23.51,24.3,27.17,4311.45,5305.07,6066.51,6922.63,66.99,130.87,155.85,141.45,828.65,872.55,958.45,1060.1,39.69,40.44,33.23,29.91,1137.23,1087.98,1206.6,1297.29,0.25,0.21,0.22,0.22,9.15,8.59,8.65,9.65,8.71,10.46,10.9,10.59,10.45,10.5,8.13,10.45,11.1,9.91,9.39,1000.6,35.77,33.9,6.58,7.65,6.42,7.07,7.03,7.05,6.96,6.24,5.67,5.22,5.96,5.71,0.22,0.61,0.36,1.45,1.57,0.19,0.19,0.2,0.2,0.05,0.39,0.48,1.51,1.86
GILLETTE INDIA,FMCG,CONSUMER HEALTHCARE,SMALL CAP,GILLETTE,7828.5,25712.99,172.88,170.6,,,2941.56,3158.6,3536.5,3963.3,,309.3,332.0,319.9,809.21,607.8,690.1,789.4,45.28,45.89,,,809.21,799.1,965.5,1117.7,0.28,0.25,0.27,0.28,7.38,11.96,12.07,9.65,10.45,-1.25,20.82,15.76,9.23,11.37,-1.32,,,,,45.89,45.89,,25.31,23.58,24.47,24.45,24.45,8.74,8.14,7.27,6.49,7.71,7.3,-2.21,2.0,0.9,-0.38,0.83,0.28,0.19,0.2,0.2,-8.27,0.27,0.4,-15.78,-10.2,32048.49,20.48,23.51,24.3,27.17,4311.45,5305.07,6066.51,6922.63,66.99,130.87,155.85,141.45,828.65,872.55,958.45,1060.1,39.69,40.44,33.23,29.91,1137.23,1087.98,1206.6,1297.29,0.25,0.21,0.22,0.22,9.15,8.59,8.65,9.65,8.71,10.46,10.9,10.59,10.45,10.5,8.13,10.45,11.1,9.91,9.39,1000.6,35.77,33.9,6.58,7.65,6.42,7.07,7.03,7.05,6.96,6.24,5.67,5.22,5.96,5.71,0.22,0.61,0.36,1.45,1.57,0.19,0.19,0.2,0.2,0.05,0.39,0.48,1.51,1.86
ZYDUS WELLNESS,FMCG,CONSUMER HEALTHCARE,SMALL CAP,ZYDUSWELL,512.35,15305.13,7.48,12.27,17.2,23.87,3961.0,5305.07,6066.51,6939.6,183.12,190.57,223.0,206.57,238.0,385.07,522.35,754.73,68.5,41.75,29.79,21.47,509.7,795.16,955.86,1097.9,0.13,0.15,0.16,0.16,33.93,14.35,14.39,23.76,20.55,56.0,20.21,14.86,36.94,29.15,64.05,40.17,38.76,51.64,47.22,35.77,31.0,2.8,2.69,2.3,2.48,2.49,2.49,3.86,2.89,2.52,2.21,2.7,2.54,2.12,0.77,0.06,10.66,7.13,0.06,0.07,0.09,0.11,1.25,1.35,2.27,19.71,21.87,32048.49,20.48,23.51,24.3,27.17,4311.45,5305.07,6066.51,6922.63,66.99,130.87,155.85,141.45,828.65,872.55,958.45,1060.1,39.69,40.44,33.23,29.91,1137.23,1087.98,1206.6,1297.29,0.25,0.21,0.22,0.22,9.15,8.59,8.65,9.65,8.71,10.46,10.9,10.59,10.45,10.5,8.13,10.45,11.1,9.91,9.39,1000.6,35.77,33.9,6.58,7.65,6.42,7.07,7.03,7.05,6.96,6.24,5.67,5.22,5.96,5.71,0.22,0.61,0.36,1.45,1.57,0.19,0.19,0.2,0.2,0.05,0.39,0.48,1.51,1.86
BIKAJI FOODS INTERNATIONAL,FMCG,CONSUMER NONDISCRETIONARY,SMALL CAP,BIKAJI,660.2,16019.54,10.47,12.8,14.98,18.32,2993.86,3466.73,3958.76,4526.38,64.09,75.35,98.0,87.78,262.61,326.19,378.72,458.13,63.06,51.58,44.09,36.03,410.59,493.44,551.0,654.75,0.14,0.14,0.14,0.14,15.79,14.19,14.34,14.99,14.77,20.18,11.66,18.83,15.84,16.83,22.25,16.99,22.37,19.59,20.51,47.83,43.9,10.3,8.76,6.74,7.52,7.75,7.67,5.35,4.62,4.05,3.54,4.33,4.07,0.52,-0.32,0.55,0.74,1.79,0.09,0.09,0.1,0.1,0.64,0.16,0.55,4.43,4.89,2655.74,6.66,12.8,14.98,13.26,2993.86,1929.07,2157.9,3322.66,64.09,75.35,74.12,87.78,55.8,51.2,72.6,280.39,230.08,69.22,44.09,35.32,105.2,126.23,182.1,445.35,0.07,0.07,0.1,0.13,2.65,14.19,15.62,11.12,13.89,20.18,44.26,27.57,28.27,23.86,228.61,16.99,62.42,123.35,20.51,897.95,55.67,55.67,8.73,7.98,6.19,6.84,6.82,6.82,2.49,2.42,2.01,2.63,2.22,2.05,0.52,1.9,1.07,15.44,8.81,0.04,0.03,0.03,0.07,0.64,0.16,1.31,4.43,6.65
GOPAL SNACKS,FMCG,CONSUMER NONDISCRETIONARY,SMALL CAP,GOPAL,283.8,3648.37,,4.1,4.05,8.2,1468.0,1506.85,1812.5,2118.95,32.5,35.55,50.25,41.5,55.8,51.2,50.3,102.65,,69.22,70.07,34.61,105.2,108.1,173.1,235.95,0.07,0.07,0.1,0.11,2.65,20.28,16.91,11.12,13.01,2.76,60.13,36.31,28.27,30.9,,-1.22,102.47,,,69.65,57.97,8.73,7.98,5.65,6.84,6.82,6.82,2.49,2.42,2.01,1.72,2.22,2.05,0.01,2.38,1.58,15.44,15.83,0.04,0.03,0.03,0.05,-0.4,-0.62,2.07,-14.55,8.42,2655.74,6.66,12.8,14.98,13.26,2993.86,1929.07,2157.9,3322.66,64.09,75.35,74.12,87.78,55.8,51.2,72.6,280.39,230.08,69.22,44.09,35.32,105.2,126.23,182.1,445.35,0.07,0.07,0.1,0.13,2.65,14.19,15.62,11.12,13.89,20.18,44.26,27.57,28.27,23.86,228.61,16.99,62.42,123.35,20.51,897.95,55.67,55.67,8.73,7.98,6.19,6.84,6.82,6.82,2.49,2.42,2.01,2.63,2.22,2.05,0.52,1.9,1.07,15.44,8.81,0.04,0.03,0.03,0.07,0.64,0.16,1.31,4.43,6.65
TASTY BITE EATABLES,FMCG,CONSUMER NONDISCRETIONARY,SMALL CAP,TASTYBITE,8297.5,1966.45,,,,,,,,,,,,,,,,,,,,,,,,,,,,,,,,,,,,,,,,,,,,,,,,,,,,,,,,,,,,,,,,,,,,,,,,2655.74,6.66,12.8,14.98,13.26,2993.86,1929.07,2157.9,3322.66,64.09,75.35,74.12,87.78,55.8,51.2,72.6,280.39,230.08,69.22,44.09,35.32,105.2,126.23,182.1,445.35,0.07,0.07,0.1,0.13,2.65,14.19,15.62,11.12,13.89,20.18,44.26,27.57,28.27,23.86,228.61,16.99,62.42,123.35,20.51,897.95,55.67,55.67,8.73,7.98,6.19,6.84,6.82,6.82,2.49,2.42,2.01,2.63,2.22,2.05,0.52,1.9,1.07,15.44,8.81,0.04,0.03,0.03,0.07,0.64,0.16,1.31,4.43,6.65
PRATAAP SNACKS,FMCG,CONSUMER NONDISCRETIONARY,SMALL CAP,DIAMONDYD,1135.7,2655.74,2.86,15.3,30.6,,17160.46,1929.07,2157.9,,292.62,311.07,,341.53,11.3,36.3,72.6,,397.1,74.23,37.11,,81.81,126.23,182.1,,0.0,0.07,0.08,,-88.76,11.86,,-64.54,,54.3,44.26,,49.19,,434.97,100.0,,227.1,,55.67,55.67,3.88,3.65,,3.33,3.65,3.49,0.15,1.38,1.23,,1.3,1.3,6.07,1.9,,320.73,,0.0,0.02,0.03,,1.82,1.48,,614.79,,2655.74,6.66,12.8,14.98,13.26,2993.86,1929.07,2157.9,3322.66,64.09,75.35,74.12,87.78,55.8,51.2,72.6,280.39,230.08,69.22,44.09,35.32,105.2,126.23,182.1,445.35,0.07,0.07,0.1,0.13,2.65,14.19,15.62,11.12,13.89,20.18,44.26,27.57,28.27,23.86,228.61,16.99,62.42,123.35,20.51,897.95,55.67,55.67,8.73,7.98,6.19,6.84,6.82,6.82,2.49,2.42,2.01,2.63,2.22,2.05,0.52,1.9,1.07,15.44,8.81,0.04,0.03,0.03,0.07,0.64,0.16,1.31,4.43,6.65
AGRO TECH FOODS,FMCG,CONSUMER NONDISCRETIONARY,SMALL CAP,ATFL,,2548.5,,,,,,,,,,,,,,,,,,,,,,,,,,,,,,,,,,,,,,,,,,,,,,,,,,,,,,,,,,,,,,,,,,,,,,,,2655.74,6.66,12.8,14.98,13.26,2993.86,1929.07,2157.9,3322.66,64.09,75.35,74.12,87.78,55.8,51.2,72.6,280.39,230.08,69.22,44.09,35.32,105.2,126.23,182.1,445.35,0.07,0.07,0.1,0.13,2.65,14.19,15.62,11.12,13.89,20.18,44.26,27.57,28.27,23.86,228.61,16.99,62.42,123.35,20.51,897.95,55.67,55.67,8.73,7.98,6.19,6.84,6.82,6.82,2.49,2.42,2.01,2.63,2.22,2.05,0.52,1.9,1.07,15.44,8.81,0.04,0.03,0.03,0.07,0.64,0.16,1.31,4.43,6.65
VARUN BEVERAG,FMCG,BEVERAGES,LARGE CAP,VBL,529.5,179701.3,8.98,10.41,12.15,13.76,21685.38,25757.05,29127.83,32698.59,57.89,60.06,75.92,68.89,3034.69,3499.07,4101.39,4668.39,58.96,50.86,43.57,38.48,5049.9,5952.84,6756.28,7615.65,0.23,0.23,0.23,0.23,18.78,13.09,12.26,15.9,14.67,17.88,13.5,12.72,15.67,14.68,15.92,16.75,13.23,16.34,15.29,47.22,44.3,9.15,8.82,6.97,7.69,7.9,7.83,8.29,6.98,6.17,5.5,6.57,6.21,-0.18,0.08,0.1,-0.2,0.0,0.14,0.14,0.14,0.14,-0.41,0.5,0.2,0.31,0.67,25384.75,11.81,16.23,22.93,18.0,6810.89,5700.83,6455.49,7234.73,69.59,132.1,164.14,140.68,231.17,442.34,630.41,724.21,50.0,50.24,41.92,37.1,673.68,841.04,1098.01,1253.26,0.17,0.17,0.17,0.17,12.15,12.22,10.5,11.26,10.72,18.87,17.62,13.62,20.65,18.22,19.12,24.28,13.92,22.38,18.75,760.42,46.99,43.74,9.15,8.11,6.54,7.25,7.33,7.3,5.7,3.94,3.04,2.73,3.31,3.06,1.09,0.72,0.42,9.91,7.19,0.1,0.08,0.1,0.09,1.07,0.82,0.29,9.64,8.19
UNITED SPIRITS,FMCG,BEVERAGES,LARGE CAP,UNITDSPR,1320.5,94075.55,26.41,26.61,30.07,33.34,12448.0,13836.38,15242.96,16741.81,,136.16,176.52,145.26,1921.0,4347.76,2178.21,2415.91,50.0,49.62,43.92,39.61,2296.0,2598.87,2945.01,3257.86,0.18,0.19,0.19,0.19,11.15,10.17,9.83,10.66,10.38,13.19,13.32,10.62,13.25,12.37,0.76,12.99,10.89,6.7,8.08,46.77,44.38,,9.7,7.48,9.09,8.59,8.76,7.56,6.8,6.17,5.62,6.49,6.2,0.34,0.54,0.14,2.35,1.8,0.15,0.31,0.14,0.14,15.99,-17.13,0.14,-3.77,-2.21,25384.75,11.81,16.23,22.93,18.0,6810.89,5700.83,6455.49,7234.73,69.59,132.1,164.14,140.68,231.17,442.34,630.41,724.21,50.0,50.24,41.92,37.1,673.68,841.04,1098.01,1253.26,0.17,0.17,0.17,0.17,12.15,12.22,10.5,11.26,10.72,18.87,17.62,13.62,20.65,18.22,19.12,24.28,13.92,22.38,18.75,760.42,46.99,43.74,9.15,8.11,6.54,7.25,7.33,7.3,5.7,3.94,3.04,2.73,3.31,3.06,1.09,0.72,0.42,9.91,7.19,0.1,0.08,0.1,0.09,1.07,0.82,0.29,9.64,8.19
UNITED BREWERIES,FMCG,BEVERAGES,MID CAP,UBL,1341.9,35528.11,,20.87,30.39,36.17,9239.94,10383.12,11561.54,12658.2,171.03,181.05,219.48,197.18,,560.56,818.5,943.98,,64.29,44.16,37.1,805.52,1046.76,1391.43,1601.06,0.09,0.1,0.12,0.13,12.37,11.35,9.49,11.86,11.06,29.95,32.93,15.07,31.43,25.73,,45.6,19.02,,,54.22,48.52,7.85,7.41,6.11,6.81,6.76,6.78,3.85,3.42,3.07,2.81,3.25,3.1,1.36,1.95,0.61,17.5,13.21,,0.05,0.07,0.07,,1.68,0.38,,,25384.75,11.81,16.23,22.93,18.0,6810.89,5700.83,6455.49,7234.73,69.59,132.1,164.14,140.68,231.17,442.34,630.41,724.21,50.0,50.24,41.92,37.1,673.68,841.04,1098.01,1253.26,0.17,0.17,0.17,0.17,12.15,12.22,10.5,11.26,10.72,18.87,17.62,13.62,20.65,18.22,19.12,24.28,13.92,22.38,18.75,760.42,46.99,43.74,9.15,8.11,6.54,7.25,7.33,7.3,5.7,3.94,3.04,2.73,3.31,3.06,1.09,0.72,0.42,9.91,7.19,0.1,0.08,0.1,0.09,1.07,0.82,0.29,9.64,8.19
RADICO KHAITAN,FMCG,BEVERAGES,SMALL CAP,RADICO,3769.2,47925.99,46.22,58.57,71.94,84.37,6050.43,6920.81,7840.93,8718.51,242.74,292.04,420.56,352.91,619.1,780.97,964.5,1129.6,81.55,64.35,52.39,44.68,1021.46,1224.39,1457.37,1668.89,0.17,0.18,0.19,0.19,14.39,13.29,11.19,13.84,12.95,19.87,19.03,14.51,19.45,17.78,26.73,22.82,17.27,24.76,22.21,58.37,53.81,15.53,12.91,8.96,10.68,10.93,10.85,7.92,6.92,6.11,5.5,6.52,6.18,0.81,0.9,0.56,4.93,4.28,0.1,0.11,0.12,0.13,1.05,1.02,0.66,9.64,8.19,25384.75,11.81,16.23,22.93,18.0,6810.89,5700.83,6455.49,7234.73,69.59,132.1,164.14,140.68,231.17,442.34,630.41,724.21,50.0,50.24,41.92,37.1,673.68,841.04,1098.01,1253.26,0.17,0.17,0.17,0.17,12.15,12.22,10.5,11.26,10.72,18.87,17.62,13.62,20.65,18.22,19.12,24.28,13.92,22.38,18.75,760.42,46.99,43.74,9.15,8.11,6.54,7.25,7.33,7.3,5.7,3.94,3.04,2.73,3.31,3.06,1.09,0.72,0.42,9.91,7.19,0.1,0.08,0.1,0.09,1.07,0.82,0.29,9.64,8.19
ALLIED BLENDERS AND DISTILLERS,FMCG,BEVERAGES,SMALL CAP,ABDL,631.25,15241.39,8.26,11.58,15.8,18.0,7571.35,4480.86,5070.06,5750.95,59.44,68.75,,79.17,231.17,324.13,442.31,504.45,76.42,54.52,39.95,35.07,541.83,635.32,804.59,905.45,0.07,0.14,0.16,0.16,-40.82,13.15,13.43,-18.17,-8.76,17.25,26.64,12.54,21.86,18.67,40.17,36.47,13.92,38.31,29.65,47.24,43.18,10.62,9.18,,7.97,9.18,8.58,2.01,3.4,3.01,2.65,3.2,3.02,7.02,1.69,-0.13,48.91,30.06,0.03,0.07,0.09,0.09,4.18,1.49,0.05,69.04,42.16,25384.75,11.81,16.23,22.93,18.0,6810.89,5700.83,6455.49,7234.73,69.59,132.1,164.14,140.68,231.17,442.34,630.41,724.21,50.0,50.24,41.92,37.1,673.68,841.04,1098.01,1253.26,0.17,0.17,0.17,0.17,12.15,12.22,10.5,11.26,10.72,18.87,17.62,13.62,20.65,18.22,19.12,24.28,13.92,22.38,18.75,760.42,46.99,43.74,9.15,8.11,6.54,7.25,7.33,7.3,5.7,3.94,3.04,2.73,3.31,3.06,1.09,0.72,0.42,9.91,7.19,0.1,0.08,0.1,0.09,1.07,0.82,0.29,9.64,8.19
TILAKNAGAR INDS.,FMCG,BEVERAGES,SMALL CAP,TI,443.1,11292.0,11.81,11.13,11.0,15.87,1434.16,2536.88,4913.02,5440.4,45.56,128.05,151.75,136.1,229.59,148.15,315.18,449.88,37.52,39.8,40.28,27.93,254.89,396.32,696.98,805.65,0.18,0.16,0.14,0.15,76.89,93.66,10.73,85.09,55.96,55.49,75.86,15.59,65.36,46.76,-5.73,-1.19,44.25,-3.49,10.34,40.04,36.0,9.72,3.46,2.92,3.26,3.19,3.21,7.87,4.45,2.3,2.08,3.37,2.94,-2.15,-1.44,0.62,-10.66,-5.9,0.16,0.06,0.06,0.08,-10.17,0.58,1.85,-36.7,-19.76,25384.75,11.81,16.23,22.93,18.0,6810.89,5700.83,6455.49,7234.73,69.59,132.1,164.14,140.68,231.17,442.34,630.41,724.21,50.0,50.24,41.92,37.1,673.68,841.04,1098.01,1253.26,0.17,0.17,0.17,0.17,12.15,12.22,10.5,11.26,10.72,18.87,17.62,13.62,20.65,18.22,19.12,24.28,13.92,22.38,18.75,760.42,46.99,43.74,9.15,8.11,6.54,7.25,7.33,7.3,5.7,3.94,3.04,2.73,3.31,3.06,1.09,0.72,0.42,9.91,7.19,0.1,0.08,0.1,0.09,1.07,0.82,0.29,9.64,8.19
SULA VINEYARDS,FMCG,BEVERAGES,SMALL CAP,SULA,156.87,1349.04,3.26,6.48,8.64,8.95,555.87,622.19,676.94,746.42,69.59,75.27,84.57,80.51,27.47,53.93,70.21,75.58,48.12,24.19,18.16,17.53,103.44,143.08,166.27,185.4,0.19,0.23,0.25,0.25,11.93,8.8,10.26,10.35,10.32,38.32,16.2,11.51,26.78,21.47,98.93,33.2,3.6,62.78,40.02,21.18,19.96,2.25,2.08,1.85,1.95,1.97,1.96,2.43,2.17,1.99,1.81,2.08,1.99,4.39,1.56,0.28,14.89,10.1,0.05,0.09,0.1,0.1,3.73,1.7,-0.25,44.87,27.01,25384.75,11.81,16.23,22.93,18.0,6810.89,5700.83,6455.49,7234.73,69.59,132.1,164.14,140.68,231.17,442.34,630.41,724.21,50.0,50.24,41.92,37.1,673.68,841.04,1098.01,1253.26,0.17,0.17,0.17,0.17,12.15,12.22,10.5,11.26,10.72,18.87,17.62,13.62,20.65,18.22,19.12,24.28,13.92,22.38,18.75,760.42,46.99,43.74,9.15,8.11,6.54,7.25,7.33,7.3,5.7,3.94,3.04,2.73,3.31,3.06,1.09,0.72,0.42,9.91,7.19,0.1,0.08,0.1,0.09,1.07,0.82,0.29,9.64,8.19
GLOBUS SPIRITS,FMCG,BEVERAGES,SMALL CAP,GLOBUSSPR,889.6,2586.7,31.65,37.7,47.4,,3612.78,3023.0,3250.6,3500.8,377.2,414.7,,462.2,91.79,109.2,137.4,178.4,28.11,23.6,18.77,,256.21,300.5,333.1,382.3,0.07,0.1,0.1,0.11,-16.32,7.53,7.7,-5.14,-1.04,17.29,10.85,14.77,14.02,14.27,19.12,25.73,,22.38,,21.18,21.18,2.36,2.15,,1.92,2.15,2.03,0.72,0.86,0.8,0.74,0.83,0.8,2.85,0.31,0.67,20.21,15.48,0.03,0.04,0.04,0.05,1.07,0.61,0.87,28.99,26.11,25384.75,11.81,16.23,22.93,18.0,6810.89,5700.83,6455.49,7234.73,69.59,132.1,164.14,140.68,231.17,442.34,630.41,724.21,50.0,50.24,41.92,37.1,673.68,841.04,1098.01,1253.26,0.17,0.17,0.17,0.17,12.15,12.22,10.5,11.26,10.72,18.87,17.62,13.62,20.65,18.22,19.12,24.28,13.92,22.38,18.75,760.42,46.99,43.74,9.15,8.11,6.54,7.25,7.33,7.3,5.7,3.94,3.04,2.73,3.31,3.06,1.09,0.72,0.42,9.91,7.19,0.1,0.08,0.1,0.09,1.07,0.82,0.29,9.64,8.19
ITC,FMCG,CIGARETTE,LARGE CAP,ITC,292.5,377951.2,16.34,15.64,17.28,18.49,81640.11,77027.76,83612.08,89411.99,,56.49,63.94,59.63,20470.29,19801.18,21866.33,23741.55,17.9,18.7,16.93,15.82,25208.22,24179.33,26858.75,28602.28,0.31,0.31,0.32,0.32,-5.65,8.55,6.94,1.2,3.08,-4.08,11.08,6.49,3.22,4.3,-4.3,10.47,7.04,2.82,4.21,17.82,17.15,,5.18,4.57,4.91,4.88,4.89,4.63,4.91,4.52,4.23,4.71,4.55,0.51,0.73,-0.13,2.0,1.19,0.25,0.26,0.26,0.27,0.63,0.45,0.4,2.13,1.93,35850.84,16.34,15.64,17.28,18.49,81640.11,77027.76,83612.08,89411.99,,56.49,63.94,59.63,20470.29,19801.18,21866.33,23741.55,17.9,18.7,16.93,15.82,25208.22,24179.33,26858.75,28602.28,0.31,0.31,0.32,0.32,-5.65,8.55,6.94,1.2,3.08,-4.08,11.08,6.49,3.22,4.3,-4.3,10.47,7.04,2.82,4.21,292.5,17.82,17.15,,5.18,4.57,4.91,4.88,4.89,4.63,4.91,4.52,4.23,4.71,4.55,0.51,0.73,-0.13,2.0,1.19,0.25,0.26,0.26,0.27,0.63,0.45,0.4,2.13,1.93
GODFREY PHILLIPS INDIA,FMCG,CIGARETTE,SMALL CAP,GODFRYPHLP,2271.0,35850.84,,,,,,,,,,,,,,,,,,,,,,,,,,,,,,,,,,,,,,,,,,,,,,,,,,,,,,,,,,,,,,,,,,,,,,,,35850.84,16.34,15.64,17.28,18.49,81640.11,77027.76,83612.08,89411.99,,56.49,63.94,59.63,20470.29,19801.18,21866.33,23741.55,17.9,18.7,16.93,15.82,25208.22,24179.33,26858.75,28602.28,0.31,0.31,0.32,0.32,-5.65,8.55,6.94,1.2,3.08,-4.08,11.08,6.49,3.22,4.3,-4.3,10.47,7.04,2.82,4.21,292.5,17.82,17.15,,5.18,4.57,4.91,4.88,4.89,4.63,4.91,4.52,4.23,4.71,4.55,0.51,0.73,-0.13,2.0,1.19,0.25,0.26,0.26,0.27,0.63,0.45,0.4,2.13,1.93
VST INDUSTRIES,FMCG,CIGARETTE,SMALL CAP,VSTIND,259.95,4381.57,,,,,,,,,,,,,,,,,,,,,,,,,,,,,,,,,,,,,,,,,,,,,,,,,,,,,,,,,,,,,,,,,,,,,,,,35850.84,16.34,15.64,17.28,18.49,81640.11,77027.76,83612.08,89411.99,,56.49,63.94,59.63,20470.29,19801.18,21866.33,23741.55,17.9,18.7,16.93,15.82,25208.22,24179.33,26858.75,28602.28,0.31,0.31,0.32,0.32,-5.65,8.55,6.94,1.2,3.08,-4.08,11.08,6.49,3.22,4.3,-4.3,10.47,7.04,2.82,4.21,292.5,17.82,17.15,,5.18,4.57,4.91,4.88,4.89,4.63,4.91,4.52,4.23,4.71,4.55,0.51,0.73,-0.13,2.0,1.19,0.25,0.26,0.26,0.27,0.63,0.45,0.4,2.13,1.93
HATSUN AGRO PRODUCT,FMCG,DAIRY PRODUCTS,SMALL CAP,HATSUN,920.75,20586.39,15.99,20.9,27.0,,9959.22,10744.45,12115.8,,87.3,102.1,,122.1,356.2,465.55,601.65,,57.58,44.06,34.1,,1176.62,1281.55,1476.65,,0.12,0.12,0.12,,7.88,12.76,,10.3,,8.92,15.22,,12.03,,30.71,29.19,,29.94,,39.08,39.08,10.55,9.02,,7.54,9.02,8.28,2.07,1.92,1.7,,1.81,1.81,0.11,0.26,,1.57,,0.04,0.04,0.05,,0.76,0.63,,17.83,,4874.75,15.56,20.88,26.95,40.7,4325.6,4869.62,5499.31,6152.55,110.17,125.75,,144.35,205.13,249.26,318.99,366.8,23.32,19.69,15.76,8.11,287.36,376.31,463.15,468.75,0.07,0.08,0.09,0.08,12.64,13.34,14.4,12.81,14.0,26.16,21.68,14.21,24.6,21.45,34.3,29.1,51.3,31.66,39.11,625.38,17.73,16.74,3.37,2.95,,2.54,2.95,2.74,1.15,1.02,0.89,0.47,0.95,0.94,0.63,0.56,-0.02,10.04,6.54,0.04,0.04,0.05,0.06,0.86,0.68,0.69,19.24,20.27
DODLA DAIRY,FMCG,DAIRY PRODUCTS,SMALL CAP,DODLA,1108.9,6636.66,44.68,47.08,57.6,,4125.2,4698.5,5367.98,,277.72,320.0,,371.0,269.48,283.98,347.58,,24.82,23.56,19.25,,308.45,415.08,500.85,,0.07,0.09,0.09,,13.9,14.25,,14.07,,34.57,20.66,,27.43,,5.36,22.36,,13.54,,21.4,21.4,3.99,3.47,,2.99,3.47,3.23,1.61,1.41,1.24,,1.32,1.32,1.36,0.5,,11.71,,0.07,0.06,0.06,,-0.49,0.43,,-0.44,,4874.75,15.56,20.88,26.95,40.7,4325.6,4869.62,5499.31,6152.55,110.17,125.75,,144.35,205.13,249.26,318.99,366.8,23.32,19.69,15.76,8.11,287.36,376.31,463.15,468.75,0.07,0.08,0.09,0.08,12.64,13.34,14.4,12.81,14.0,26.16,21.68,14.21,24.6,21.45,34.3,29.1,51.3,31.66,39.11,625.38,17.73,16.74,3.37,2.95,,2.54,2.95,2.74,1.15,1.02,0.89,0.47,0.95,0.94,0.63,0.56,-0.02,10.04,6.54,0.04,0.04,0.05,0.06,0.86,0.68,0.69,19.24,20.27
HERITAGE FOODS,FMCG,DAIRY PRODUCTS,SMALL CAP,HERITGFOOD,330.0,3112.84,15.12,20.85,26.9,40.7,4525.99,5040.75,5630.65,6212.8,119.73,135.6,,157.9,140.39,214.55,290.4,457.1,21.83,15.83,12.27,8.11,266.27,321.85,394.9,443.3,0.06,0.06,0.07,0.07,11.37,11.7,10.34,11.54,11.14,20.87,22.7,12.26,21.78,18.52,37.9,29.02,51.3,33.38,39.11,14.05,12.07,2.76,2.43,,2.09,2.43,2.26,0.69,0.62,0.55,0.5,0.59,0.56,0.5,0.63,0.12,9.18,6.64,0.03,0.04,0.05,0.07,1.15,0.9,2.2,28.95,33.36,4874.75,15.56,20.88,26.95,40.7,4325.6,4869.62,5499.31,6152.55,110.17,125.75,,144.35,205.13,249.26,318.99,366.8,23.32,19.69,15.76,8.11,287.36,376.31,463.15,468.75,0.07,0.08,0.09,0.08,12.64,13.34,14.4,12.81,14.0,26.16,21.68,14.21,24.6,21.45,34.3,29.1,51.3,31.66,39.11,625.38,17.73,16.74,3.37,2.95,,2.54,2.95,2.74,1.15,1.02,0.89,0.47,0.95,0.94,0.63,0.56,-0.02,10.04,6.54,0.04,0.04,0.05,0.06,0.86,0.68,0.69,19.24,20.27
PARAG MILK FOODS,FMCG,DAIRY PRODUCTS,SMALL CAP,PARAGMILK,229.61,2662.18,11.53,16.9,22.35,,3817.5,4514.7,5143.15,6092.3,100.6,115.9,,130.8,140.77,209.7,276.05,276.5,19.91,13.59,10.27,,256.78,337.55,425.45,494.2,0.07,0.07,0.08,0.08,18.26,13.92,18.45,16.07,16.86,31.45,26.04,16.16,28.72,24.39,46.57,32.25,,39.23,,11.93,11.93,2.28,1.98,,1.76,1.98,1.87,0.7,0.59,0.52,0.44,0.55,0.51,0.75,0.8,-0.16,10.9,6.44,0.04,0.05,0.05,0.05,0.96,0.72,-0.83,20.65,7.17,4874.75,15.56,20.88,26.95,40.7,4325.6,4869.62,5499.31,6152.55,110.17,125.75,,144.35,205.13,249.26,318.99,366.8,23.32,19.69,15.76,8.11,287.36,376.31,463.15,468.75,0.07,0.08,0.09,0.08,12.64,13.34,14.4,12.81,14.0,26.16,21.68,14.21,24.6,21.45,34.3,29.1,51.3,31.66,39.11,625.38,17.73,16.74,3.37,2.95,,2.54,2.95,2.74,1.15,1.02,0.89,0.47,0.95,0.94,0.63,0.56,-0.02,10.04,6.54,0.04,0.04,0.05,0.06,0.86,0.68,0.69,19.24,20.27
GODREJ AGROVET LTD,FMCG,ANIMAL BASED,SMALL CAP,GODREJAGRO,574.95,11239.59,22.99,28.42,33.5,37.5,10232.68,11147.2,12009.45,13244.35,,123.37,166.0,142.03,442.34,560.3,649.83,709.5,25.01,20.23,17.16,15.33,,997.85,1122.05,1236.45,,0.09,0.09,0.09,8.94,7.74,10.28,8.33,8.98,,12.45,10.2,,,23.62,17.87,11.94,20.71,17.71,18.7,17.58,,4.66,3.46,4.05,4.06,4.06,1.1,1.01,0.94,0.85,0.97,0.93,,0.39,-0.01,,,0.04,0.05,0.05,0.05,0.7,0.38,-0.05,11.88,7.41,11232.61,22.99,18.94,33.5,48.35,5612.26,5904.7,6572.1,10323.02,136.11,123.37,247.0,142.03,442.34,560.3,649.83,758.15,24.97,20.23,18.16,15.84,642.78,746.2,838.5,1103.97,0.15,0.13,0.13,0.11,8.94,11.3,11.45,8.33,9.32,9.69,12.45,13.03,11.69,15.35,56.12,26.13,14.58,20.71,16.41,771.32,18.93,17.66,4.71,4.34,3.21,3.75,3.77,3.76,3.25,2.87,2.54,1.66,2.7,2.7,-0.4,0.39,0.18,0.8,5.18,0.06,0.08,0.1,0.08,1.2,0.38,0.19,11.88,6.19
AVANTI FEEDS,FMCG,ANIMAL BASED,SMALL CAP,AVANTIFEED,967.7,18226.94,38.81,,50.5,59.2,5612.26,5904.7,6572.1,7401.7,205.58,241.0,328.0,281.0,528.82,627.3,687.5,806.8,24.93,,19.16,16.35,633.04,746.2,838.5,971.5,0.11,0.13,0.13,0.13,5.21,11.3,12.62,8.21,9.66,17.88,12.37,15.86,15.09,15.35,,,17.23,14.07,15.11,19.16,17.75,4.71,4.02,2.95,3.44,3.48,3.47,3.25,3.09,2.77,2.46,2.93,2.77,1.36,0.12,0.37,6.35,5.18,0.09,0.11,0.1,0.11,1.2,-0.16,0.44,5.37,4.98,11232.61,22.99,18.94,33.5,48.35,5612.26,5904.7,6572.1,10323.02,136.11,123.37,247.0,142.03,442.34,560.3,649.83,758.15,24.97,20.23,18.16,15.84,642.78,746.2,838.5,1103.97,0.15,0.13,0.13,0.11,8.94,11.3,11.45,8.33,9.32,9.69,12.45,13.03,11.69,15.35,56.12,26.13,14.58,20.71,16.41,771.32,18.93,17.66,4.71,4.34,3.21,3.75,3.77,3.76,3.25,2.87,2.54,1.66,2.7,2.7,-0.4,0.39,0.18,0.8,5.18,0.06,0.08,0.1,0.08,1.2,0.38,0.19,11.88,6.19
HMA AGRO INDUSTRIES,FMCG,ANIMAL BASED,SMALL CAP,HMAAGRO,22.27,1177.81,,,,,,,,,,,,,,,,,,,,,,,,,,,,,,,,,,,,,,,,,,,,,,,,,,,,,,,,,,,,,,,,,,,,,,,,11232.61,22.99,18.94,33.5,48.35,5612.26,5904.7,6572.1,10323.02,136.11,123.37,247.0,142.03,442.34,560.3,649.83,758.15,24.97,20.23,18.16,15.84,642.78,746.2,838.5,1103.97,0.15,0.13,0.13,0.11,8.94,11.3,11.45,8.33,9.32,9.69,12.45,13.03,11.69,15.35,56.12,26.13,14.58,20.71,16.41,771.32,18.93,17.66,4.71,4.34,3.21,3.75,3.77,3.76,3.25,2.87,2.54,1.66,2.7,2.7,-0.4,0.39,0.18,0.8,5.18,0.06,0.08,0.1,0.08,1.2,0.38,0.19,11.88,6.19
VENKY'S (INDIA),FMCG,ANIMAL BASED,SMALL CAP,VENKEYS,1423.5,2139.02,,,,,,,,,,,,,,,,,,,,,,,,,,,,,,,,,,,,,,,,,,,,,,,,,,,,,,,,,,,,,,,,,,,,,,,,11232.61,22.99,18.94,33.5,48.35,5612.26,5904.7,6572.1,10323.02,136.11,123.37,247.0,142.03,442.34,560.3,649.83,758.15,24.97,20.23,18.16,15.84,642.78,746.2,838.5,1103.97,0.15,0.13,0.13,0.11,8.94,11.3,11.45,8.33,9.32,9.69,12.45,13.03,11.69,15.35,56.12,26.13,14.58,20.71,16.41,771.32,18.93,17.66,4.71,4.34,3.21,3.75,3.77,3.76,3.25,2.87,2.54,1.66,2.7,2.7,-0.4,0.39,0.18,0.8,5.18,0.06,0.08,0.1,0.08,1.2,0.38,0.19,11.88,6.19
SEQUENT SCIENTIFIC,FMCG,ANIMAL BASED,SMALL CAP,SEQUENT,,11232.61,5.01,9.45,12.7,,3420.31,3916.7,4420.55,,66.64,85.6,,103.1,221.49,303.35,551.85,,,,,,652.53,662.4,765.1,,0.19,0.17,0.17,,14.51,12.86,,13.69,,1.51,15.5,,8.28,,88.62,34.39,,59.21,,,,,,,,,,3.28,2.87,2.54,,2.7,2.7,-2.17,0.4,,-4.75,,0.06,0.08,0.12,,1.27,4.74,,38.84,,11232.61,22.99,18.94,33.5,48.35,5612.26,5904.7,6572.1,10323.02,136.11,123.37,247.0,142.03,442.34,560.3,649.83,758.15,24.97,20.23,18.16,15.84,642.78,746.2,838.5,1103.97,0.15,0.13,0.13,0.11,8.94,11.3,11.45,8.33,9.32,9.69,12.45,13.03,11.69,15.35,56.12,26.13,14.58,20.71,16.41,771.32,18.93,17.66,4.71,4.34,3.21,3.75,3.77,3.76,3.25,2.87,2.54,1.66,2.7,2.7,-0.4,0.39,0.18,0.8,5.18,0.06,0.08,0.1,0.08,1.2,0.38,0.19,11.88,6.19
SUN PHARM.INDUSTRIES,PHARMA,US GENERICS & DOMESTIC,LARGE CAP,SUNPHARMA,1838.3,441669.5,53.24,54.43,65.63,78.04,58462.04,65161.53,76149.11,84457.36,,385.31,489.37,436.37,12786.9,12990.96,15727.45,18658.11,34.53,33.78,28.01,23.56,17731.4,18744.46,22678.43,25671.15,0.3,0.29,0.3,0.3,11.46,16.86,10.91,14.13,13.05,5.71,20.99,13.2,13.09,13.13,2.23,20.58,18.91,11.03,13.6,30.89,28.45,,4.77,3.76,4.21,4.26,4.25,7.55,6.78,5.8,5.23,6.29,5.94,-1.56,1.02,0.61,-0.91,0.07,0.22,0.2,0.21,0.22,-1.94,0.72,1.44,-2.83,0.33,33160.36,50.35,51.67,54.27,70.71,13321.74,15503.91,16265.14,23390.5,288.7,314.51,494.31,396.94,1419.92,1390.54,2052.68,3275.76,34.53,30.22,24.48,23.26,2351.38,4194.78,3552.72,4795.42,0.21,0.25,0.23,0.24,11.87,11.69,9.89,11.12,10.17,16.78,17.76,13.2,18.12,11.63,9.63,20.58,11.56,15.21,13.86,1024.92,26.45,25.39,3.97,3.74,2.97,3.23,3.64,3.49,4.48,3.69,3.32,3.35,3.5,3.35,0.71,1.02,0.44,3.13,1.35,0.15,0.14,0.14,0.15,-0.44,1.19,0.64,1.94,1.21
CIPLA,PHARMA,US GENERICS & DOMESTIC,LARGE CAP,CIPLA,1351.8,114505.6,51.41,51.67,63.74,70.71,28162.59,31011.54,34637.58,37635.16,426.25,455.54,566.92,505.94,4155.14,4253.47,5198.11,5736.28,26.29,26.16,21.21,19.12,5882.9,6063.2,7381.12,8184.37,0.21,0.2,0.21,0.22,10.12,11.69,8.65,10.9,10.15,3.06,21.74,10.88,12.01,11.63,0.51,23.35,10.94,11.35,11.21,23.68,22.16,3.17,2.97,2.38,2.67,2.68,2.67,4.07,3.69,3.31,3.04,3.5,3.35,-1.34,1.76,0.44,1.0,1.35,0.15,0.14,0.15,0.15,-1.04,1.29,0.23,0.85,1.09,33160.36,50.35,51.67,54.27,70.71,13321.74,15503.91,16265.14,23390.5,288.7,314.51,494.31,396.94,1419.92,1390.54,2052.68,3275.76,34.53,30.22,24.48,23.26,2351.38,4194.78,3552.72,4795.42,0.21,0.25,0.23,0.24,11.87,11.69,9.89,11.12,10.17,16.78,17.76,13.2,18.12,11.63,9.63,20.58,11.56,15.21,13.86,1024.92,26.45,25.39,3.97,3.74,2.97,3.23,3.64,3.49,4.48,3.69,3.32,3.35,3.5,3.35,0.71,1.02,0.44,3.13,1.35,0.15,0.14,0.14,0.15,-0.44,1.19,0.64,1.94,1.21
DR REDDYS LABORATORIES,PHARMA,US GENERICS & DOMESTIC,LARGE CAP,DRREDDY,1272.1,110573.0,50.35,51.84,63.25,71.94,33700.2,35672.6,39403.14,42896.03,455.05,497.73,618.18,553.05,4196.0,4285.93,5278.53,6060.06,25.27,24.54,20.11,17.68,6935.2,7244.01,8604.14,9334.49,0.21,0.2,0.22,0.22,5.85,10.46,8.86,8.13,8.37,4.45,18.78,8.49,11.38,10.41,2.96,22.01,13.74,12.08,12.63,22.33,20.78,2.8,2.56,2.06,2.3,2.31,2.3,3.28,3.1,2.81,2.58,2.95,2.83,-0.27,1.53,-0.08,3.01,1.88,0.12,0.12,0.13,0.14,-0.44,1.38,0.73,3.73,4.3,33160.36,50.35,51.67,54.27,70.71,13321.74,15503.91,16265.14,23390.5,288.7,314.51,494.31,396.94,1419.92,1390.54,2052.68,3275.76,34.53,30.22,24.48,23.26,2351.38,4194.78,3552.72,4795.42,0.21,0.25,0.23,0.24,11.87,11.69,9.89,11.12,10.17,16.78,17.76,13.2,18.12,11.63,9.63,20.58,11.56,15.21,13.86,1024.92,26.45,25.39,3.97,3.74,2.97,3.23,3.64,3.49,4.48,3.69,3.32,3.35,3.5,3.35,0.71,1.02,0.44,3.13,1.35,0.15,0.14,0.14,0.15,-0.44,1.19,0.64,1.94,1.21
TORRENT PHARMACEUTICALS,PHARMA,US GENERICS & DOMESTIC,LARGE CAP,TORNTPHARM,4429.8,150679.3,66.55,76.07,98.66,108.77,13980.0,17894.55,20107.19,23390.5,247.87,314.51,441.03,396.94,2252.0,2593.42,3383.0,3915.76,66.56,58.23,44.9,40.73,4559.0,5947.81,6915.46,8074.09,0.33,0.33,0.34,0.35,28.0,12.36,16.33,19.93,18.72,30.46,16.27,16.75,23.16,20.99,14.31,29.7,10.24,21.76,17.79,51.56,47.95,17.87,14.08,10.04,11.16,12.06,11.76,10.78,8.42,7.49,6.44,7.96,7.45,0.63,1.15,0.13,2.7,1.91,0.16,0.14,0.17,0.17,-1.62,2.33,-0.08,2.2,1.29,33160.36,50.35,51.67,54.27,70.71,13321.74,15503.91,16265.14,23390.5,288.7,314.51,494.31,396.94,1419.92,1390.54,2052.68,3275.76,34.53,30.22,24.48,23.26,2351.38,4194.78,3552.72,4795.42,0.21,0.25,0.23,0.24,11.87,11.69,9.89,11.12,10.17,16.78,17.76,13.2,18.12,11.63,9.63,20.58,11.56,15.21,13.86,1024.92,26.45,25.39,3.97,3.74,2.97,3.23,3.64,3.49,4.48,3.69,3.32,3.35,3.5,3.35,0.71,1.02,0.44,3.13,1.35,0.15,0.14,0.14,0.15,-0.44,1.19,0.64,1.94,1.21
ZYDUS LIFESCIENCES,PHARMA,US GENERICS & DOMESTIC,LARGE CAP,ZYDUSLIFE,1070.8,108577.6,55.22,42.21,47.5,50.81,27148.4,30370.39,33503.71,35206.41,269.43,306.01,387.89,345.63,5556.6,4265.71,4848.35,5409.39,19.39,25.37,22.54,21.07,8555.9,7452.35,8143.78,8627.56,0.32,0.25,0.24,0.25,11.87,10.32,5.08,11.09,9.05,-12.9,9.28,5.94,-2.44,0.28,-23.56,12.54,6.96,-7.25,-2.74,23.96,22.99,3.97,3.5,2.76,3.1,3.13,3.12,4.0,3.58,3.24,3.08,3.41,3.3,-6.98,-0.23,0.2,-12.18,-8.04,0.2,0.14,0.14,0.15,-6.42,0.43,0.89,-15.92,-9.12,33160.36,50.35,51.67,54.27,70.71,13321.74,15503.91,16265.14,23390.5,288.7,314.51,494.31,396.94,1419.92,1390.54,2052.68,3275.76,34.53,30.22,24.48,23.26,2351.38,4194.78,3552.72,4795.42,0.21,0.25,0.23,0.24,11.87,11.69,9.89,11.12,10.17,16.78,17.76,13.2,18.12,11.63,9.63,20.58,11.56,15.21,13.86,1024.92,26.45,25.39,3.97,3.74,2.97,3.23,3.64,3.49,4.48,3.69,3.32,3.35,3.5,3.35,0.71,1.02,0.44,3.13,1.35,0.15,0.14,0.14,0.15,-0.44,1.19,0.64,1.94,1.21
LUPIN,PHARMA,US GENERICS & DOMESTIC,MID CAP,LUPIN,2351.6,103605.1,128.11,101.06,102.69,111.68,27958.03,29692.09,31189.08,34124.76,491.02,573.39,737.73,659.09,5890.75,4577.2,4613.77,5159.62,18.36,23.27,22.9,21.06,8816.0,7543.58,7610.42,8417.69,0.32,0.25,0.24,0.25,6.2,5.04,9.41,5.62,6.87,-14.43,0.89,10.61,-7.09,-1.53,-21.11,1.61,8.76,-10.47,-4.47,23.08,22.41,4.79,4.1,3.19,3.57,3.64,3.62,3.71,3.49,3.32,3.04,3.41,3.28,-6.13,-1.01,0.27,-12.03,-7.86,0.21,0.15,0.15,0.15,-5.65,-0.62,0.33,-16.21,-10.47,33160.36,50.35,51.67,54.27,70.71,13321.74,15503.91,16265.14,23390.5,288.7,314.51,494.31,396.94,1419.92,1390.54,2052.68,3275.76,34.53,30.22,24.48,23.26,2351.38,4194.78,3552.72,4795.42,0.21,0.25,0.23,0.24,11.87,11.69,9.89,11.12,10.17,16.78,17.76,13.2,18.12,11.63,9.63,20.58,11.56,15.21,13.86,1024.92,26.45,25.39,3.97,3.74,2.97,3.23,3.64,3.49,4.48,3.69,3.32,3.35,3.5,3.35,0.71,1.02,0.44,3.13,1.35,0.15,0.14,0.14,0.15,-0.44,1.19,0.64,1.94,1.21
BIOCON,PHARMA,US GENERICS & DOMESTIC,MID CAP,BIOCON,415.5,70634.76,5.77,7.92,11.9,12.3,16927.0,20031.71,22864.59,24842.49,210.14,242.25,236.36,257.76,788.5,1390.54,2052.68,2166.4,72.01,52.44,34.92,33.78,3455.3,4459.43,5352.12,4795.42,0.2,0.22,0.23,0.19,18.34,14.14,8.65,16.22,13.64,29.06,20.02,-10.4,24.46,11.54,37.33,50.14,3.39,43.59,28.7,43.68,40.38,1.98,1.72,1.76,1.61,1.74,1.7,4.17,3.53,3.09,2.84,3.31,3.15,1.85,1.15,-4.1,7.08,-1.85,0.05,0.07,0.09,0.09,2.28,2.04,-0.26,38.83,23.25,33160.36,50.35,51.67,54.27,70.71,13321.74,15503.91,16265.14,23390.5,288.7,314.51,494.31,396.94,1419.92,1390.54,2052.68,3275.76,34.53,30.22,24.48,23.26,2351.38,4194.78,3552.72,4795.42,0.21,0.25,0.23,0.24,11.87,11.69,9.89,11.12,10.17,16.78,17.76,13.2,18.12,11.63,9.63,20.58,11.56,15.21,13.86,1024.92,26.45,25.39,3.97,3.74,2.97,3.23,3.64,3.49,4.48,3.69,3.32,3.35,3.5,3.35,0.71,1.02,0.44,3.13,1.35,0.15,0.14,0.14,0.15,-0.44,1.19,0.64,1.94,1.21
IPCA LABORATORIES,PHARMA,US GENERICS & DOMESTIC,MID CAP,IPCALAB,1585.8,40034.51,35.14,45.34,54.27,64.83,8939.59,9645.3,10729.59,11952.56,273.88,309.39,409.51,354.52,942.73,1134.92,1377.1,1647.59,45.13,34.97,29.22,24.46,1726.14,1981.79,2333.79,2720.52,0.19,0.21,0.22,0.23,7.89,11.24,11.4,9.56,10.17,14.81,17.76,16.57,16.28,16.37,29.04,19.69,19.45,24.28,22.65,32.1,29.55,5.79,5.13,3.87,4.47,4.5,4.49,4.48,4.15,3.73,3.35,3.94,3.74,1.24,1.2,1.01,6.14,5.64,0.11,0.12,0.13,0.14,1.22,1.07,0.95,10.32,9.34,33160.36,50.35,51.67,54.27,70.71,13321.74,15503.91,16265.14,23390.5,288.7,314.51,494.31,396.94,1419.92,1390.54,2052.68,3275.76,34.53,30.22,24.48,23.26,2351.38,4194.78,3552.72,4795.42,0.21,0.25,0.23,0.24,11.87,11.69,9.89,11.12,10.17,16.78,17.76,13.2,18.12,11.63,9.63,20.58,11.56,15.21,13.86,1024.92,26.45,25.39,3.97,3.74,2.97,3.23,3.64,3.49,4.48,3.69,3.32,3.35,3.5,3.35,0.71,1.02,0.44,3.13,1.35,0.15,0.14,0.14,0.15,-0.44,1.19,0.64,1.94,1.21
AJANTA PHARMA,PHARMA,US GENERICS & DOMESTIC,MID CAP,AJANTPHARM,3065.2,38693.81,84.51,97.55,111.81,124.74,5452.86,6254.05,7003.0,7875.25,362.35,443.39,622.12,520.62,1056.0,1225.32,1402.4,1577.72,36.27,31.42,27.41,24.57,1394.83,1727.47,1971.54,1806.16,0.26,0.28,0.28,0.23,14.69,11.98,12.46,13.33,13.04,23.85,14.13,-8.39,18.89,9.0,15.43,14.62,11.56,15.02,13.86,29.42,27.8,8.46,6.91,4.93,5.89,5.92,5.91,7.1,6.19,5.53,4.91,5.86,5.54,2.04,0.53,-5.22,4.91,-3.57,0.19,0.2,0.2,0.2,0.23,0.43,0.01,1.69,1.14,33160.36,50.35,51.67,54.27,70.71,13321.74,15503.91,16265.14,23390.5,288.7,314.51,494.31,396.94,1419.92,1390.54,2052.68,3275.76,34.53,30.22,24.48,23.26,2351.38,4194.78,3552.72,4795.42,0.21,0.25,0.23,0.24,11.87,11.69,9.89,11.12,10.17,16.78,17.76,13.2,18.12,11.63,9.63,20.58,11.56,15.21,13.86,1024.92,26.45,25.39,3.97,3.74,2.97,3.23,3.64,3.49,4.48,3.69,3.32,3.35,3.5,3.35,0.71,1.02,0.44,3.13,1.35,0.15,0.14,0.14,0.15,-0.44,1.19,0.64,1.94,1.21
GLENMARK PHARMACEUTICALS,PHARMA,US GENERICS & DOMESTIC,MID CAP,GLENMARK,2213.6,66356.69,50.32,85.05,82.36,95.18,13321.74,15503.91,16265.14,17873.26,313.6,347.56,499.24,430.28,1419.92,1962.77,2266.68,2635.75,43.99,26.03,26.88,23.26,2351.38,4194.78,3552.72,4102.81,0.18,0.27,0.22,0.23,16.38,4.91,9.89,10.5,10.29,78.4,-15.31,15.48,22.92,20.39,69.01,-3.15,15.56,27.94,23.67,26.45,25.39,7.06,6.37,4.43,5.14,5.4,5.32,4.98,4.28,4.08,3.71,4.18,4.02,9.41,-5.21,1.11,11.24,9.15,0.11,0.13,0.14,0.15,2.0,1.28,0.81,14.34,11.43,33160.36,50.35,51.67,54.27,70.71,13321.74,15503.91,16265.14,23390.5,288.7,314.51,494.31,396.94,1419.92,1390.54,2052.68,3275.76,34.53,30.22,24.48,23.26,2351.38,4194.78,3552.72,4795.42,0.21,0.25,0.23,0.24,11.87,11.69,9.89,11.12,10.17,16.78,17.76,13.2,18.12,11.63,9.63,20.58,11.56,15.21,13.86,1024.92,26.45,25.39,3.97,3.74,2.97,3.23,3.64,3.49,4.48,3.69,3.32,3.35,3.5,3.35,0.71,1.02,0.44,3.13,1.35,0.15,0.14,0.14,0.15,-0.44,1.19,0.64,1.94,1.21
ALEMBIC PHARMACEUTICALS,PHARMA,US GENERICS & DOMESTIC,SMALL CAP,APLLTD,763.0,14930.94,34.67,38.01,47.64,57.63,7344.9,8195.88,9068.54,6934.64,288.7,313.58,383.84,314.15,681.44,751.46,939.0,1157.15,22.01,20.08,16.02,13.24,1118.46,1306.13,1560.62,1838.24,0.15,0.16,0.17,0.27,11.59,10.65,-23.53,11.12,-1.9,16.78,19.48,17.79,18.12,18.01,9.63,25.34,20.97,17.22,18.46,18.05,16.44,2.64,2.43,1.99,2.43,2.21,2.28,2.03,1.82,1.65,2.15,1.73,1.87,0.71,1.27,9.3,6.31,20.3,0.09,0.09,0.1,0.17,-0.11,1.19,6.33,5.64,21.61,33160.36,50.35,51.67,54.27,70.71,13321.74,15503.91,16265.14,23390.5,288.7,314.51,494.31,396.94,1419.92,1390.54,2052.68,3275.76,34.53,30.22,24.48,23.26,2351.38,4194.78,3552.72,4795.42,0.21,0.25,0.23,0.24,11.87,11.69,9.89,11.12,10.17,16.78,17.76,13.2,18.12,11.63,9.63,20.58,11.56,15.21,13.86,1024.92,26.45,25.39,3.97,3.74,2.97,3.23,3.64,3.49,4.48,3.69,3.32,3.35,3.5,3.35,0.71,1.02,0.44,3.13,1.35,0.15,0.14,0.14,0.15,-0.44,1.19,0.64,1.94,1.21
ORCHID PHARMA,PHARMA,US GENERICS & DOMESTIC,SMALL CAP,ORCHPHARMA,979.05,3673.84,5.34,17.6,40.0,,811.33,1512.7,2018.5,,,261.5,,303.3,27.12,105.1,240.3,,183.17,55.63,24.48,,41.13,150.1,407.9,,0.05,0.1,0.2,,86.45,33.44,,57.73,,264.96,171.75,,214.92,,229.28,127.27,,173.56,,40.05,40.05,,3.74,,3.23,3.74,3.49,4.53,2.43,1.82,,2.12,2.12,4.85,10.29,,99.66,,0.03,0.07,0.12,,3.61,4.96,,88.72,,33160.36,50.35,51.67,54.27,70.71,13321.74,15503.91,16265.14,23390.5,288.7,314.51,494.31,396.94,1419.92,1390.54,2052.68,3275.76,34.53,30.22,24.48,23.26,2351.38,4194.78,3552.72,4795.42,0.21,0.25,0.23,0.24,11.87,11.69,9.89,11.12,10.17,16.78,17.76,13.2,18.12,11.63,9.63,20.58,11.56,15.21,13.86,1024.92,26.45,25.39,3.97,3.74,2.97,3.23,3.64,3.49,4.48,3.69,3.32,3.35,3.5,3.35,0.71,1.02,0.44,3.13,1.35,0.15,0.14,0.14,0.15,-0.44,1.19,0.64,1.94,1.21
NATCO PHARMA,PHARMA,US GENERICS & DOMESTIC,SMALL CAP,NATCOPHARM,889.0,21242.43,105.26,73.69,41.57,47.44,4429.5,4086.07,3192.99,3576.16,424.71,483.2,552.3,515.15,1885.4,1303.08,751.79,861.8,8.45,12.06,21.39,18.74,2196.0,1477.46,753.38,874.22,0.5,0.36,0.24,0.24,-7.75,-21.86,12.0,-15.1,-6.88,-32.72,-49.01,16.04,-41.43,-26.44,-29.99,-43.59,14.14,-37.16,-23.33,16.73,17.4,2.09,1.84,1.61,1.73,1.72,1.73,4.8,5.2,6.65,5.94,5.93,5.93,-13.42,-12.56,0.85,-31.01,-21.0,0.43,0.32,0.24,0.24,-10.67,-8.35,0.55,-25.63,-17.27,33160.36,50.35,51.67,54.27,70.71,13321.74,15503.91,16265.14,23390.5,288.7,314.51,494.31,396.94,1419.92,1390.54,2052.68,3275.76,34.53,30.22,24.48,23.26,2351.38,4194.78,3552.72,4795.42,0.21,0.25,0.23,0.24,11.87,11.69,9.89,11.12,10.17,16.78,17.76,13.2,18.12,11.63,9.63,20.58,11.56,15.21,13.86,1024.92,26.45,25.39,3.97,3.74,2.97,3.23,3.64,3.49,4.48,3.69,3.32,3.35,3.5,3.35,0.71,1.02,0.44,3.13,1.35,0.15,0.14,0.14,0.15,-0.44,1.19,0.64,1.94,1.21
F D C,PHARMA,US GENERICS & DOMESTIC,SMALL CAP,FDC,389.35,6563.68,,,,,,,,,,,,,,,,,,,,,,,,,,,,,,,,,,,,,,,,,,,,,,,,,,,,,,,,,,,,,,,,,,,,,,,,33160.36,50.35,51.67,54.27,70.71,13321.74,15503.91,16265.14,23390.5,288.7,314.51,494.31,396.94,1419.92,1390.54,2052.68,3275.76,34.53,30.22,24.48,23.26,2351.38,4194.78,3552.72,4795.42,0.21,0.25,0.23,0.24,11.87,11.69,9.89,11.12,10.17,16.78,17.76,13.2,18.12,11.63,9.63,20.58,11.56,15.21,13.86,1024.92,26.45,25.39,3.97,3.74,2.97,3.23,3.64,3.49,4.48,3.69,3.32,3.35,3.5,3.35,0.71,1.02,0.44,3.13,1.35,0.15,0.14,0.14,0.15,-0.44,1.19,0.64,1.94,1.21
BLUE JET HEALTHCARE,PHARMA,US GENERICS & DOMESTIC,SMALL CAP,BLUEJET,512.6,8665.46,14.29,16.96,19.03,21.2,947.32,1153.22,1309.96,1571.4,78.4,93.95,,111.38,247.82,290.36,327.22,,35.87,30.22,26.94,24.18,294.1,371.86,432.56,550.0,0.31,0.32,0.33,0.35,21.73,13.59,19.96,17.59,18.38,26.44,16.32,27.15,21.28,23.2,18.72,12.17,11.4,15.4,14.05,28.58,27.11,6.54,5.46,,4.6,5.46,5.03,9.15,7.51,6.62,5.51,7.06,6.55,1.2,0.78,1.98,3.13,4.08,0.26,0.25,0.25,,-0.98,-0.2,,-2.28,,33160.36,50.35,51.67,54.27,70.71,13321.74,15503.91,16265.14,23390.5,288.7,314.51,494.31,396.94,1419.92,1390.54,2052.68,3275.76,34.53,30.22,24.48,23.26,2351.38,4194.78,3552.72,4795.42,0.21,0.25,0.23,0.24,11.87,11.69,9.89,11.12,10.17,16.78,17.76,13.2,18.12,11.63,9.63,20.58,11.56,15.21,13.86,1024.92,26.45,25.39,3.97,3.74,2.97,3.23,3.64,3.49,4.48,3.69,3.32,3.35,3.5,3.35,0.71,1.02,0.44,3.13,1.35,0.15,0.14,0.14,0.15,-0.44,1.19,0.64,1.94,1.21
WOCKHARDT,PHARMA,US GENERICS & DOMESTIC,SMALL CAP,WOCKPHARMA,2011.1,27626.91,,,,,,,,,,,,,,,,,,,,,,,,,,,,,,,,,,,,,,,,,,,,,,,,,,,,,,,,,,,,,,,,,,,,,,,,33160.36,50.35,51.67,54.27,70.71,13321.74,15503.91,16265.14,23390.5,288.7,314.51,494.31,396.94,1419.92,1390.54,2052.68,3275.76,34.53,30.22,24.48,23.26,2351.38,4194.78,3552.72,4795.42,0.21,0.25,0.23,0.24,11.87,11.69,9.89,11.12,10.17,16.78,17.76,13.2,18.12,11.63,9.63,20.58,11.56,15.21,13.86,1024.92,26.45,25.39,3.97,3.74,2.97,3.23,3.64,3.49,4.48,3.69,3.32,3.35,3.5,3.35,0.71,1.02,0.44,3.13,1.35,0.15,0.14,0.14,0.15,-0.44,1.19,0.64,1.94,1.21
INDOCO REMEDIES,PHARMA,US GENERICS & DOMESTIC,SMALL CAP,INDOCO,234.99,1780.15,-10.36,7.57,13.17,,1845.32,2065.63,2328.3,,101.76,95.1,,102.53,-92.21,68.23,120.13,,-22.68,31.05,17.85,,141.8,297.17,357.43,,0.08,0.14,0.15,,11.94,12.72,,12.33,,109.57,20.28,,58.77,,-173.04,74.01,,,,24.45,24.45,2.31,2.47,,2.29,2.47,2.38,0.96,0.86,0.76,,0.81,0.81,6.7,0.97,,41.34,,-0.05,0.03,0.05,,8.3,1.86,,,,33160.36,50.35,51.67,54.27,70.71,13321.74,15503.91,16265.14,23390.5,288.7,314.51,494.31,396.94,1419.92,1390.54,2052.68,3275.76,34.53,30.22,24.48,23.26,2351.38,4194.78,3552.72,4795.42,0.21,0.25,0.23,0.24,11.87,11.69,9.89,11.12,10.17,16.78,17.76,13.2,18.12,11.63,9.63,20.58,11.56,15.21,13.86,1024.92,26.45,25.39,3.97,3.74,2.97,3.23,3.64,3.49,4.48,3.69,3.32,3.35,3.5,3.35,0.71,1.02,0.44,3.13,1.35,0.15,0.14,0.14,0.15,-0.44,1.19,0.64,1.94,1.21
GUFIC BIOSCIENCES,PHARMA,US GENERICS & DOMESTIC,SMALL CAP,GUFICBIO,355.25,3197.51,,,,,,,,,,,,,,,,,,,,,,,,,,,,,,,,,,,,,,,,,,,,,,,,,,,,,,,,,,,,,,,,,,,,,,,,33160.36,50.35,51.67,54.27,70.71,13321.74,15503.91,16265.14,23390.5,288.7,314.51,494.31,396.94,1419.92,1390.54,2052.68,3275.76,34.53,30.22,24.48,23.26,2351.38,4194.78,3552.72,4795.42,0.21,0.25,0.23,0.24,11.87,11.69,9.89,11.12,10.17,16.78,17.76,13.2,18.12,11.63,9.63,20.58,11.56,15.21,13.86,1024.92,26.45,25.39,3.97,3.74,2.97,3.23,3.64,3.49,4.48,3.69,3.32,3.35,3.5,3.35,0.71,1.02,0.44,3.13,1.35,0.15,0.14,0.14,0.15,-0.44,1.19,0.64,1.94,1.21
UNICHEM LABORATORIES,PHARMA,US GENERICS & DOMESTIC,SMALL CAP,UNICHEMLAB,444.3,2507.85,,,,,,,,,,,,,,,,,,,,,,,,,,,,,,,,,,,,,,,,,,,,,,,,,,,,,,,,,,,,,,,,,,,,,,,,33160.36,50.35,51.67,54.27,70.71,13321.74,15503.91,16265.14,23390.5,288.7,314.51,494.31,396.94,1419.92,1390.54,2052.68,3275.76,34.53,30.22,24.48,23.26,2351.38,4194.78,3552.72,4795.42,0.21,0.25,0.23,0.24,11.87,11.69,9.89,11.12,10.17,16.78,17.76,13.2,18.12,11.63,9.63,20.58,11.56,15.21,13.86,1024.92,26.45,25.39,3.97,3.74,2.97,3.23,3.64,3.49,4.48,3.69,3.32,3.35,3.5,3.35,0.71,1.02,0.44,3.13,1.35,0.15,0.14,0.14,0.15,-0.44,1.19,0.64,1.94,1.21
ALEMBIC,PHARMA,US GENERICS & DOMESTIC,SMALL CAP,ALEMBICLTD,89.98,2257.37,,,,,,,,,,,,,,,,,,,,,,,,,,,,,,,,,,,,,,,,,,,,,,,,,,,,,,,,,,,,,,,,,,,,,,,,33160.36,50.35,51.67,54.27,70.71,13321.74,15503.91,16265.14,23390.5,288.7,314.51,494.31,396.94,1419.92,1390.54,2052.68,3275.76,34.53,30.22,24.48,23.26,2351.38,4194.78,3552.72,4795.42,0.21,0.25,0.23,0.24,11.87,11.69,9.89,11.12,10.17,16.78,17.76,13.2,18.12,11.63,9.63,20.58,11.56,15.21,13.86,1024.92,26.45,25.39,3.97,3.74,2.97,3.23,3.64,3.49,4.48,3.69,3.32,3.35,3.5,3.35,0.71,1.02,0.44,3.13,1.35,0.15,0.14,0.14,0.15,-0.44,1.19,0.64,1.94,1.21
MANKIND PHARMA,PHARMA,DOMESTIC,MID CAP,MANKIND,2414.2,100072.6,49.42,58.5,72.16,83.71,14277.64,16010.19,17899.62,19735.93,394.91,455.56,602.91,524.0,2042.68,2440.12,2959.58,3664.8,48.85,41.27,33.46,28.84,3617.41,4163.96,4712.2,5382.84,0.25,0.26,0.26,0.27,12.13,11.8,10.26,11.97,11.4,15.11,13.17,14.23,14.13,14.17,18.37,23.35,16.0,20.84,19.2,37.36,34.52,6.11,5.3,4.0,4.61,4.65,4.64,7.01,6.25,5.59,5.07,5.92,5.64,0.67,0.32,0.95,1.93,2.49,0.14,0.15,0.17,0.19,0.93,1.29,2.03,7.5,9.08,33682.07,49.42,59.23,72.16,83.71,9203.54,10422.37,11679.44,12915.13,281.69,332.0,602.91,403.89,955.71,1165.0,1432.95,2134.14,35.22,29.22,28.5,25.11,1864.55,2096.93,2978.37,2784.27,0.25,0.26,0.26,0.27,13.24,12.06,10.26,12.65,11.48,20.03,15.23,13.87,17.72,15.16,18.37,23.35,16.0,20.84,19.2,1984.75,27.06,26.41,6.11,5.3,3.8,4.4,4.27,4.28,6.03,5.13,4.52,4.03,4.83,4.56,0.85,0.55,0.69,3.28,2.49,0.17,0.17,0.17,0.17,0.79,1.29,0.7,7.5,4.15
ALKEM LABORATORIES,PHARMA,DOMESTIC,MID CAP,ALKEM,5373.5,64325.96,181.11,209.68,188.55,214.04,12964.52,14619.66,16302.21,17963.84,1002.37,1132.3,1415.24,1254.41,2165.48,2515.5,2315.06,2643.33,29.67,25.63,28.5,25.11,2512.15,3015.4,3369.53,3836.83,0.19,0.21,0.21,0.21,12.77,11.51,10.19,12.14,11.48,20.03,11.74,13.87,15.81,15.16,15.78,-10.08,13.52,2.03,5.73,27.06,26.41,5.36,4.75,3.8,4.28,4.27,4.28,4.96,4.4,3.95,3.58,4.17,3.98,1.25,0.04,0.69,3.28,3.3,0.17,0.17,0.14,0.15,0.5,-3.01,0.51,-7.79,-4.14,33682.07,49.42,59.23,72.16,83.71,9203.54,10422.37,11679.44,12915.13,281.69,332.0,602.91,403.89,955.71,1165.0,1432.95,2134.14,35.22,29.22,28.5,25.11,1864.55,2096.93,2978.37,2784.27,0.25,0.26,0.26,0.27,13.24,12.06,10.26,12.65,11.48,20.03,15.23,13.87,17.72,15.16,18.37,23.35,16.0,20.84,19.2,1984.75,27.06,26.41,6.11,5.3,3.8,4.4,4.27,4.28,6.03,5.13,4.52,4.03,4.83,4.56,0.85,0.55,0.69,3.28,2.49,0.17,0.17,0.17,0.17,0.79,1.29,0.7,7.5,4.15
JB CHEMICALS & PHARMS.,PHARMA,DOMESTIC,SMALL CAP,JBCHEPHARM,2193.5,35162.35,46.15,59.23,72.09,82.21,4147.79,4774.64,5356.54,5706.3,259.05,300.38,422.3,354.21,736.65,922.35,1130.35,,47.53,37.04,30.43,26.68,1107.43,1360.07,1625.24,1877.4,0.27,0.28,0.3,0.33,15.11,12.19,6.53,13.64,11.22,22.81,19.5,15.52,21.14,19.24,28.33,21.72,14.04,24.98,21.22,33.73,31.38,8.47,7.3,5.19,6.19,6.25,6.23,8.48,7.36,6.56,6.16,6.96,6.7,1.79,1.86,2.56,6.6,7.21,0.18,0.19,0.21,,1.56,1.78,,9.0,,33682.07,49.42,59.23,72.16,83.71,9203.54,10422.37,11679.44,12915.13,281.69,332.0,602.91,403.89,955.71,1165.0,1432.95,2134.14,35.22,29.22,28.5,25.11,1864.55,2096.93,2978.37,2784.27,0.25,0.26,0.26,0.27,13.24,12.06,10.26,12.65,11.48,20.03,15.23,13.87,17.72,15.16,18.37,23.35,16.0,20.84,19.2,1984.75,27.06,26.41,6.11,5.3,3.8,4.4,4.27,4.28,6.03,5.13,4.52,4.03,4.83,4.56,0.85,0.55,0.69,3.28,2.49,0.17,0.17,0.17,0.17,0.79,1.29,0.7,7.5,4.15
EMCURE PHARMACEUTICALS,PHARMA,DOMESTIC,SMALL CAP,EMCURE,1776.0,32201.79,50.42,60.78,74.99,89.3,9203.54,10422.37,11679.44,12915.13,261.09,332.0,1021.65,403.89,955.71,1165.0,1432.95,1624.95,35.22,29.22,23.68,19.89,1864.55,2096.93,2978.37,2784.27,0.2,0.2,0.26,0.22,13.24,12.06,10.58,12.65,11.96,12.46,42.03,-6.52,26.39,14.3,20.56,23.37,19.08,21.96,20.99,26.45,24.26,6.8,5.35,1.74,4.4,3.54,3.83,3.5,3.09,2.76,2.49,2.92,2.78,-0.14,5.38,-3.94,12.19,2.09,0.1,0.11,0.12,0.13,0.79,1.09,0.31,8.7,6.61,33682.07,49.42,59.23,72.16,83.71,9203.54,10422.37,11679.44,12915.13,281.69,332.0,602.91,403.89,955.71,1165.0,1432.95,2134.14,35.22,29.22,28.5,25.11,1864.55,2096.93,2978.37,2784.27,0.25,0.26,0.26,0.27,13.24,12.06,10.26,12.65,11.48,20.03,15.23,13.87,17.72,15.16,18.37,23.35,16.0,20.84,19.2,1984.75,27.06,26.41,6.11,5.3,3.8,4.4,4.27,4.28,6.03,5.13,4.52,4.03,4.83,4.56,0.85,0.55,0.69,3.28,2.49,0.17,0.17,0.17,0.17,0.79,1.29,0.7,7.5,4.15
ERIS LIFESCIENCES,PHARMA,DOMESTIC,SMALL CAP,ERIS,1448.4,18864.54,46.52,50.08,63.07,76.29,3129.42,3675.65,4172.98,4682.39,281.69,324.67,435.3,373.26,636.76,680.4,855.87,1002.0,31.13,28.92,22.96,18.98,1120.11,1346.98,1552.18,1745.61,0.36,0.37,0.37,0.37,17.45,13.53,12.21,15.48,14.38,20.25,15.23,12.46,17.72,15.94,7.65,25.95,20.96,16.44,17.93,25.94,23.62,5.14,4.46,3.33,3.88,3.89,3.89,6.03,5.13,4.52,4.03,4.83,4.56,0.85,0.55,0.08,1.94,1.37,0.2,0.19,0.21,0.21,-1.84,2.0,0.89,0.4,1.69,33682.07,49.42,59.23,72.16,83.71,9203.54,10422.37,11679.44,12915.13,281.69,332.0,602.91,403.89,955.71,1165.0,1432.95,2134.14,35.22,29.22,28.5,25.11,1864.55,2096.93,2978.37,2784.27,0.25,0.26,0.26,0.27,13.24,12.06,10.26,12.65,11.48,20.03,15.23,13.87,17.72,15.16,18.37,23.35,16.0,20.84,19.2,1984.75,27.06,26.41,6.11,5.3,3.8,4.4,4.27,4.28,6.03,5.13,4.52,4.03,4.83,4.56,0.85,0.55,0.69,3.28,2.49,0.17,0.17,0.17,0.17,0.79,1.29,0.7,7.5,4.15
BLISS GVS PHARMA,PHARMA,DOMESTIC,SMALL CAP,BLISSGVS,486.3,4031.09,,,,,,,,,,,,,,,,,,,,,,,,,,,,,,,,,,,,,,,,,,,,,,,,,,,,,,,,,,,,,,,,,,,,,,,,33682.07,49.42,59.23,72.16,83.71,9203.54,10422.37,11679.44,12915.13,281.69,332.0,602.91,403.89,955.71,1165.0,1432.95,2134.14,35.22,29.22,28.5,25.11,1864.55,2096.93,2978.37,2784.27,0.25,0.26,0.26,0.27,13.24,12.06,10.26,12.65,11.48,20.03,15.23,13.87,17.72,15.16,18.37,23.35,16.0,20.84,19.2,1984.75,27.06,26.41,6.11,5.3,3.8,4.4,4.27,4.28,6.03,5.13,4.52,4.03,4.83,4.56,0.85,0.55,0.69,3.28,2.49,0.17,0.17,0.17,0.17,0.79,1.29,0.7,7.5,4.15
DIVIS LABORATORIES,PHARMA,API,LARGE CAP,DIVISLAB,6743.0,179270.9,99.54,114.02,139.73,162.79,10560.0,12251.34,14473.12,16627.35,631.37,705.55,914.14,803.26,2642.0,3037.51,3722.2,4260.18,67.74,59.14,48.26,41.42,3441.0,4115.9,5071.12,5904.25,0.33,0.34,0.35,0.36,16.02,18.13,14.88,17.07,16.34,19.61,23.21,16.43,21.4,19.72,14.54,22.56,16.5,18.48,17.82,53.7,49.61,10.68,9.56,7.38,8.39,8.47,8.44,16.98,14.63,12.39,10.78,13.51,12.6,1.01,1.44,0.47,3.7,2.91,0.25,0.25,0.26,0.26,-0.23,0.92,-0.1,1.39,0.8,9873.94,18.54,24.3,26.4,49.34,2107.74,2632.2,2999.3,3467.64,173.27,214.08,220.55,213.52,356.91,321.77,418.45,773.4,43.28,50.52,32.69,36.35,470.52,543.1,634.6,1077.6,0.28,0.29,0.32,0.32,14.71,16.89,13.87,14.91,15.1,19.17,23.21,17.58,20.82,19.67,13.85,26.75,21.21,19.33,17.82,747.65,43.43,38.61,10.53,8.94,6.96,7.55,7.74,7.68,7.72,7.54,6.09,6.48,6.81,6.15,0.47,0.84,0.47,3.36,1.52,0.16,0.18,0.16,0.24,-0.21,0.79,1.09,1.39,0.1
LAURUS LABS,PHARMA,API,SMALL CAP,LAURUSLABS,1412.9,74170.89,16.45,19.94,24.23,29.37,6812.9,7815.02,8996.33,10056.13,98.18,114.48,165.3,135.58,888.79,1090.2,1327.32,1583.1,85.89,70.85,58.32,48.11,1777.71,2118.49,2507.88,2948.73,0.26,0.27,0.28,0.29,14.71,15.12,11.78,14.91,13.86,19.17,18.38,17.58,18.77,18.37,21.23,21.49,21.21,21.36,21.31,64.58,59.09,14.39,12.34,8.55,10.42,10.44,10.44,10.89,9.49,8.24,7.38,8.87,8.37,1.01,0.77,1.45,3.36,3.97,0.13,0.14,0.15,0.16,0.9,0.8,0.99,6.35,6.46,9873.94,18.54,24.3,26.4,49.34,2107.74,2632.2,2999.3,3467.64,173.27,214.08,220.55,213.52,356.91,321.77,418.45,773.4,43.28,50.52,32.69,36.35,470.52,543.1,634.6,1077.6,0.28,0.29,0.32,0.32,14.71,16.89,13.87,14.91,15.1,19.17,23.21,17.58,20.82,19.67,13.85,26.75,21.21,19.33,17.82,747.65,43.43,38.61,10.53,8.94,6.96,7.55,7.74,7.68,7.72,7.54,6.09,6.48,6.81,6.15,0.47,0.84,0.47,3.36,1.52,0.16,0.18,0.16,0.24,-0.21,0.79,1.09,1.39,0.1
CONCORD BIOTECH,PHARMA,API,SMALL CAP,CONCORDBIO,1315.1,11913.69,35.52,27.36,38.21,49.34,1200.09,1141.93,1444.73,1758.93,173.27,192.3,255.35,220.05,371.64,321.77,418.45,530.24,37.02,48.07,34.42,26.65,506.33,403.8,550.9,696.63,0.42,0.35,0.38,0.4,-4.85,26.52,21.75,9.72,13.59,-20.25,36.43,26.45,4.31,11.22,-22.98,39.66,29.14,3.72,11.58,41.24,36.38,7.59,6.84,5.15,5.98,5.99,5.99,9.93,10.43,8.25,6.77,9.34,8.48,-6.83,2.77,1.47,-4.93,-2.09,0.31,0.28,0.29,0.3,-2.79,0.79,1.18,-3.29,-0.89,9873.94,18.54,24.3,26.4,49.34,2107.74,2632.2,2999.3,3467.64,173.27,214.08,220.55,213.52,356.91,321.77,418.45,773.4,43.28,50.52,32.69,36.35,470.52,543.1,634.6,1077.6,0.28,0.29,0.32,0.32,14.71,16.89,13.87,14.91,15.1,19.17,23.21,17.58,20.82,19.67,13.85,26.75,21.21,19.33,17.82,747.65,43.43,38.61,10.53,8.94,6.96,7.55,7.74,7.68,7.72,7.54,6.09,6.48,6.81,6.15,0.47,0.84,0.47,3.36,1.52,0.16,0.18,0.16,0.24,-0.21,0.79,1.09,1.39,0.1
GLENMARK LIFE SCIENCES,PHARMA,API,SMALL CAP,GLS,,13387.19,47.98,51.82,57.92,63.3,2551.83,2808.02,3125.75,3419.3,271.49,311.5,,248.0,590.14,698.27,474.4,776.8,,,,,797.28,874.38,992.28,1077.6,0.31,0.31,0.32,0.32,10.04,11.31,9.39,10.68,10.25,9.67,13.48,8.6,11.56,10.56,8.01,11.77,9.28,9.88,9.68,,,,,,,,,5.25,4.77,4.28,3.92,4.53,4.32,-0.11,0.61,-0.23,0.8,0.29,0.23,0.25,0.15,0.23,1.74,-9.69,7.54,-18.99,-0.59,9873.94,18.54,24.3,26.4,49.34,2107.74,2632.2,2999.3,3467.64,173.27,214.08,220.55,213.52,356.91,321.77,418.45,773.4,43.28,50.52,32.69,36.35,470.52,543.1,634.6,1077.6,0.28,0.29,0.32,0.32,14.71,16.89,13.87,14.91,15.1,19.17,23.21,17.58,20.82,19.67,13.85,26.75,21.21,19.33,17.82,747.65,43.43,38.61,10.53,8.94,6.96,7.55,7.74,7.68,7.72,7.54,6.09,6.48,6.81,6.15,0.47,0.84,0.47,3.36,1.52,0.16,0.18,0.16,0.24,-0.21,0.79,1.09,1.39,0.1
NEULAND LABORATORIES,PHARMA,API,SMALL CAP,NEULANDLAB,17345.0,21901.9,283.71,327.4,453.3,554.5,2022.99,2336.35,2730.85,3515.98,1461.02,1627.7,,2004.7,364.0,415.5,575.38,770.0,61.14,52.98,38.26,31.28,574.5,658.94,880.55,1058.56,0.28,0.28,0.32,0.3,15.49,16.89,28.75,16.19,20.23,14.7,33.63,20.22,23.8,22.6,15.4,38.45,22.33,26.4,25.03,45.62,40.84,11.87,10.66,,8.65,10.66,9.65,10.83,9.37,8.02,6.23,8.7,7.87,-0.19,4.04,-2.14,6.56,1.97,0.18,0.18,0.21,0.22,-0.21,3.29,0.83,8.21,6.77,9873.94,18.54,24.3,26.4,49.34,2107.74,2632.2,2999.3,3467.64,173.27,214.08,220.55,213.52,356.91,321.77,418.45,773.4,43.28,50.52,32.69,36.35,470.52,543.1,634.6,1077.6,0.28,0.29,0.32,0.32,14.71,16.89,13.87,14.91,15.1,19.17,23.21,17.58,20.82,19.67,13.85,26.75,21.21,19.33,17.82,747.65,43.43,38.61,10.53,8.94,6.96,7.55,7.74,7.68,7.72,7.54,6.09,6.48,6.81,6.15,0.47,0.84,0.47,3.36,1.52,0.16,0.18,0.16,0.24,-0.21,0.79,1.09,1.39,0.1
SAI LIFE SCIENCES,PHARMA,API,SMALL CAP,SAILIFE,1216.4,24202.38,16.8,19.13,25.1,26.25,2192.49,2632.2,3250.12,3591.9,117.28,136.12,185.75,161.08,356.91,400.16,532.1,,72.4,63.6,48.47,46.35,631.16,770.19,978.36,1081.8,0.29,0.29,0.3,0.3,20.05,23.48,10.52,21.75,17.89,22.03,27.03,10.57,24.5,19.67,13.85,31.21,4.58,22.22,16.03,56.03,52.8,10.37,8.94,6.55,7.55,7.74,7.68,11.04,9.19,7.45,6.74,8.32,7.79,0.47,0.84,0.02,2.26,1.52,0.16,0.15,0.16,,-1.08,1.17,,0.28,,9873.94,18.54,24.3,26.4,49.34,2107.74,2632.2,2999.3,3467.64,173.27,214.08,220.55,213.52,356.91,321.77,418.45,773.4,43.28,50.52,32.69,36.35,470.52,543.1,634.6,1077.6,0.28,0.29,0.32,0.32,14.71,16.89,13.87,14.91,15.1,19.17,23.21,17.58,20.82,19.67,13.85,26.75,21.21,19.33,17.82,747.65,43.43,38.61,10.53,8.94,6.96,7.55,7.74,7.68,7.72,7.54,6.09,6.48,6.81,6.15,0.47,0.84,0.47,3.36,1.52,0.16,0.18,0.16,0.24,-0.21,0.79,1.09,1.39,0.1
AARTI DRUGS,PHARMA,API,SMALL CAP,AARTIDRUGS,370.35,3599.69,18.54,30.5,26.4,,2260.39,2720.1,3220.0,,169.7,235.85,,207.0,169.22,277.4,241.3,,19.98,12.14,14.03,,260.74,489.9,440.5,,0.12,0.18,0.14,,20.34,18.38,,19.35,,87.89,-10.08,,29.98,,64.51,-13.44,,19.33,,13.09,13.09,2.18,1.57,,1.79,1.57,1.68,1.59,1.32,1.12,,1.22,1.22,6.48,-4.33,,8.9,,0.07,0.1,0.07,,2.71,-2.7,,0.05,,9873.94,18.54,24.3,26.4,49.34,2107.74,2632.2,2999.3,3467.64,173.27,214.08,220.55,213.52,356.91,321.77,418.45,773.4,43.28,50.52,32.69,36.35,470.52,543.1,634.6,1077.6,0.28,0.29,0.32,0.32,14.71,16.89,13.87,14.91,15.1,19.17,23.21,17.58,20.82,19.67,13.85,26.75,21.21,19.33,17.82,747.65,43.43,38.61,10.53,8.94,6.96,7.55,7.74,7.68,7.72,7.54,6.09,6.48,6.81,6.15,0.47,0.84,0.47,3.36,1.52,0.16,0.18,0.16,0.24,-0.21,0.79,1.09,1.39,0.1
HIKAL,PHARMA,API,SMALL CAP,HIKAL,204.77,2688.57,7.36,1.6,8.1,,1859.8,1743.7,1961.9,2214.1,,,,,90.8,20.3,99.5,,27.82,127.98,25.28,,328.4,239.1,357.7,,0.18,0.14,0.18,,-6.24,12.51,12.85,2.71,5.98,-27.19,49.6,,4.37,,-78.26,406.25,,4.91,,76.63,76.63,,,,,,,1.45,1.54,1.37,1.21,1.46,1.38,-3.95,4.52,,1.61,,0.05,0.01,0.05,,-3.72,3.91,,1.92,,9873.94,18.54,24.3,26.4,49.34,2107.74,2632.2,2999.3,3467.64,173.27,214.08,220.55,213.52,356.91,321.77,418.45,773.4,43.28,50.52,32.69,36.35,470.52,543.1,634.6,1077.6,0.28,0.29,0.32,0.32,14.71,16.89,13.87,14.91,15.1,19.17,23.21,17.58,20.82,19.67,13.85,26.75,21.21,19.33,17.82,747.65,43.43,38.61,10.53,8.94,6.96,7.55,7.74,7.68,7.72,7.54,6.09,6.48,6.81,6.15,0.47,0.84,0.47,3.36,1.52,0.16,0.18,0.16,0.24,-0.21,0.79,1.09,1.39,0.1
SHILPA MEDICARE LIMITED,PHARMA,API,SMALL CAP,SHILPAMED,551.35,9873.94,11.82,13.2,17.81,,1538.87,1754.5,1959.0,,,163.3,,165.2,231.17,307.4,340.1,,46.65,41.77,30.96,,434.7,543.1,634.6,,0.28,0.31,0.32,,14.01,11.66,,12.83,,24.94,16.85,,20.82,,11.68,34.92,,22.75,,36.36,36.36,,3.38,,3.34,3.38,3.36,6.42,5.63,5.04,,5.33,5.33,2.71,1.44,,7.09,,0.15,0.18,0.17,,2.5,-0.16,,7.5,,9873.94,18.54,24.3,26.4,49.34,2107.74,2632.2,2999.3,3467.64,173.27,214.08,220.55,213.52,356.91,321.77,418.45,773.4,43.28,50.52,32.69,36.35,470.52,543.1,634.6,1077.6,0.28,0.29,0.32,0.32,14.71,16.89,13.87,14.91,15.1,19.17,23.21,17.58,20.82,19.67,13.85,26.75,21.21,19.33,17.82,747.65,43.43,38.61,10.53,8.94,6.96,7.55,7.74,7.68,7.72,7.54,6.09,6.48,6.81,6.15,0.47,0.84,0.47,3.36,1.52,0.16,0.18,0.16,0.24,-0.21,0.79,1.09,1.39,0.1
IOL CHEMICALS & PHARMS.,PHARMA,API,SMALL CAP,IOLCP,130.21,3993.73,5.07,6.7,8.1,,2319.06,2648.5,2999.3,,,,,,148.85,196.0,238.0,,25.68,19.43,16.08,,268.97,339.0,398.9,,0.12,0.13,0.13,,14.21,13.25,,13.72,,26.04,17.67,,21.78,,32.15,20.9,,26.4,,17.75,17.75,,,,,,,1.72,1.51,1.33,,1.42,1.42,1.2,0.5,,7.08,,0.06,0.07,0.08,,0.98,0.53,,11.19,,9873.94,18.54,24.3,26.4,49.34,2107.74,2632.2,2999.3,3467.64,173.27,214.08,220.55,213.52,356.91,321.77,418.45,773.4,43.28,50.52,32.69,36.35,470.52,543.1,634.6,1077.6,0.28,0.29,0.32,0.32,14.71,16.89,13.87,14.91,15.1,19.17,23.21,17.58,20.82,19.67,13.85,26.75,21.21,19.33,17.82,747.65,43.43,38.61,10.53,8.94,6.96,7.55,7.74,7.68,7.72,7.54,6.09,6.48,6.81,6.15,0.47,0.84,0.47,3.36,1.52,0.16,0.18,0.16,0.24,-0.21,0.79,1.09,1.39,0.1
SUPRIYA LIFESCIENCES,PHARMA,API,SMALL CAP,SUPRIYA,932.2,6285.3,23.35,24.3,30.8,40.9,696.49,834.1,1031.4,1299.9,,,,,187.96,195.4,247.5,329.5,39.92,38.36,30.27,22.79,269.72,282.0,354.4,465.7,0.39,0.34,0.34,0.36,19.76,23.65,26.03,21.69,23.12,4.55,25.67,31.41,14.63,19.97,4.07,26.75,32.79,14.85,20.54,34.31,30.47,,,,,,,9.02,7.54,6.09,4.84,6.81,6.15,-4.92,0.55,1.46,-5.8,-2.56,0.27,0.23,0.24,0.25,-3.56,0.57,1.35,-5.7,-2.07,9873.94,18.54,24.3,26.4,49.34,2107.74,2632.2,2999.3,3467.64,173.27,214.08,220.55,213.52,356.91,321.77,418.45,773.4,43.28,50.52,32.69,36.35,470.52,543.1,634.6,1077.6,0.28,0.29,0.32,0.32,14.71,16.89,13.87,14.91,15.1,19.17,23.21,17.58,20.82,19.67,13.85,26.75,21.21,19.33,17.82,747.65,43.43,38.61,10.53,8.94,6.96,7.55,7.74,7.68,7.72,7.54,6.09,6.48,6.81,6.15,0.47,0.84,0.47,3.36,1.52,0.16,0.18,0.16,0.24,-0.21,0.79,1.09,1.39,0.1
SOLARA ACTIVE PHARMA SCIENCES,PHARMA,API,SMALL CAP,SOLARA,563.1,2665.47,,,,,1368.98,,,,,,,,,,,,,,,,186.75,,,,0.14,,,,,,,,,,,,,,,,,,,,,,,,,,,1.95,,,,,,,,,,,,,,,,,,,,9873.94,18.54,24.3,26.4,49.34,2107.74,2632.2,2999.3,3467.64,173.27,214.08,220.55,213.52,356.91,321.77,418.45,773.4,43.28,50.52,32.69,36.35,470.52,543.1,634.6,1077.6,0.28,0.29,0.32,0.32,14.71,16.89,13.87,14.91,15.1,19.17,23.21,17.58,20.82,19.67,13.85,26.75,21.21,19.33,17.82,747.65,43.43,38.61,10.53,8.94,6.96,7.55,7.74,7.68,7.72,7.54,6.09,6.48,6.81,6.15,0.47,0.84,0.47,3.36,1.52,0.16,0.18,0.16,0.24,-0.21,0.79,1.09,1.39,0.1
SUVEN LIFE SCIENCES,PHARMA,API,SMALL CAP,SUVEN,268.2,7224.09,,,,,,,,,,,,,,,,,,,,,,,,,,,,,,,,,,,,,,,,,,,,,,,,,,,,,,,,,,,,,,,,,,,,,,,,9873.94,18.54,24.3,26.4,49.34,2107.74,2632.2,2999.3,3467.64,173.27,214.08,220.55,213.52,356.91,321.77,418.45,773.4,43.28,50.52,32.69,36.35,470.52,543.1,634.6,1077.6,0.28,0.29,0.32,0.32,14.71,16.89,13.87,14.91,15.1,19.17,23.21,17.58,20.82,19.67,13.85,26.75,21.21,19.33,17.82,747.65,43.43,38.61,10.53,8.94,6.96,7.55,7.74,7.68,7.72,7.54,6.09,6.48,6.81,6.15,0.47,0.84,0.47,3.36,1.52,0.16,0.18,0.16,0.24,-0.21,0.79,1.09,1.39,0.1
AUROBINDO PHARMA,PHARMA,EXPORT ORIENTED,MID CAP,AUROPHARMA,1497.8,84074.16,61.46,77.16,88.49,99.88,33653.08,38296.6,42266.23,46033.19,652.39,697.99,893.25,773.81,3570.08,4469.14,5143.14,5589.53,24.37,19.41,16.93,15.0,10301.46,7944.88,8948.31,9896.79,0.31,0.21,0.21,0.21,13.8,10.37,8.91,12.07,11.01,-22.88,12.63,10.6,-6.8,-1.33,25.55,14.68,12.87,19.99,17.57,18.17,17.11,2.3,2.15,1.68,1.94,1.91,1.92,2.5,2.2,1.99,1.83,2.09,2.0,-9.87,0.43,0.33,-16.84,-11.11,0.11,0.12,0.12,0.12,1.06,0.5,-0.03,7.1,4.6,15539.38,45.14,51.37,68.33,71.54,5112.16,5996.62,7065.8,27049.1,459.82,517.87,609.08,592.33,601.93,669.68,870.53,3384.02,28.96,25.59,20.46,16.61,1042.03,1263.57,1558.76,5948.47,0.21,0.2,0.21,0.23,13.82,13.39,11.73,13.53,12.78,16.16,16.52,16.0,15.74,8.87,16.09,19.53,17.36,19.69,18.89,1038.62,23.31,22.57,3.07,2.84,2.05,2.43,2.5,2.44,3.0,2.61,2.33,2.08,2.47,2.34,0.24,0.52,0.86,1.64,-3.59,0.12,0.12,0.13,0.13,0.45,0.8,0.54,5.09,6.81
CAPLIN POINT LABS.,PHARMA,EXPORT ORIENTED,SMALL CAP,CAPLIPOINT,2503.5,15474.46,84.11,93.8,106.95,,2187.19,2488.0,2800.8,,471.82,558.5,,656.3,641.24,712.75,812.45,,29.76,26.69,23.41,,760.81,860.4,981.0,,0.35,0.35,0.35,,13.75,12.57,,13.16,,13.09,14.02,,13.55,,11.52,14.02,,12.76,,25.05,25.05,5.31,4.48,,3.81,4.48,4.15,7.08,6.22,5.53,,5.87,5.87,-0.2,0.44,,0.35,,0.29,0.29,0.29,,-0.67,0.36,,-0.53,,15539.38,45.14,51.37,68.33,71.54,5112.16,5996.62,7065.8,27049.1,459.82,517.87,609.08,592.33,601.93,669.68,870.53,3384.02,28.96,25.59,20.46,16.61,1042.03,1263.57,1558.76,5948.47,0.21,0.2,0.21,0.23,13.82,13.39,11.73,13.53,12.78,16.16,16.52,16.0,15.74,8.87,16.09,19.53,17.36,19.69,18.89,1038.62,23.31,22.57,3.07,2.84,2.05,2.43,2.5,2.44,3.0,2.61,2.33,2.08,2.47,2.34,0.24,0.52,0.86,1.64,-3.59,0.12,0.12,0.13,0.13,0.45,0.8,0.54,5.09,6.81
GRANULES INDIA,PHARMA,EXPORT ORIENTED,SMALL CAP,GRANULES,786.9,18745.84,24.87,29.15,35.45,43.2,5365.64,6185.24,7041.0,8065.0,205.21,223.24,324.9,269.9,605.02,761.02,951.14,1178.5,31.64,26.99,22.2,18.22,1185.14,1413.13,1647.62,2000.15,0.22,0.23,0.23,0.25,15.27,13.84,14.54,14.55,14.55,19.24,16.59,21.4,17.91,19.06,17.21,21.61,21.86,19.39,20.21,24.6,22.47,3.83,3.52,2.42,2.92,2.97,2.95,3.49,3.03,2.66,2.32,2.85,2.67,0.76,0.55,1.4,2.93,3.94,0.11,0.12,0.14,0.15,1.03,1.2,1.1,9.45,9.03,15539.38,45.14,51.37,68.33,71.54,5112.16,5996.62,7065.8,27049.1,459.82,517.87,609.08,592.33,601.93,669.68,870.53,3384.02,28.96,25.59,20.46,16.61,1042.03,1263.57,1558.76,5948.47,0.21,0.2,0.21,0.23,13.82,13.39,11.73,13.53,12.78,16.16,16.52,16.0,15.74,8.87,16.09,19.53,17.36,19.69,18.89,1038.62,23.31,22.57,3.07,2.84,2.05,2.43,2.5,2.44,3.0,2.61,2.33,2.08,2.47,2.34,0.24,0.52,0.86,1.64,-3.59,0.12,0.12,0.13,0.13,0.45,0.8,0.54,5.09,6.81
JUBILANT PHARMOVA,PHARMA,EXPORT ORIENTED,SMALL CAP,JUBLPHARMA,966.35,15604.3,28.81,34.73,48.17,,8279.6,9398.48,10629.13,,447.81,477.23,,528.37,457.7,593.17,786.95,,33.54,27.82,20.06,,1259.8,1539.15,1839.52,,0.15,0.16,0.17,,13.51,13.09,,13.3,,22.17,19.52,,20.84,,20.56,38.68,,29.3,,23.94,23.94,2.16,2.02,,1.83,2.02,1.93,1.88,1.66,1.47,,1.56,1.56,1.16,0.93,,6.65,,0.06,0.06,0.07,,0.78,1.09,,15.73,,15539.38,45.14,51.37,68.33,71.54,5112.16,5996.62,7065.8,27049.1,459.82,517.87,609.08,592.33,601.93,669.68,870.53,3384.02,28.96,25.59,20.46,16.61,1042.03,1263.57,1558.76,5948.47,0.21,0.2,0.21,0.23,13.82,13.39,11.73,13.53,12.78,16.16,16.52,16.0,15.74,8.87,16.09,19.53,17.36,19.69,18.89,1038.62,23.31,22.57,3.07,2.84,2.05,2.43,2.5,2.44,3.0,2.61,2.33,2.08,2.47,2.34,0.24,0.52,0.86,1.64,-3.59,0.12,0.12,0.13,0.13,0.45,0.8,0.54,5.09,6.81
MARKSANS PHARMA,PHARMA,EXPORT ORIENTED,SMALL CAP,MARKSANS,259.67,11546.16,9.22,10.6,12.45,,2950.94,3359.65,3819.15,,,,,,417.9,479.45,564.65,,28.16,24.5,20.86,,600.78,665.35,774.8,,0.2,0.2,0.2,,13.85,13.68,,13.76,,10.75,16.45,,13.56,,14.97,17.45,,16.2,,22.68,22.68,,,,,,,3.91,3.44,3.02,,3.23,3.23,-0.55,0.48,,-0.18,,0.14,0.14,0.15,,0.11,0.51,,2.18,,15539.38,45.14,51.37,68.33,71.54,5112.16,5996.62,7065.8,27049.1,459.82,517.87,609.08,592.33,601.93,669.68,870.53,3384.02,28.96,25.59,20.46,16.61,1042.03,1263.57,1558.76,5948.47,0.21,0.2,0.21,0.23,13.82,13.39,11.73,13.53,12.78,16.16,16.52,16.0,15.74,8.87,16.09,19.53,17.36,19.69,18.89,1038.62,23.31,22.57,3.07,2.84,2.05,2.43,2.5,2.44,3.0,2.61,2.33,2.08,2.47,2.34,0.24,0.52,0.86,1.64,-3.59,0.12,0.12,0.13,0.13,0.45,0.8,0.54,5.09,6.81
STRIDES PHARMA SCIENCE,PHARMA,EXPORT ORIENTED,SMALL CAP,STAR,1110.9,10776.83,64.97,68.0,100.7,,4858.68,5808.0,7090.6,,,,,,598.85,626.6,928.6,,17.1,16.34,11.03,,898.92,1114.0,1469.9,,0.19,0.19,0.21,,19.54,22.08,,20.8,,23.93,31.95,,27.87,,4.66,48.09,,24.5,,13.68,13.68,,,,,,,2.22,1.86,1.52,,1.69,1.69,0.68,1.55,,5.85,,0.12,0.11,0.13,,-1.54,2.31,,3.08,,15539.38,45.14,51.37,68.33,71.54,5112.16,5996.62,7065.8,27049.1,459.82,517.87,609.08,592.33,601.93,669.68,870.53,3384.02,28.96,25.59,20.46,16.61,1042.03,1263.57,1558.76,5948.47,0.21,0.2,0.21,0.23,13.82,13.39,11.73,13.53,12.78,16.16,16.52,16.0,15.74,8.87,16.09,19.53,17.36,19.69,18.89,1038.62,23.31,22.57,3.07,2.84,2.05,2.43,2.5,2.44,3.0,2.61,2.33,2.08,2.47,2.34,0.24,0.52,0.86,1.64,-3.59,0.12,0.12,0.13,0.13,0.45,0.8,0.54,5.09,6.81
ABBOTT INDIA,PHARMA,MNC,MID CAP,ABBOTINDIA,26215.0,58669.31,730.36,808.55,897.38,955.82,6929.05,7532.7,8204.41,9067.19,,2441.54,2717.17,2694.05,1552.02,1718.21,1906.93,2031.13,35.89,32.42,29.21,27.43,1892.08,2092.7,2324.01,2506.01,0.27,0.28,0.28,0.28,8.71,8.92,10.52,8.81,9.38,10.6,11.05,7.83,10.83,9.82,10.71,10.99,6.51,10.85,9.38,30.82,29.69,,10.74,9.65,9.73,10.19,10.04,8.47,7.79,7.15,6.47,7.47,7.14,0.48,0.54,-0.69,1.85,0.4,0.22,0.23,0.23,0.22,0.41,0.43,-0.84,1.87,0.0,21235.18,130.0,176.42,187.53,557.91,2519.65,2121.52,2301.67,5607.24,325.31,390.9,1614.13,450.3,771.59,615.42,663.73,1199.51,35.89,32.68,29.07,24.15,846.36,761.25,812.08,1507.66,0.34,0.35,0.36,0.26,8.71,8.88,7.18,8.81,7.36,13.03,10.74,-1.09,11.82,5.51,11.16,10.92,-1.28,12.41,8.27,4812.5,30.87,30.31,10.27,10.74,8.09,9.73,10.19,10.04,8.47,9.2,8.31,4.95,8.76,8.76,1.39,0.52,-2.17,2.26,-1.76,0.27,0.27,0.28,0.2,1.57,0.51,-1.65,3.83,0.84
GLAXOSMITHKLINE PHARMS.,PHARMA,MNC,MID CAP,GLAXO,2332.0,38665.24,61.15,67.97,77.28,,3821.67,4201.05,4653.1,,133.84,155.0,,196.9,1035.98,1148.78,1298.0,,38.14,34.31,30.18,,1309.2,1468.92,1666.75,,0.34,0.35,0.36,,9.93,10.76,,10.34,,12.2,13.47,,12.83,,11.16,13.68,,12.41,,32.24,32.24,17.42,15.05,,11.84,15.05,13.44,10.12,9.2,8.31,,8.76,8.76,0.71,0.85,,2.26,,0.27,0.27,0.28,,0.24,0.55,,1.44,,21235.18,130.0,176.42,187.53,557.91,2519.65,2121.52,2301.67,5607.24,325.31,390.9,1614.13,450.3,771.59,615.42,663.73,1199.51,35.89,32.68,29.07,24.15,846.36,761.25,812.08,1507.66,0.34,0.35,0.36,0.26,8.71,8.88,7.18,8.81,7.36,13.03,10.74,-1.09,11.82,5.51,11.16,10.92,-1.28,12.41,8.27,4812.5,30.87,30.31,10.27,10.74,8.09,9.73,10.19,10.04,8.47,9.2,8.31,4.95,8.76,8.76,1.39,0.52,-2.17,2.26,-1.76,0.27,0.27,0.28,0.2,1.57,0.51,-1.65,3.83,0.84
PFIZER,PHARMA,MNC,SMALL CAP,PFIZER,4533.7,21235.18,168.69,180.08,199.1,,2519.65,2121.52,2301.67,,918.71,1009.77,,1139.03,771.59,833.13,922.53,,26.88,25.18,22.77,,846.36,967.2,1058.22,,0.34,0.46,0.46,,-15.8,8.49,,-4.42,,14.28,9.41,,11.82,,6.75,10.57,,8.64,,23.97,23.97,4.93,4.49,,3.98,4.49,4.24,8.43,10.01,9.23,,9.62,9.62,12.0,0.39,,16.99,,0.31,0.39,0.4,,8.65,0.81,,14.41,,21235.18,130.0,176.42,187.53,557.91,2519.65,2121.52,2301.67,5607.24,325.31,390.9,1614.13,450.3,771.59,615.42,663.73,1199.51,35.89,32.68,29.07,24.15,846.36,761.25,812.08,1507.66,0.34,0.35,0.36,0.26,8.71,8.88,7.18,8.81,7.36,13.03,10.74,-1.09,11.82,5.51,11.16,10.92,-1.28,12.41,8.27,4812.5,30.87,30.31,10.27,10.74,8.09,9.73,10.19,10.04,8.47,9.2,8.31,4.95,8.76,8.76,1.39,0.52,-2.17,2.26,-1.76,0.27,0.27,0.28,0.2,1.57,0.51,-1.65,3.83,0.84
SANOFI INDIA,PHARMA,MNC,SMALL CAP,SANOFI,3341.0,7364.04,130.0,172.77,175.97,160.0,1837.4,1949.7,2067.77,2147.3,325.31,390.9,511.1,450.3,299.4,397.7,404.93,367.9,25.7,19.34,18.99,20.88,491.3,555.3,565.93,509.3,0.27,0.28,0.27,0.24,6.11,6.06,3.85,6.08,5.33,13.03,1.91,-10.01,7.33,1.21,32.9,1.85,-9.07,16.34,7.17,19.16,19.74,10.27,8.55,6.54,7.42,7.54,7.5,4.01,3.78,3.56,3.43,3.67,3.59,1.74,-1.11,-3.65,1.17,-3.92,0.16,0.2,0.2,0.17,4.1,-0.81,-2.45,9.63,1.69,21235.18,130.0,176.42,187.53,557.91,2519.65,2121.52,2301.67,5607.24,325.31,390.9,1614.13,450.3,771.59,615.42,663.73,1199.51,35.89,32.68,29.07,24.15,846.36,761.25,812.08,1507.66,0.34,0.35,0.36,0.26,8.71,8.88,7.18,8.81,7.36,13.03,10.74,-1.09,11.82,5.51,11.16,10.92,-1.28,12.41,8.27,4812.5,30.87,30.31,10.27,10.74,8.09,9.73,10.19,10.04,8.47,9.2,8.31,4.95,8.76,8.76,1.39,0.52,-2.17,2.26,-1.76,0.27,0.27,0.28,0.2,1.57,0.51,-1.65,3.83,0.84
SANOFI CONSUMER HEALTHCARE INDIA,PHARMA,MNC,SMALL CAP,SANOFICONR,4812.5,10720.51,101.47,120.8,133.9,,878.4,986.9,1074.5,,,36.6,,37.1,233.5,277.8,307.9,,47.43,39.84,35.94,,309.0,360.9,398.5,,0.35,0.37,0.37,,12.35,8.88,,10.6,,16.8,10.42,,13.56,,19.05,10.84,,14.87,,37.89,37.89,,131.49,,129.72,131.49,130.6,12.2,10.86,9.98,,10.42,10.42,1.39,0.52,,2.68,,0.27,0.28,0.29,,1.57,0.51,,3.83,,21235.18,130.0,176.42,187.53,557.91,2519.65,2121.52,2301.67,5607.24,325.31,390.9,1614.13,450.3,771.59,615.42,663.73,1199.51,35.89,32.68,29.07,24.15,846.36,761.25,812.08,1507.66,0.34,0.35,0.36,0.26,8.71,8.88,7.18,8.81,7.36,13.03,10.74,-1.09,11.82,5.51,11.16,10.92,-1.28,12.41,8.27,4812.5,30.87,30.31,10.27,10.74,8.09,9.73,10.19,10.04,8.47,9.2,8.31,4.95,8.76,8.76,1.39,0.52,-2.17,2.26,-1.76,0.27,0.27,0.28,0.2,1.57,0.51,-1.65,3.83,0.84
ASTRAZENECA PHARMA INDIA,PHARMA,MNC,SMALL CAP,ASTRAZEN,8433.5,22406.24,,,,,,,,,,,,,,,,,,,,,,,,,,,,,,,,,,,,,,,,,,,,,,,,,,,,,,,,,,,,,,,,,,,,,,,,21235.18,130.0,176.42,187.53,557.91,2519.65,2121.52,2301.67,5607.24,325.31,390.9,1614.13,450.3,771.59,615.42,663.73,1199.51,35.89,32.68,29.07,24.15,846.36,761.25,812.08,1507.66,0.34,0.35,0.36,0.26,8.71,8.88,7.18,8.81,7.36,13.03,10.74,-1.09,11.82,5.51,11.16,10.92,-1.28,12.41,8.27,4812.5,30.87,30.31,10.27,10.74,8.09,9.73,10.19,10.04,8.47,9.2,8.31,4.95,8.76,8.76,1.39,0.52,-2.17,2.26,-1.76,0.27,0.27,0.28,0.2,1.57,0.51,-1.65,3.83,0.84
PROCTER & GAMBLE HEALTH,PHARMA,MNC,SMALL CAP,PGHL,6244.0,9382.79,,189.6,215.9,,,,,,,,,,,314.7,358.5,,,32.93,28.92,,,424.4,481.6,,,,,,,,,,,,13.48,,,,,13.87,,,,30.93,30.93,,,,,,,,,,,,,,,,,,,,,,,,,,,21235.18,130.0,176.42,187.53,557.91,2519.65,2121.52,2301.67,5607.24,325.31,390.9,1614.13,450.3,771.59,615.42,663.73,1199.51,35.89,32.68,29.07,24.15,846.36,761.25,812.08,1507.66,0.34,0.35,0.36,0.26,8.71,8.88,7.18,8.81,7.36,13.03,10.74,-1.09,11.82,5.51,11.16,10.92,-1.28,12.41,8.27,4812.5,30.87,30.31,10.27,10.74,8.09,9.73,10.19,10.04,8.47,9.2,8.31,4.95,8.76,8.76,1.39,0.52,-2.17,2.26,-1.76,0.27,0.27,0.28,0.2,1.57,0.51,-1.65,3.83,0.84
GLAND PHARMA,PHARMA,CDMO,SMALL CAP,GLAND,2199.0,38024.13,63.76,74.78,91.4,108.74,6430.65,7331.66,8321.21,9473.88,628.68,684.93,587.73,687.09,1051.66,1230.2,1469.39,1829.32,34.49,29.41,24.06,20.22,1629.54,1910.0,2254.7,2650.02,0.25,0.26,0.27,0.28,14.01,13.5,13.85,13.75,13.79,17.21,18.05,17.53,17.63,17.6,17.29,22.22,18.97,19.73,19.48,26.73,24.56,3.5,3.21,3.74,3.2,3.48,3.38,5.91,5.19,4.57,4.01,4.88,4.59,0.71,1.04,0.88,3.41,3.35,0.16,0.17,0.18,0.19,0.43,0.88,1.65,3.91,5.69,16637.84,17.98,23.95,31.15,15.6,3313.78,3720.48,4549.84,9473.88,190.62,224.8,127.05,270.05,174.81,367.1,511.44,1230.84,34.06,29.0,22.6,23.31,474.51,719.5,1084.32,2328.71,0.17,0.18,0.21,0.27,14.08,16.6,13.85,14.31,13.79,26.14,33.82,21.35,29.63,27.72,25.11,35.24,45.29,33.32,30.77,777.12,25.8,24.72,3.15,2.87,2.97,2.75,3.0,2.88,4.44,3.81,3.31,4.01,3.54,3.4,1.24,1.96,1.6,11.89,13.02,0.07,0.12,0.12,0.12,2.42,1.01,0.98,13.49,5.69
SUVEN PHARMACEUTICALS,PHARMA,CDMO,SMALL CAP,SUVENPHAR,,16637.84,5.44,6.81,10.64,15.6,2268.55,2516.56,2951.25,3430.11,102.24,104.09,127.05,113.99,208.7,363.46,411.38,,,,,,426.99,539.98,744.46,938.52,0.19,0.21,0.25,0.27,10.93,17.27,16.23,14.06,14.78,26.46,37.87,26.07,32.04,30.02,25.11,56.27,46.62,39.83,42.06,,,,,,,,,7.33,6.61,5.64,4.85,6.12,5.7,2.63,3.77,2.14,15.77,13.28,0.09,0.14,0.14,,5.24,-0.5,,23.09,,16637.84,17.98,23.95,31.15,15.6,3313.78,3720.48,4549.84,9473.88,190.62,224.8,127.05,270.05,174.81,367.1,511.44,1230.84,34.06,29.0,22.6,23.31,474.51,719.5,1084.32,2328.71,0.17,0.18,0.21,0.27,14.08,16.6,13.85,14.31,13.79,26.14,33.82,21.35,29.63,27.72,25.11,35.24,45.29,33.32,30.77,777.12,25.8,24.72,3.15,2.87,2.97,2.75,3.0,2.88,4.44,3.81,3.31,4.01,3.54,3.4,1.24,1.96,1.6,11.89,13.02,0.07,0.12,0.12,0.12,2.42,1.01,0.98,13.49,5.69
PIRAMAL PHARMA,PHARMA,CDMO,SMALL CAP,PPLPHARMA,158.9,23694.37,-0.97,1.54,4.14,6.02,8869.08,10124.41,11562.39,12798.69,61.62,64.77,72.3,69.16,-129.8,219.35,535.28,632.35,-163.81,102.98,38.36,26.4,1117.76,1388.68,1918.96,2328.71,0.13,0.14,0.17,0.18,14.15,14.2,10.69,14.18,13.0,24.24,38.19,21.35,31.03,27.72,-259.07,168.44,45.29,,,70.67,55.92,2.58,2.45,2.2,2.3,2.33,2.32,2.67,2.34,2.05,1.85,2.19,2.08,1.11,2.88,1.6,14.76,13.02,-0.01,0.02,0.05,0.05,3.63,2.46,0.31,,,16637.84,17.98,23.95,31.15,15.6,3313.78,3720.48,4549.84,9473.88,190.62,224.8,127.05,270.05,174.81,367.1,511.44,1230.84,34.06,29.0,22.6,23.31,474.51,719.5,1084.32,2328.71,0.17,0.18,0.21,0.27,14.08,16.6,13.85,14.31,13.79,26.14,33.82,21.35,29.63,27.72,25.11,35.24,45.29,33.32,30.77,777.12,25.8,24.72,3.15,2.87,2.97,2.75,3.0,2.88,4.44,3.81,3.31,4.01,3.54,3.4,1.24,1.96,1.6,11.89,13.02,0.07,0.12,0.12,0.12,2.42,1.01,0.98,13.49,5.69
AKUMS DRUGS AND PHARMACEUTICALS,PHARMA,CDMO,SMALL CAP,AKUMS,604.7,8148.09,17.98,23.95,31.15,,4359.02,4924.4,5708.3,,216.41,239.3,,270.6,275.21,370.75,487.6,,33.63,25.25,19.41,,522.02,656.8,812.7,,0.12,0.13,0.14,,12.97,15.92,,14.44,,25.82,23.74,,24.77,,33.2,30.06,,31.62,,22.33,22.33,2.79,2.53,,2.23,2.53,2.38,1.87,1.65,1.43,,1.54,1.54,1.36,0.9,,9.03,,0.06,0.08,0.09,,1.22,1.01,,16.32,,16637.84,17.98,23.95,31.15,15.6,3313.78,3720.48,4549.84,9473.88,190.62,224.8,127.05,270.05,174.81,367.1,511.44,1230.84,34.06,29.0,22.6,23.31,474.51,719.5,1084.32,2328.71,0.17,0.18,0.21,0.27,14.08,16.6,13.85,14.31,13.79,26.14,33.82,21.35,29.63,27.72,25.11,35.24,45.29,33.32,30.77,777.12,25.8,24.72,3.15,2.87,2.97,2.75,3.0,2.88,4.44,3.81,3.31,4.01,3.54,3.4,1.24,1.96,1.6,11.89,13.02,0.07,0.12,0.12,0.12,2.42,1.01,0.98,13.49,5.69
INNOVA CAPTAB,PHARMA,CDMO,SMALL CAP,INNOVACAP,949.55,4826.92,24.63,33.2,44.9,,1630.02,1982.25,2427.8,,190.62,224.8,,270.05,140.92,189.75,257.0,,38.55,28.6,21.15,,242.92,307.75,399.4,,0.15,0.16,0.16,,21.61,22.48,,22.04,,26.69,29.78,,28.22,,34.79,35.24,,35.02,,24.87,24.87,4.98,4.22,,3.52,4.22,3.87,2.96,2.44,1.99,,2.21,2.21,0.62,0.93,,5.07,,0.09,0.1,0.11,,0.93,1.01,,10.66,,16637.84,17.98,23.95,31.15,15.6,3313.78,3720.48,4549.84,9473.88,190.62,224.8,127.05,270.05,174.81,367.1,511.44,1230.84,34.06,29.0,22.6,23.31,474.51,719.5,1084.32,2328.71,0.17,0.18,0.21,0.27,14.08,16.6,13.85,14.31,13.79,26.14,33.82,21.35,29.63,27.72,25.11,35.24,45.29,33.32,30.77,777.12,25.8,24.72,3.15,2.87,2.97,2.75,3.0,2.88,4.44,3.81,3.31,4.01,3.54,3.4,1.24,1.96,1.6,11.89,13.02,0.07,0.12,0.12,0.12,2.42,1.01,0.98,13.49,5.69
DISHMAN CARBOGEN AMCIS,PHARMA,CDMO,SMALL CAP,DCAL,170.72,3143.97,,,,,,,,,,,,,,,,,,,,,,,,,,,,,,,,,,,,,,,,,,,,,,,,,,,,,,,,,,,,,,,,,,,,,,,,16637.84,17.98,23.95,31.15,15.6,3313.78,3720.48,4549.84,9473.88,190.62,224.8,127.05,270.05,174.81,367.1,511.44,1230.84,34.06,29.0,22.6,23.31,474.51,719.5,1084.32,2328.71,0.17,0.18,0.21,0.27,14.08,16.6,13.85,14.31,13.79,26.14,33.82,21.35,29.63,27.72,25.11,35.24,45.29,33.32,30.77,777.12,25.8,24.72,3.15,2.87,2.97,2.75,3.0,2.88,4.44,3.81,3.31,4.01,3.54,3.4,1.24,1.96,1.6,11.89,13.02,0.07,0.12,0.12,0.12,2.42,1.01,0.98,13.49,5.69
Onesource Specialty Pharma Limited,PHARMA,CDMO,SMALL CAP,ONESOURCE,1608.6,20700.44,,,,,1421.59,2230.4,3391.38,,,,,,-83.73,413.35,853.98,,,,,,304.22,782.2,1355.95,,0.21,0.35,0.4,,56.89,52.05,,54.45,,157.11,73.35,,111.12,,,,,,,,,,,,,,,14.56,9.28,6.1,,7.69,7.69,13.67,4.91,,36.69,,-0.06,0.19,0.25,,24.42,6.65,,,,16637.84,17.98,23.95,31.15,15.6,3313.78,3720.48,4549.84,9473.88,190.62,224.8,127.05,270.05,174.81,367.1,511.44,1230.84,34.06,29.0,22.6,23.31,474.51,719.5,1084.32,2328.71,0.17,0.18,0.21,0.27,14.08,16.6,13.85,14.31,13.79,26.14,33.82,21.35,29.63,27.72,25.11,35.24,45.29,33.32,30.77,777.12,25.8,24.72,3.15,2.87,2.97,2.75,3.0,2.88,4.44,3.81,3.31,4.01,3.54,3.4,1.24,1.96,1.6,11.89,13.02,0.07,0.12,0.12,0.12,2.42,1.01,0.98,13.49,5.69
APOLLO HOSPS.ENTERPRISE,HEALTHCARE SERVICES,HOSPITAL,MID CAP,APOLLOHOSP,8489.5,118744.5,136.27,168.79,214.64,259.94,25228.5,29898.48,34630.52,39527.41,659.33,811.92,1252.4,1002.16,1960.9,2434.82,3082.17,4023.19,62.3,50.3,39.55,32.66,3769.3,4537.37,5548.82,6411.79,0.15,0.15,0.16,0.16,18.51,15.83,14.14,17.16,16.15,20.38,22.29,15.55,21.33,19.37,23.87,27.16,21.11,25.5,24.02,44.92,40.84,12.88,10.46,6.78,8.47,8.62,8.57,4.71,3.97,3.43,3.0,3.7,3.47,0.24,0.85,0.2,3.56,2.78,0.08,0.08,0.09,0.1,0.37,0.76,1.28,7.01,9.4,22961.58,18.2,20.66,25.54,27.14,4157.43,5092.8,5995.71,7294.84,131.07,173.4,186.18,205.04,266.23,396.16,550.36,1125.4,61.15,48.95,38.94,34.3,705.98,912.66,1135.55,1557.64,0.21,0.23,0.24,0.23,18.41,15.71,14.27,17.19,16.15,26.86,21.18,15.55,23.9,20.64,31.15,24.67,16.19,28.4,24.19,903.7,44.11,40.84,8.58,6.9,5.78,5.75,6.41,6.24,6.91,5.37,4.5,4.18,4.94,4.75,0.56,0.89,0.35,3.37,3.21,0.1,0.12,0.13,0.14,0.63,1.07,0.81,7.89,9.4
MAX HEALTHCARE INSTITUTE,HEALTHCARE SERVICES,HOSPITAL,MID CAP,MAXHEALTH,1094.75,96735.53,15.25,20.0,24.6,29.32,8373.45,11838.51,14032.83,16443.53,110.43,139.3,184.95,161.85,1490.65,1996.87,2444.58,3033.37,71.79,54.73,44.5,37.33,2242.83,3117.61,3754.27,4457.08,0.27,0.26,0.27,0.27,41.38,18.54,17.18,29.46,25.23,39.0,20.42,18.72,29.38,25.72,31.15,23.01,19.19,27.02,24.35,49.62,45.52,9.91,7.86,5.92,6.76,6.89,6.85,11.55,8.17,6.89,5.88,7.53,6.98,-0.45,0.42,0.35,-0.06,0.4,0.18,0.17,0.17,0.18,-0.93,0.55,1.03,-1.08,1.19,22961.58,18.2,20.66,25.54,27.14,4157.43,5092.8,5995.71,7294.84,131.07,173.4,186.18,205.04,266.23,396.16,550.36,1125.4,61.15,48.95,38.94,34.3,705.98,912.66,1135.55,1557.64,0.21,0.23,0.24,0.23,18.41,15.71,14.27,17.19,16.15,26.86,21.18,15.55,23.9,20.64,31.15,24.67,16.19,28.4,24.19,903.7,44.11,40.84,8.58,6.9,5.78,5.75,6.41,6.24,6.91,5.37,4.5,4.18,4.94,4.75,0.56,0.89,0.35,3.37,3.21,0.1,0.12,0.13,0.14,0.63,1.07,0.81,7.89,9.4
FORTIS HEALTHCARE,HEALTHCARE SERVICES,HOSPITAL,MID CAP,FORTIS,962.95,72974.2,14.09,18.11,23.23,26.78,9127.84,10619.28,12182.38,13537.13,131.07,147.58,187.4,167.4,1064.02,1387.68,1796.15,1939.8,68.34,53.18,41.46,35.96,2101.23,2554.91,3058.66,3426.16,0.23,0.24,0.25,0.25,16.34,14.72,11.12,15.53,14.04,21.59,19.72,12.01,20.65,17.7,28.52,28.27,15.29,28.4,23.87,47.32,43.53,7.35,6.52,5.14,5.75,5.83,5.81,7.99,6.87,5.99,5.39,6.43,6.08,1.04,1.05,0.2,4.44,3.21,0.12,0.13,0.15,0.14,1.41,1.68,-0.41,12.46,7.12,22961.58,18.2,20.66,25.54,27.14,4157.43,5092.8,5995.71,7294.84,131.07,173.4,186.18,205.04,266.23,396.16,550.36,1125.4,61.15,48.95,38.94,34.3,705.98,912.66,1135.55,1557.64,0.21,0.23,0.24,0.23,18.41,15.71,14.27,17.19,16.15,26.86,21.18,15.55,23.9,20.64,31.15,24.67,16.19,28.4,24.19,903.7,44.11,40.84,8.58,6.9,5.78,5.75,6.41,6.24,6.91,5.37,4.5,4.18,4.94,4.75,0.56,0.89,0.35,3.37,3.21,0.1,0.12,0.13,0.14,0.63,1.07,0.81,7.89,9.4
GLOBAL HEALTH,HEALTHCARE SERVICES,HOSPITAL,SMALL CAP,MEDANTA,1265.8,33063.41,20.7,25.86,32.24,34.41,4410.27,5158.52,5917.82,6720.45,147.47,173.4,229.02,205.04,557.48,702.76,885.02,1125.4,61.15,48.95,39.27,36.79,919.1,1179.59,1430.09,1557.64,0.21,0.23,0.24,0.23,16.97,14.72,13.56,15.84,15.07,28.34,21.24,8.92,24.74,19.23,24.91,24.67,6.73,24.79,18.46,44.11,41.67,8.58,7.3,5.53,6.17,6.41,6.33,7.5,6.41,5.59,4.92,6.0,5.64,2.03,1.3,-0.99,7.68,3.61,0.13,0.14,0.15,0.17,0.98,1.33,1.79,8.77,9.83,22961.58,18.2,20.66,25.54,27.14,4157.43,5092.8,5995.71,7294.84,131.07,173.4,186.18,205.04,266.23,396.16,550.36,1125.4,61.15,48.95,38.94,34.3,705.98,912.66,1135.55,1557.64,0.21,0.23,0.24,0.23,18.41,15.71,14.27,17.19,16.15,26.86,21.18,15.55,23.9,20.64,31.15,24.67,16.19,28.4,24.19,903.7,44.11,40.84,8.58,6.9,5.78,5.75,6.41,6.24,6.91,5.37,4.5,4.18,4.94,4.75,0.56,0.89,0.35,3.37,3.21,0.1,0.12,0.13,0.14,0.63,1.07,0.81,7.89,9.4
NARAYANA HRUDAYALAYA,HEALTHCARE SERVICES,HOSPITAL,SMALL CAP,NH,1878.7,38414.29,42.18,59.02,71.2,,7896.04,10704.34,12011.4,,223.4,272.23,,337.1,856.55,1206.2,1472.62,,44.54,31.83,26.38,,1616.67,2173.46,2508.25,,0.2,0.2,0.21,,35.57,12.21,,23.34,,34.44,15.4,,24.56,,39.92,20.64,,29.93,,29.11,29.11,8.41,6.9,,5.57,6.9,6.24,4.87,3.59,3.2,,3.39,3.39,-0.17,0.58,,0.99,,0.11,0.11,0.12,,0.42,0.99,,6.31,,22961.58,18.2,20.66,25.54,27.14,4157.43,5092.8,5995.71,7294.84,131.07,173.4,186.18,205.04,266.23,396.16,550.36,1125.4,61.15,48.95,38.94,34.3,705.98,912.66,1135.55,1557.64,0.21,0.23,0.24,0.23,18.41,15.71,14.27,17.19,16.15,26.86,21.18,15.55,23.9,20.64,31.15,24.67,16.19,28.4,24.19,903.7,44.11,40.84,8.58,6.9,5.78,5.75,6.41,6.24,6.91,5.37,4.5,4.18,4.94,4.75,0.56,0.89,0.35,3.37,3.21,0.1,0.12,0.13,0.14,0.63,1.07,0.81,7.89,9.4
ASTER DM HEALTHCARE,HEALTHCARE SERVICES,HOSPITAL,SMALL CAP,ASTERDM,809.4,39161.75,8.15,11.83,15.85,18.56,4643.22,6747.97,8248.99,9426.3,88.3,103.26,125.11,117.12,420.85,802.48,1061.72,1214.05,99.31,68.41,51.07,43.61,901.03,1549.28,1860.16,2047.02,0.19,0.23,0.23,0.22,45.33,22.24,14.27,33.29,26.62,71.95,20.07,10.05,43.68,31.46,45.18,33.96,17.1,39.46,31.56,59.74,54.36,9.17,7.84,6.47,6.91,7.15,7.07,8.43,5.8,4.75,4.15,5.28,4.9,3.55,-0.41,-0.83,7.8,3.82,0.09,0.12,0.13,0.13,2.83,0.98,0.01,19.17,12.42,22961.58,18.2,20.66,25.54,27.14,4157.43,5092.8,5995.71,7294.84,131.07,173.4,186.18,205.04,266.23,396.16,550.36,1125.4,61.15,48.95,38.94,34.3,705.98,912.66,1135.55,1557.64,0.21,0.23,0.24,0.23,18.41,15.71,14.27,17.19,16.15,26.86,21.18,15.55,23.9,20.64,31.15,24.67,16.19,28.4,24.19,903.7,44.11,40.84,8.58,6.9,5.78,5.75,6.41,6.24,6.91,5.37,4.5,4.18,4.94,4.75,0.56,0.89,0.35,3.37,3.21,0.1,0.12,0.13,0.14,0.63,1.07,0.81,7.89,9.4
Dr. Agarwal's Health Care Limited,HEALTHCARE SERVICES,HOSPITAL,SMALL CAP,AGARWALEYE,466.65,15202.51,,,,,2080.08,2513.38,3038.51,3634.5,,,,,134.52,183.65,261.05,,,,,,569.57,686.97,841.0,1023.35,0.27,0.27,0.28,0.28,20.83,20.89,19.61,20.86,20.44,20.61,22.42,21.68,21.51,21.57,,,,,,,,,,,,,,7.31,6.05,5.0,4.18,5.53,5.08,-0.05,0.35,0.48,0.54,0.93,0.06,0.07,0.09,,0.84,1.28,,15.26,,22961.58,18.2,20.66,25.54,27.14,4157.43,5092.8,5995.71,7294.84,131.07,173.4,186.18,205.04,266.23,396.16,550.36,1125.4,61.15,48.95,38.94,34.3,705.98,912.66,1135.55,1557.64,0.21,0.23,0.24,0.23,18.41,15.71,14.27,17.19,16.15,26.86,21.18,15.55,23.9,20.64,31.15,24.67,16.19,28.4,24.19,903.7,44.11,40.84,8.58,6.9,5.78,5.75,6.41,6.24,6.91,5.37,4.5,4.18,4.94,4.75,0.56,0.89,0.35,3.37,3.21,0.1,0.12,0.13,0.14,0.63,1.07,0.81,7.89,9.4
KRISHNA INSTITUTE OF MEDICAL SCIENCES,HEALTHCARE SERVICES,HOSPITAL,SMALL CAP,KIMS,804.25,30720.66,6.31,10.73,17.14,24.4,3904.6,5027.07,6073.6,7294.84,56.16,69.61,103.37,86.83,252.6,463.67,714.13,1068.7,127.46,74.94,46.91,32.97,804.6,1115.45,1475.6,1841.19,0.21,0.22,0.24,0.25,28.75,20.82,20.11,24.72,23.16,38.63,32.29,24.78,35.42,31.78,70.08,59.75,42.29,64.83,56.95,60.93,51.61,14.32,11.55,7.78,9.26,9.67,9.53,7.87,6.11,5.06,4.21,5.58,5.13,1.58,2.11,0.94,8.58,6.99,0.06,0.09,0.12,0.15,2.75,2.53,2.89,34.81,31.32,22961.58,18.2,20.66,25.54,27.14,4157.43,5092.8,5995.71,7294.84,131.07,173.4,186.18,205.04,266.23,396.16,550.36,1125.4,61.15,48.95,38.94,34.3,705.98,912.66,1135.55,1557.64,0.21,0.23,0.24,0.23,18.41,15.71,14.27,17.19,16.15,26.86,21.18,15.55,23.9,20.64,31.15,24.67,16.19,28.4,24.19,903.7,44.11,40.84,8.58,6.9,5.78,5.75,6.41,6.24,6.91,5.37,4.5,4.18,4.94,4.75,0.56,0.89,0.35,3.37,3.21,0.1,0.12,0.13,0.14,0.63,1.07,0.81,7.89,9.4
RAINBOW CHILDRENS MEDICARE,HEALTHCARE SERVICES,HOSPITAL,SMALL CAP,RAINBOW,1470.8,13850.63,27.56,32.29,38.01,41.27,1703.08,1994.23,2193.31,2782.31,162.28,179.22,260.86,209.91,279.86,328.65,386.59,365.5,53.37,45.55,38.7,35.64,544.17,646.85,591.81,813.14,0.32,0.32,0.27,0.29,17.1,9.98,26.85,13.48,17.78,18.87,-8.51,37.4,4.29,14.33,17.17,17.7,8.58,17.44,14.41,42.12,39.96,9.06,8.21,5.64,7.01,6.92,6.95,8.13,6.95,6.31,4.98,6.63,6.08,0.48,-5.45,2.24,-8.11,-2.93,0.16,0.16,0.18,0.13,0.05,1.15,-4.49,3.57,-7.19,22961.58,18.2,20.66,25.54,27.14,4157.43,5092.8,5995.71,7294.84,131.07,173.4,186.18,205.04,266.23,396.16,550.36,1125.4,61.15,48.95,38.94,34.3,705.98,912.66,1135.55,1557.64,0.21,0.23,0.24,0.23,18.41,15.71,14.27,17.19,16.15,26.86,21.18,15.55,23.9,20.64,31.15,24.67,16.19,28.4,24.19,903.7,44.11,40.84,8.58,6.9,5.78,5.75,6.41,6.24,6.91,5.37,4.5,4.18,4.94,4.75,0.56,0.89,0.35,3.37,3.21,0.1,0.12,0.13,0.14,0.63,1.07,0.81,7.89,9.4
MEDPLUS HEALTH SERVICES,HEALTHCARE SERVICES,HOSPITAL,SMALL CAP,MEDPLUS,844.45,10601.49,18.29,20.66,25.54,27.5,6892.47,7951.45,9117.1,10158.0,164.54,184.25,,213.86,219.65,247.51,306.07,330.0,46.17,40.88,33.06,30.71,607.37,709.88,840.47,936.4,0.09,0.09,0.09,0.09,15.36,14.66,11.42,15.01,13.8,16.88,18.4,11.41,17.63,15.52,12.95,23.65,7.66,18.18,14.56,36.97,34.88,5.13,4.58,,3.95,4.58,4.27,1.54,1.33,1.16,1.04,1.25,1.18,0.12,0.29,-0.0,2.28,1.51,0.03,0.03,0.03,0.03,-0.07,0.24,-0.11,2.64,0.64,22961.58,18.2,20.66,25.54,27.14,4157.43,5092.8,5995.71,7294.84,131.07,173.4,186.18,205.04,266.23,396.16,550.36,1125.4,61.15,48.95,38.94,34.3,705.98,912.66,1135.55,1557.64,0.21,0.23,0.24,0.23,18.41,15.71,14.27,17.19,16.15,26.86,21.18,15.55,23.9,20.64,31.15,24.67,16.19,28.4,24.19,903.7,44.11,40.84,8.58,6.9,5.78,5.75,6.41,6.24,6.91,5.37,4.5,4.18,4.94,4.75,0.56,0.89,0.35,3.37,3.21,0.1,0.12,0.13,0.14,0.63,1.07,0.81,7.89,9.4
JUPITER LIFE LINE HOSPITALS,HEALTHCARE SERVICES,HOSPITAL,SMALL CAP,JLHL,1342.1,8770.76,30.33,32.68,40.64,,1499.79,1774.42,2060.94,,,268.93,,310.47,199.3,214.14,266.54,,44.25,41.07,33.02,,343.26,381.04,471.62,,0.23,0.21,0.23,,18.31,16.15,,17.22,,11.01,23.77,,17.22,,7.75,24.36,,15.76,,37.05,37.05,,4.99,,4.32,4.99,4.66,5.85,4.94,4.26,,4.6,4.6,-1.41,1.41,,-0.01,,0.13,0.12,0.13,,-1.22,0.86,,-1.35,,22961.58,18.2,20.66,25.54,27.14,4157.43,5092.8,5995.71,7294.84,131.07,173.4,186.18,205.04,266.23,396.16,550.36,1125.4,61.15,48.95,38.94,34.3,705.98,912.66,1135.55,1557.64,0.21,0.23,0.24,0.23,18.41,15.71,14.27,17.19,16.15,26.86,21.18,15.55,23.9,20.64,31.15,24.67,16.19,28.4,24.19,903.7,44.11,40.84,8.58,6.9,5.78,5.75,6.41,6.24,6.91,5.37,4.5,4.18,4.94,4.75,0.56,0.89,0.35,3.37,3.21,0.1,0.12,0.13,0.14,0.63,1.07,0.81,7.89,9.4
HEALTHCARE GLOBAL ENTS.,HEALTHCARE SERVICES,HOSPITAL,SMALL CAP,HCG,610.95,9794.22,4.07,8.62,15.69,25.77,2538.43,2901.58,3328.96,3931.87,89.21,97.27,,110.83,58.34,117.62,203.92,,150.11,70.92,38.94,23.71,458.81,575.24,696.76,849.04,0.18,0.2,0.21,0.22,14.31,14.73,18.11,14.52,15.7,25.38,21.13,21.86,23.23,22.77,111.67,82.1,64.27,96.33,85.0,54.93,44.52,6.85,6.28,,5.51,6.28,5.9,3.86,3.38,2.94,2.49,3.16,2.94,1.75,1.11,0.66,7.61,6.11,0.02,0.04,0.06,,1.76,2.07,,63.26,,22961.58,18.2,20.66,25.54,27.14,4157.43,5092.8,5995.71,7294.84,131.07,173.4,186.18,205.04,266.23,396.16,550.36,1125.4,61.15,48.95,38.94,34.3,705.98,912.66,1135.55,1557.64,0.21,0.23,0.24,0.23,18.41,15.71,14.27,17.19,16.15,26.86,21.18,15.55,23.9,20.64,31.15,24.67,16.19,28.4,24.19,903.7,44.11,40.84,8.58,6.9,5.78,5.75,6.41,6.24,6.91,5.37,4.5,4.18,4.94,4.75,0.56,0.89,0.35,3.37,3.21,0.1,0.12,0.13,0.14,0.63,1.07,0.81,7.89,9.4
YATHARTH HOSPITAL & TRAUMA CARE SERVICES,HEALTHCARE SERVICES,HOSPITAL,SMALL CAP,YATHARTH,839.75,7865.89,18.2,25.35,31.25,,1207.17,1669.05,2049.65,,,203.6,,229.6,175.38,244.5,301.2,,46.14,33.13,26.87,,292.11,414.55,528.05,,0.24,0.25,0.26,,38.26,22.8,,30.3,,41.91,27.38,,34.45,,39.29,23.27,,31.04,,30.0,30.0,,4.12,,3.66,4.12,3.89,6.52,4.71,3.84,,4.28,4.28,0.64,0.93,,3.18,,0.15,0.15,0.15,,0.12,0.05,,0.57,,22961.58,18.2,20.66,25.54,27.14,4157.43,5092.8,5995.71,7294.84,131.07,173.4,186.18,205.04,266.23,396.16,550.36,1125.4,61.15,48.95,38.94,34.3,705.98,912.66,1135.55,1557.64,0.21,0.23,0.24,0.23,18.41,15.71,14.27,17.19,16.15,26.86,21.18,15.55,23.9,20.64,31.15,24.67,16.19,28.4,24.19,903.7,44.11,40.84,8.58,6.9,5.78,5.75,6.41,6.24,6.91,5.37,4.5,4.18,4.94,4.75,0.56,0.89,0.35,3.37,3.21,0.1,0.12,0.13,0.14,0.63,1.07,0.81,7.89,9.4
GPT HEALTHCARE,HEALTHCARE SERVICES,HOSPITAL,SMALL CAP,GPTHEALTH,147.82,1141.55,5.15,7.7,10.0,11.4,472.55,557.5,644.4,687.4,32.84,38.8,49.9,45.9,42.22,63.1,82.5,93.6,28.7,19.2,14.78,12.97,84.18,110.4,135.0,147.8,0.18,0.2,0.21,0.22,17.98,15.59,6.67,16.78,13.31,31.14,22.28,9.48,26.64,20.64,49.51,29.87,14.0,39.35,30.33,16.99,15.65,4.5,3.81,2.96,3.22,3.39,3.33,2.42,2.05,1.77,1.66,1.91,1.83,1.99,1.15,0.55,8.44,6.47,0.09,0.11,0.13,0.14,2.38,1.48,0.81,19.7,15.08,22961.58,18.2,20.66,25.54,27.14,4157.43,5092.8,5995.71,7294.84,131.07,173.4,186.18,205.04,266.23,396.16,550.36,1125.4,61.15,48.95,38.94,34.3,705.98,912.66,1135.55,1557.64,0.21,0.23,0.24,0.23,18.41,15.71,14.27,17.19,16.15,26.86,21.18,15.55,23.9,20.64,31.15,24.67,16.19,28.4,24.19,903.7,44.11,40.84,8.58,6.9,5.78,5.75,6.41,6.24,6.91,5.37,4.5,4.18,4.94,4.75,0.56,0.89,0.35,3.37,3.21,0.1,0.12,0.13,0.14,0.63,1.07,0.81,7.89,9.4
DR LAL PATHLABS,HEALTHCARE SERVICES,PATHOLOGY,SMALL CAP,LALPATHLAB,1635.8,26796.51,32.0,35.36,41.15,46.0,2762.9,3134.01,3535.86,3931.56,150.21,161.29,207.76,182.92,534.9,595.4,688.47,763.64,51.12,46.27,39.75,35.56,782.5,882.65,1007.83,1123.74,0.28,0.28,0.29,0.29,13.43,12.82,11.19,13.13,12.48,12.8,14.18,11.5,13.49,12.82,10.49,16.39,11.77,13.4,12.86,43.01,40.53,10.89,10.14,7.87,8.94,9.01,8.99,9.7,8.55,7.58,6.82,8.06,7.65,-0.16,0.34,0.08,0.32,0.31,0.19,0.19,0.19,0.19,-0.36,0.47,-0.05,0.29,0.11,11213.54,16.79,20.79,26.51,18.49,829.04,1034.83,1215.5,2435.27,121.62,111.76,106.1,136.08,172.98,214.38,275.0,384.68,51.12,46.27,39.75,32.37,336.94,401.75,483.22,661.76,0.28,0.28,0.29,0.29,18.39,16.56,12.7,17.47,13.95,20.84,18.14,15.53,19.76,18.19,10.49,24.47,21.81,19.81,16.25,552.75,43.01,40.45,12.78,10.14,7.87,8.94,9.01,8.99,9.64,8.14,6.99,6.2,7.57,7.11,0.06,0.45,0.74,0.66,2.95,0.19,0.19,0.19,0.19,-0.36,1.08,0.06,0.29,0.25
METROPOLIS HEALTHCARE,HEALTHCARE SERVICES,PATHOLOGY,SMALL CAP,METROPOLIS,552.75,11213.54,9.62,12.2,15.18,18.49,1645.85,1895.57,2160.51,2435.27,,81.84,106.1,81.62,199.01,254.53,314.83,384.68,57.46,45.32,36.41,29.89,400.85,484.38,571.2,661.76,0.24,0.26,0.26,0.27,15.17,13.98,12.72,14.57,13.95,20.84,17.92,15.85,19.37,18.19,26.79,24.47,21.81,25.62,24.34,40.86,37.21,,6.75,5.21,6.77,5.98,6.25,6.81,5.92,5.19,4.6,5.55,5.24,1.2,0.88,0.74,4.19,3.72,0.12,0.13,0.15,0.16,1.34,1.14,1.22,9.78,9.32,11213.54,16.79,20.79,26.51,18.49,829.04,1034.83,1215.5,2435.27,121.62,111.76,106.1,136.08,172.98,214.38,275.0,384.68,51.12,46.27,39.75,32.37,336.94,401.75,483.22,661.76,0.28,0.28,0.29,0.29,18.39,16.56,12.7,17.47,13.95,20.84,18.14,15.53,19.76,18.19,10.49,24.47,21.81,19.81,16.25,552.75,43.01,40.45,12.78,10.14,7.87,8.94,9.01,8.99,9.64,8.14,6.99,6.2,7.57,7.11,0.06,0.45,0.74,0.66,2.95,0.19,0.19,0.19,0.19,-0.36,1.08,0.06,0.29,0.25
VIJAYA DIAGNOSTIC CENTRE,HEALTHCARE SERVICES,PATHOLOGY,SMALL CAP,VIJAYA,1364.2,12960.87,16.79,20.79,26.51,,814.2,969.32,1152.53,,93.02,111.76,,136.08,172.98,214.38,275.0,,81.25,65.62,51.46,,336.94,401.75,483.22,,0.41,0.41,0.42,,19.05,18.9,,18.98,,19.24,20.28,,19.76,,23.82,27.52,,25.66,,58.54,58.54,14.67,12.21,,10.02,12.21,11.12,15.92,13.37,11.25,,12.31,12.31,0.06,0.48,,0.66,,0.21,0.22,0.24,,0.87,1.74,,5.98,,11213.54,16.79,20.79,26.51,18.49,829.04,1034.83,1215.5,2435.27,121.62,111.76,106.1,136.08,172.98,214.38,275.0,384.68,51.12,46.27,39.75,32.37,336.94,401.75,483.22,661.76,0.28,0.28,0.29,0.29,18.39,16.56,12.7,17.47,13.95,20.84,18.14,15.53,19.76,18.19,10.49,24.47,21.81,19.81,16.25,552.75,43.01,40.45,12.78,10.14,7.87,8.94,9.01,8.99,9.64,8.14,6.99,6.2,7.57,7.11,0.06,0.45,0.74,0.66,2.95,0.19,0.19,0.19,0.19,-0.36,1.08,0.06,0.29,0.25
THYROCARE TECHNOLOGIES,HEALTHCARE SERVICES,PATHOLOGY,SMALL CAP,THYROCARE,540.55,7994.08,10.63,10.98,13.6,16.7,829.04,981.52,1144.05,1289.3,36.79,39.13,49.4,42.83,169.21,196.72,234.58,265.1,50.85,49.23,39.75,32.37,262.04,325.75,384.85,444.6,0.32,0.33,0.34,0.34,18.39,16.56,12.7,17.47,15.86,24.31,18.14,15.53,21.19,19.27,3.29,23.86,22.79,13.11,16.25,44.49,40.45,14.69,13.81,10.94,12.62,12.38,12.46,9.64,8.14,6.99,6.2,7.57,7.11,1.58,0.45,0.84,3.16,2.95,0.2,0.2,0.21,0.21,-0.37,0.46,0.06,0.23,0.25,11213.54,16.79,20.79,26.51,18.49,829.04,1034.83,1215.5,2435.27,121.62,111.76,106.1,136.08,172.98,214.38,275.0,384.68,51.12,46.27,39.75,32.37,336.94,401.75,483.22,661.76,0.28,0.28,0.29,0.29,18.39,16.56,12.7,17.47,13.95,20.84,18.14,15.53,19.76,18.19,10.49,24.47,21.81,19.81,16.25,552.75,43.01,40.45,12.78,10.14,7.87,8.94,9.01,8.99,9.64,8.14,6.99,6.2,7.57,7.11,0.06,0.45,0.74,0.66,2.95,0.19,0.19,0.19,0.19,-0.36,1.08,0.06,0.29,0.25
KRSNAA DIAGNOSTICS,HEALTHCARE SERVICES,PATHOLOGY,SMALL CAP,KRSNAA,531.3,1780.72,30.88,34.05,44.32,,772.77,1034.83,1215.5,,302.23,330.95,,373.5,101.43,113.6,146.5,,17.21,15.6,11.99,,211.8,273.93,327.27,,0.27,0.26,0.27,,33.91,17.46,,25.42,,29.33,19.47,,24.3,,10.27,30.18,,19.81,,13.79,13.79,1.76,1.61,,1.42,1.61,1.51,2.3,1.72,1.47,,1.59,1.59,-0.94,0.45,,-0.89,,0.13,0.11,0.12,,-2.15,1.08,,-4.17,,11213.54,16.79,20.79,26.51,18.49,829.04,1034.83,1215.5,2435.27,121.62,111.76,106.1,136.08,172.98,214.38,275.0,384.68,51.12,46.27,39.75,32.37,336.94,401.75,483.22,661.76,0.28,0.28,0.29,0.29,18.39,16.56,12.7,17.47,13.95,20.84,18.14,15.53,19.76,18.19,10.49,24.47,21.81,19.81,16.25,552.75,43.01,40.45,12.78,10.14,7.87,8.94,9.01,8.99,9.64,8.14,6.99,6.2,7.57,7.11,0.06,0.45,0.74,0.66,2.95,0.19,0.19,0.19,0.19,-0.36,1.08,0.06,0.29,0.25
SYNGENE INTER,HEALTHCARE SERVICES,OTHER,MID CAP,SYNGENE,440.75,18725.44,9.77,9.27,12.9,16.47,3738.7,3957.87,4549.27,5567.01,120.45,132.28,147.38,145.32,393.3,373.18,507.68,590.95,45.11,47.57,34.16,26.75,979.4,979.55,1200.08,1403.46,0.26,0.25,0.26,0.25,5.86,14.94,22.37,10.31,14.19,0.02,22.51,16.95,10.69,12.74,-5.16,39.26,27.67,14.93,19.02,40.86,36.16,3.66,3.33,2.99,3.03,3.16,3.12,5.01,4.73,4.12,3.36,4.42,4.07,-1.45,1.63,-1.17,0.35,-1.27,0.11,0.09,0.11,0.11,-1.09,1.73,-0.54,3.0,0.3,6615.15,24.15,30.32,36.15,59.75,1877.21,3146.85,3655.93,5567.01,213.53,341.0,449.0,381.83,256.28,290.04,363.59,590.95,41.82,34.28,26.78,26.16,354.62,477.06,599.27,795.95,0.25,0.21,0.22,0.25,14.92,16.34,14.17,15.45,17.86,18.35,23.21,16.95,17.74,21.63,16.81,29.81,27.67,18.11,22.61,411.85,30.53,27.29,4.38,3.33,2.99,3.03,3.16,3.12,3.42,3.45,3.07,3.36,3.26,3.08,0.5,0.78,0.25,2.77,3.2,0.11,0.11,0.12,0.11,-0.05,0.57,0.42,3.39,3.9
POLY MEDICURE,HEALTHCARE SERVICES,OTHER,SMALL CAP,POLYMED,1563.3,14593.73,32.42,39.16,47.7,59.75,1875.26,2335.82,2762.6,3070.4,306.61,341.0,449.0,381.83,328.94,403.62,499.08,604.1,48.22,39.92,32.77,26.16,442.32,555.76,688.64,795.95,0.24,0.24,0.25,0.26,24.56,18.27,11.14,21.37,17.86,25.65,23.91,15.58,24.78,21.63,20.79,21.81,25.26,21.3,22.61,36.35,32.95,5.1,4.58,3.48,4.09,4.03,4.05,7.78,6.25,5.28,4.75,5.77,5.43,0.21,1.13,1.0,2.8,3.2,0.18,0.17,0.18,0.2,-0.26,0.79,1.61,1.48,3.9,6615.15,24.15,30.32,36.15,59.75,1877.21,3146.85,3655.93,5567.01,213.53,341.0,449.0,381.83,256.28,290.04,363.59,590.95,41.82,34.28,26.78,26.16,354.62,477.06,599.27,795.95,0.25,0.21,0.22,0.25,14.92,16.34,14.17,15.45,17.86,18.35,23.21,16.95,17.74,21.63,16.81,29.81,27.67,18.11,22.61,411.85,30.53,27.29,4.38,3.33,2.99,3.03,3.16,3.12,3.42,3.45,3.07,3.36,3.26,3.08,0.5,0.78,0.25,2.77,3.2,0.11,0.11,0.12,0.11,-0.05,0.57,0.42,3.39,3.9
INDRAPRASTHA MEDICAL CORPORATION,HEALTHCARE SERVICES,OTHER,SMALL CAP,INDRAMEDCO,382.95,3407.48,20.03,22.6,24.6,,1482.51,1576.5,1687.8,,,,,,183.62,206.9,225.2,,19.12,16.94,15.57,,266.92,296.4,320.7,,0.18,0.19,0.19,,6.34,7.06,,6.7,,11.04,8.2,,9.61,,12.83,8.85,,10.82,,16.26,16.26,,,,,,,2.3,2.16,2.02,,2.09,2.09,0.8,0.2,,2.73,,0.12,0.13,0.13,,0.74,0.22,,3.79,,6615.15,24.15,30.32,36.15,59.75,1877.21,3146.85,3655.93,5567.01,213.53,341.0,449.0,381.83,256.28,290.04,363.59,590.95,41.82,34.28,26.78,26.16,354.62,477.06,599.27,795.95,0.25,0.21,0.22,0.25,14.92,16.34,14.17,15.45,17.86,18.35,23.21,16.95,17.74,21.63,16.81,29.81,27.67,18.11,22.61,411.85,30.53,27.29,4.38,3.33,2.99,3.03,3.16,3.12,3.42,3.45,3.07,3.36,3.26,3.08,0.5,0.78,0.25,2.77,3.2,0.11,0.11,0.12,0.11,-0.05,0.57,0.42,3.39,3.9
SUN PHARMA ADVD.RESH.,HEALTHCARE SERVICES,OTHER,SMALL CAP,SPARC,238.09,7644.75,,,,,1879.17,,,,,,,,,,,,,,,,1598.76,,,,0.85,,,,,,,,,,,,,,,,,,,,,,,,,,,4.07,,,,,,,,,,,,,,,,,,,,6615.15,24.15,30.32,36.15,59.75,1877.21,3146.85,3655.93,5567.01,213.53,341.0,449.0,381.83,256.28,290.04,363.59,590.95,41.82,34.28,26.78,26.16,354.62,477.06,599.27,795.95,0.25,0.21,0.22,0.25,14.92,16.34,14.17,15.45,17.86,18.35,23.21,16.95,17.74,21.63,16.81,29.81,27.67,18.11,22.61,411.85,30.53,27.29,4.38,3.33,2.99,3.03,3.16,3.12,3.42,3.45,3.07,3.36,3.26,3.08,0.5,0.78,0.25,2.77,3.2,0.11,0.11,0.12,0.11,-0.05,0.57,0.42,3.39,3.9
TARSONS PRODUCTS,HEALTHCARE SERVICES,OTHER,SMALL CAP,TARSONS,262.62,1174.16,,,,,422.51,,,,,,,,,,,,,,,,117.93,,,,0.28,,,,,,,,,,,,,,,,,,,,,,,,,,,2.78,,,,,,,,,,,,,,,,,,,,6615.15,24.15,30.32,36.15,59.75,1877.21,3146.85,3655.93,5567.01,213.53,341.0,449.0,381.83,256.28,290.04,363.59,590.95,41.82,34.28,26.78,26.16,354.62,477.06,599.27,795.95,0.25,0.21,0.22,0.25,14.92,16.34,14.17,15.45,17.86,18.35,23.21,16.95,17.74,21.63,16.81,29.81,27.67,18.11,22.61,411.85,30.53,27.29,4.38,3.33,2.99,3.03,3.16,3.12,3.42,3.45,3.07,3.36,3.26,3.08,0.5,0.78,0.25,2.77,3.2,0.11,0.11,0.12,0.11,-0.05,0.57,0.42,3.39,3.9
ENTERO HEALTHCARE SOLUTIONS,HEALTHCARE SERVICES,OTHER,SMALL CAP,ENTERO,1089.4,5585.56,28.27,38.04,52.42,70.55,6591.21,8139.75,9584.15,10941.8,,413.23,502.32,452.17,123.22,165.5,228.1,306.9,38.54,28.64,20.78,15.44,265.87,398.35,509.9,609.0,0.04,0.05,0.05,0.06,23.49,17.75,14.17,20.59,18.41,49.83,28.0,19.44,38.49,31.82,34.55,37.8,34.6,36.17,35.64,24.71,21.62,,2.64,2.17,2.41,2.4,2.4,0.85,0.69,0.58,0.51,0.63,0.59,0.86,0.43,0.25,14.85,11.33,0.02,0.02,0.02,0.03,0.16,0.35,0.42,12.83,14.48,6615.15,24.15,30.32,36.15,59.75,1877.21,3146.85,3655.93,5567.01,213.53,341.0,449.0,381.83,256.28,290.04,363.59,590.95,41.82,34.28,26.78,26.16,354.62,477.06,599.27,795.95,0.25,0.21,0.22,0.25,14.92,16.34,14.17,15.45,17.86,18.35,23.21,16.95,17.74,21.63,16.81,29.81,27.67,18.11,22.61,411.85,30.53,27.29,4.38,3.33,2.99,3.03,3.16,3.12,3.42,3.45,3.07,3.36,3.26,3.08,0.5,0.78,0.25,2.77,3.2,0.11,0.11,0.12,0.11,-0.05,0.57,0.42,3.39,3.9
MARUTI SUZUKI INDIA,AUTOMOBILE,OEM,LARGE CAP,MARUTI,13395.0,415262.9,459.46,525.5,620.4,665.0,183266.1,205554.3,230296.7,246262.8,3343.16,3693.8,4586.15,4157.22,14445.4,16470.68,19491.89,20792.09,29.15,25.49,21.59,20.14,21450.2,23777.33,28058.68,30619.45,0.12,0.12,0.12,0.12,12.16,12.04,6.93,12.1,10.35,10.85,18.01,9.13,14.37,12.6,14.37,18.06,7.19,16.2,13.12,23.54,22.41,4.01,3.63,2.92,3.22,3.27,3.26,2.27,2.02,1.8,1.69,1.91,1.84,-0.14,0.62,0.25,2.03,2.04,0.08,0.08,0.08,0.08,0.13,0.45,-0.02,3.62,2.32,97002.55,125.63,133.82,149.2,165.37,46830.14,51630.51,56245.56,61310.11,915.02,885.53,1197.08,1034.22,3656.59,5694.83,6409.91,6979.75,28.8,25.21,21.59,19.4,6019.41,6957.19,8201.17,9004.01,0.13,0.13,0.13,0.13,13.64,12.04,10.4,13.4,12.29,11.46,14.19,12.42,14.55,14.19,13.86,15.74,10.84,14.22,13.25,3258.85,23.54,22.41,5.13,6.76,4.57,5.63,5.68,5.67,2.8,2.63,2.46,2.12,2.54,2.44,0.01,0.58,0.31,1.66,1.42,0.08,0.09,0.09,0.09,0.23,0.52,0.14,1.37,1.92
TATA MOTORS,AUTOMOBILE,OEM,LARGE CAP,TATAMOTORS,,141994.6,6.81,39.28,53.54,58.84,335582.0,406346.2,446600.8,474426.9,304.34,343.0,475.61,387.52,2510.0,13564.46,18750.0,23489.73,,,,,18897.0,41797.52,51389.31,56732.66,0.06,0.1,0.12,0.12,21.09,9.91,6.23,15.36,12.23,121.19,22.95,10.4,64.91,44.26,476.81,36.29,9.91,180.38,105.2,,,,,,,,,0.42,0.35,0.32,0.3,0.33,0.32,4.66,1.22,0.45,42.95,28.54,0.01,0.03,0.04,0.05,2.59,0.86,0.75,136.92,87.76,97002.55,125.63,133.82,149.2,165.37,46830.14,51630.51,56245.56,61310.11,915.02,885.53,1197.08,1034.22,3656.59,5694.83,6409.91,6979.75,28.8,25.21,21.59,19.4,6019.41,6957.19,8201.17,9004.01,0.13,0.13,0.13,0.13,13.64,12.04,10.4,13.4,12.29,11.46,14.19,12.42,14.55,14.19,13.86,15.74,10.84,14.22,13.25,3258.85,23.54,22.41,5.13,6.76,4.57,5.63,5.68,5.67,2.8,2.63,2.46,2.12,2.54,2.44,0.01,0.58,0.31,1.66,1.42,0.08,0.09,0.09,0.09,0.23,0.52,0.14,1.37,1.92
MAHINDRA & MAHINDRA,AUTOMOBILE,OEM,LARGE CAP,M&M,3074.8,373112.8,130.57,141.14,159.16,176.28,145575.8,164263.2,182490.6,202126.4,618.98,721.19,1001.92,847.62,15737.12,17184.71,19367.0,21323.12,23.55,21.79,19.32,17.44,22489.72,22932.45,25958.91,29088.19,0.15,0.14,0.14,0.14,12.84,11.1,10.76,11.96,11.56,1.97,13.2,12.05,7.44,8.95,8.09,12.77,10.76,10.4,10.52,20.55,19.52,4.97,4.26,3.07,3.63,3.67,3.65,2.56,2.27,2.04,1.85,2.16,2.05,-1.49,0.26,0.17,-4.04,-2.34,0.11,0.1,0.11,0.11,-0.35,0.15,-0.06,-0.92,-0.81,97002.55,125.63,133.82,149.2,165.37,46830.14,51630.51,56245.56,61310.11,915.02,885.53,1197.08,1034.22,3656.59,5694.83,6409.91,6979.75,28.8,25.21,21.59,19.4,6019.41,6957.19,8201.17,9004.01,0.13,0.13,0.13,0.13,13.64,12.04,10.4,13.4,12.29,11.46,14.19,12.42,14.55,14.19,13.86,15.74,10.84,14.22,13.25,3258.85,23.54,22.41,5.13,6.76,4.57,5.63,5.68,5.67,2.8,2.63,2.46,2.12,2.54,2.44,0.01,0.58,0.31,1.66,1.42,0.08,0.09,0.09,0.09,0.23,0.52,0.14,1.37,1.92
HYUNDAI MOTOR INDIA,AUTOMOBILE,OEM,LARGE CAP,HYUNDAI,1973.2,153082.7,66.85,70.5,88.14,101.7,70763.33,79204.98,89842.08,100422.2,246.33,291.75,428.67,350.18,5431.52,5754.51,7086.36,8064.22,29.52,27.99,22.39,19.4,8392.26,9353.86,11464.51,13196.11,0.12,0.12,0.13,0.13,11.93,13.43,11.78,12.68,12.38,11.46,22.56,15.1,16.88,16.28,5.46,25.02,15.39,14.82,15.01,25.19,23.26,8.01,6.76,4.6,5.63,5.68,5.67,2.16,1.93,1.7,1.52,1.82,1.72,-0.05,0.95,0.38,3.73,3.48,0.08,0.07,0.08,0.08,-0.41,0.62,0.14,1.37,1.52,97002.55,125.63,133.82,149.2,165.37,46830.14,51630.51,56245.56,61310.11,915.02,885.53,1197.08,1034.22,3656.59,5694.83,6409.91,6979.75,28.8,25.21,21.59,19.4,6019.41,6957.19,8201.17,9004.01,0.13,0.13,0.13,0.13,13.64,12.04,10.4,13.4,12.29,11.46,14.19,12.42,14.55,14.19,13.86,15.74,10.84,14.22,13.25,3258.85,23.54,22.41,5.13,6.76,4.57,5.63,5.68,5.67,2.8,2.63,2.46,2.12,2.54,2.44,0.01,0.58,0.31,1.66,1.42,0.08,0.09,0.09,0.09,0.23,0.52,0.14,1.37,1.92
BAJAJ AUTO,AUTOMOBILE,OEM,LARGE CAP,BAJAJ-AUTO,10066.0,295832.4,352.35,399.36,453.54,497.18,58732.48,67541.29,75523.52,83153.53,1252.25,1319.24,1642.21,1490.63,9848.46,11048.22,12513.2,13699.85,28.57,25.21,22.19,20.25,12016.61,13621.78,15554.88,17035.19,0.2,0.2,0.21,0.2,15.0,11.82,10.1,13.4,12.29,13.36,14.19,9.52,13.77,12.34,13.34,13.57,9.62,13.45,12.16,23.7,22.55,8.04,7.63,6.13,6.75,6.88,6.84,5.04,4.38,3.92,3.56,4.15,3.95,-0.29,0.43,-0.11,0.33,0.04,0.17,0.16,0.17,0.16,-0.41,0.21,-0.09,-0.6,-0.59,97002.55,125.63,133.82,149.2,165.37,46830.14,51630.51,56245.56,61310.11,915.02,885.53,1197.08,1034.22,3656.59,5694.83,6409.91,6979.75,28.8,25.21,21.59,19.4,6019.41,6957.19,8201.17,9004.01,0.13,0.13,0.13,0.13,13.64,12.04,10.4,13.4,12.29,11.46,14.19,12.42,14.55,14.19,13.86,15.74,10.84,14.22,13.25,3258.85,23.54,22.41,5.13,6.76,4.57,5.63,5.68,5.67,2.8,2.63,2.46,2.12,2.54,2.44,0.01,0.58,0.31,1.66,1.42,0.08,0.09,0.09,0.09,0.23,0.52,0.14,1.37,1.92
EICHER MOTORS,AUTOMOBILE,OEM,LARGE CAP,EICHERMOT,7611.0,202469.4,202.75,224.45,261.76,295.47,23407.56,26916.98,30588.56,34788.33,915.02,1049.87,1396.19,1220.82,5570.68,6298.1,7326.74,8331.85,37.54,33.91,29.08,25.76,5785.07,6655.79,7758.06,8968.08,0.25,0.25,0.25,0.26,14.99,13.64,13.73,14.31,14.12,15.05,16.56,15.6,15.8,15.73,10.71,16.62,12.88,13.63,13.38,31.49,29.58,8.32,7.25,5.45,6.23,6.35,6.31,8.65,7.52,6.62,5.82,7.07,6.65,0.01,0.64,0.42,1.3,1.42,0.24,0.23,0.24,0.24,-0.4,0.55,-0.0,0.32,0.21,97002.55,125.63,133.82,149.2,165.37,46830.14,51630.51,56245.56,61310.11,915.02,885.53,1197.08,1034.22,3656.59,5694.83,6409.91,6979.75,28.8,25.21,21.59,19.4,6019.41,6957.19,8201.17,9004.01,0.13,0.13,0.13,0.13,13.64,12.04,10.4,13.4,12.29,11.46,14.19,12.42,14.55,14.19,13.86,15.74,10.84,14.22,13.25,3258.85,23.54,22.41,5.13,6.76,4.57,5.63,5.68,5.67,2.8,2.63,2.46,2.12,2.54,2.44,0.01,0.58,0.31,1.66,1.42,0.08,0.09,0.09,0.09,0.23,0.52,0.14,1.37,1.92
T V S MOTOR,AUTOMOBILE,OEM,LARGE CAP,TVSMOTOR,3442.9,164093.9,76.96,91.05,109.71,124.47,47270.32,54365.71,61660.85,68070.84,,320.56,512.98,410.4,3656.59,4328.59,5245.31,5942.72,44.74,37.81,31.38,27.66,6019.41,6957.19,8251.41,9276.44,0.13,0.13,0.13,0.14,15.01,13.42,10.4,14.21,12.93,15.58,18.6,12.42,17.08,15.51,18.31,20.5,13.45,19.4,17.38,34.6,32.28,,10.74,6.71,8.39,8.73,8.61,3.47,3.02,2.66,2.41,2.84,2.7,0.06,0.58,0.25,2.51,2.29,0.08,0.08,0.09,0.09,0.23,0.54,0.22,4.87,4.11,97002.55,125.63,133.82,149.2,165.37,46830.14,51630.51,56245.56,61310.11,915.02,885.53,1197.08,1034.22,3656.59,5694.83,6409.91,6979.75,28.8,25.21,21.59,19.4,6019.41,6957.19,8201.17,9004.01,0.13,0.13,0.13,0.13,13.64,12.04,10.4,13.4,12.29,11.46,14.19,12.42,14.55,14.19,13.86,15.74,10.84,14.22,13.25,3258.85,23.54,22.41,5.13,6.76,4.57,5.63,5.68,5.67,2.8,2.63,2.46,2.12,2.54,2.44,0.01,0.58,0.31,1.66,1.42,0.08,0.09,0.09,0.09,0.23,0.52,0.14,1.37,1.92
HERO MOTOCORP,AUTOMOBILE,OEM,LARGE CAP,HEROMOTOCO,4974.9,99706.27,230.25,265.88,285.24,321.54,46830.14,51630.51,56245.56,61310.11,1078.42,1175.55,1392.24,1288.45,4609.95,5694.83,6409.91,6979.75,21.61,18.71,17.44,15.47,6870.76,7268.38,8201.17,9004.01,0.15,0.14,0.15,0.15,10.25,8.94,9.0,9.59,9.4,5.79,12.83,9.79,9.25,9.43,15.47,7.28,12.73,11.3,11.78,18.08,17.21,4.61,4.23,3.57,3.86,3.9,3.89,2.13,1.93,1.77,1.63,1.85,1.78,-0.59,0.5,0.1,-0.31,0.03,0.1,0.11,0.11,0.11,1.19,0.37,-0.01,7.6,4.97,97002.55,125.63,133.82,149.2,165.37,46830.14,51630.51,56245.56,61310.11,915.02,885.53,1197.08,1034.22,3656.59,5694.83,6409.91,6979.75,28.8,25.21,21.59,19.4,6019.41,6957.19,8201.17,9004.01,0.13,0.13,0.13,0.13,13.64,12.04,10.4,13.4,12.29,11.46,14.19,12.42,14.55,14.19,13.86,15.74,10.84,14.22,13.25,3258.85,23.54,22.41,5.13,6.76,4.57,5.63,5.68,5.67,2.8,2.63,2.46,2.12,2.54,2.44,0.01,0.58,0.31,1.66,1.42,0.08,0.09,0.09,0.09,0.23,0.52,0.14,1.37,1.92
ASHOK LEYLAND,AUTOMOBILE,OEM,MID CAP,ASHOKLEY,156.66,94298.83,5.44,6.49,7.51,8.6,38752.74,43855.63,48649.81,53410.66,19.61,22.68,34.31,26.63,3199.56,3742.75,4403.0,5041.38,28.8,24.13,20.86,18.22,4930.56,5719.45,6489.23,7341.15,0.13,0.13,0.13,0.14,13.17,10.93,9.79,12.04,11.29,16.0,13.46,13.13,14.72,14.19,19.36,15.65,14.5,17.49,16.48,22.5,21.07,7.99,6.91,4.57,5.88,5.74,5.79,2.43,2.15,1.94,1.77,2.04,1.95,0.32,0.3,0.41,2.39,2.61,0.08,0.09,0.09,0.09,0.28,0.52,0.39,4.7,4.56,97002.55,125.63,133.82,149.2,165.37,46830.14,51630.51,56245.56,61310.11,915.02,885.53,1197.08,1034.22,3656.59,5694.83,6409.91,6979.75,28.8,25.21,21.59,19.4,6019.41,6957.19,8201.17,9004.01,0.13,0.13,0.13,0.13,13.64,12.04,10.4,13.4,12.29,11.46,14.19,12.42,14.55,14.19,13.86,15.74,10.84,14.22,13.25,3258.85,23.54,22.41,5.13,6.76,4.57,5.63,5.68,5.67,2.8,2.63,2.46,2.12,2.54,2.44,0.01,0.58,0.31,1.66,1.42,0.08,0.09,0.09,0.09,0.23,0.52,0.14,1.37,1.92
ESCORTS KUBOTA,AUTOMOBILE,OEM,MID CAP,ESCORTS,2821.2,32343.65,215.41,126.5,139.24,154.46,11540.26,12316.95,13157.13,14463.44,1124.52,1168.54,1408.66,1272.7,2370.56,1418.97,1560.36,1760.53,13.1,22.3,20.26,18.27,1496.36,1548.41,1729.29,1945.82,0.13,0.13,0.13,0.13,6.73,6.82,9.93,6.78,7.82,3.48,11.68,12.52,7.5,9.15,-41.27,10.07,10.93,-19.6,-10.49,21.28,20.28,2.51,2.41,2.0,2.22,2.21,2.21,2.8,2.63,2.46,2.24,2.54,2.44,-0.4,0.57,0.31,0.68,1.24,0.21,0.12,0.12,0.12,-9.02,0.34,0.31,-24.02,-16.01,97002.55,125.63,133.82,149.2,165.37,46830.14,51630.51,56245.56,61310.11,915.02,885.53,1197.08,1034.22,3656.59,5694.83,6409.91,6979.75,28.8,25.21,21.59,19.4,6019.41,6957.19,8201.17,9004.01,0.13,0.13,0.13,0.13,13.64,12.04,10.4,13.4,12.29,11.46,14.19,12.42,14.55,14.19,13.86,15.74,10.84,14.22,13.25,3258.85,23.54,22.41,5.13,6.76,4.57,5.63,5.68,5.67,2.8,2.63,2.46,2.12,2.54,2.44,0.01,0.58,0.31,1.66,1.42,0.08,0.09,0.09,0.09,0.23,0.52,0.14,1.37,1.92
OLA ELECTRIC MOBILITY,AUTOMOBILE,OEM,MID CAP,OLAELEC,42.25,15787.74,-4.16,-3.31,-3.14,-2.53,2253.0,2659.3,3328.61,4435.16,7.98,4.41,2.52,1.77,-1833.0,-1598.73,-1600.57,-1190.8,-10.16,-12.75,-13.47,-16.7,-1042.0,-568.28,-499.29,4.82,-0.46,-0.21,-0.15,0.0,18.03,25.17,33.24,21.55,25.33,-45.46,-12.14,-100.97,-30.78,,-20.36,-5.34,-19.32,-13.18,-15.28,-13.11,-14.31,5.3,9.58,16.79,23.9,13.18,16.75,7.01,5.94,4.74,3.56,5.34,4.75,24.88,6.37,15.11,-43.05,,-0.81,-0.6,-0.48,-0.27,21.24,12.03,21.24,-23.12,-30.89,97002.55,125.63,133.82,149.2,165.37,46830.14,51630.51,56245.56,61310.11,915.02,885.53,1197.08,1034.22,3656.59,5694.83,6409.91,6979.75,28.8,25.21,21.59,19.4,6019.41,6957.19,8201.17,9004.01,0.13,0.13,0.13,0.13,13.64,12.04,10.4,13.4,12.29,11.46,14.19,12.42,14.55,14.19,13.86,15.74,10.84,14.22,13.25,3258.85,23.54,22.41,5.13,6.76,4.57,5.63,5.68,5.67,2.8,2.63,2.46,2.12,2.54,2.44,0.01,0.58,0.31,1.66,1.42,0.08,0.09,0.09,0.09,0.23,0.52,0.14,1.37,1.92
Ather Energy Limited,AUTOMOBILE,OEM,SMALL CAP,ATHERENERG,971.7,36406.33,,,,,3671.76,5283.48,7351.45,10228.28,,,,,-512.13,-449.23,-163.84,241.3,,,,,-403.32,-246.53,186.6,616.47,-0.11,-0.05,0.03,0.06,43.9,39.14,39.13,41.5,40.7,-38.87,-175.69,230.37,,,,,,,,,,,,,,,,9.92,6.89,4.95,3.56,5.92,5.13,6.32,7.2,3.49,,,-0.14,-0.09,-0.02,0.02,5.45,6.27,4.59,-60.03,,97002.55,125.63,133.82,149.2,165.37,46830.14,51630.51,56245.56,61310.11,915.02,885.53,1197.08,1034.22,3656.59,5694.83,6409.91,6979.75,28.8,25.21,21.59,19.4,6019.41,6957.19,8201.17,9004.01,0.13,0.13,0.13,0.13,13.64,12.04,10.4,13.4,12.29,11.46,14.19,12.42,14.55,14.19,13.86,15.74,10.84,14.22,13.25,3258.85,23.54,22.41,5.13,6.76,4.57,5.63,5.68,5.67,2.8,2.63,2.46,2.12,2.54,2.44,0.01,0.58,0.31,1.66,1.42,0.08,0.09,0.09,0.09,0.23,0.52,0.14,1.37,1.92
OLECTRA GREENTECH,AUTOMOBILE,OEM,SMALL CAP,OLECTRA,1520.3,10095.11,,,,,,,,,,,,,,,,,,,,,,,,,,,,,,,,,,,,,,,,,,,,,,,,,,,,,,,,,,,,,,,,,,,,,,,,97002.55,125.63,133.82,149.2,165.37,46830.14,51630.51,56245.56,61310.11,915.02,885.53,1197.08,1034.22,3656.59,5694.83,6409.91,6979.75,28.8,25.21,21.59,19.4,6019.41,6957.19,8201.17,9004.01,0.13,0.13,0.13,0.13,13.64,12.04,10.4,13.4,12.29,11.46,14.19,12.42,14.55,14.19,13.86,15.74,10.84,14.22,13.25,3258.85,23.54,22.41,5.13,6.76,4.57,5.63,5.68,5.67,2.8,2.63,2.46,2.12,2.54,2.44,0.01,0.58,0.31,1.66,1.42,0.08,0.09,0.09,0.09,0.23,0.52,0.14,1.37,1.92
FORCE MOTORS,AUTOMOBILE,OEM,SMALL CAP,FORCEMOT,18637.0,26132.48,,,,,,,,,,,,,,,,,,,,,,,,,,,,,,,,,,,,,,,,,,,,,,,,,,,,,,,,,,,,,,,,,,,,,,,,97002.55,125.63,133.82,149.2,165.37,46830.14,51630.51,56245.56,61310.11,915.02,885.53,1197.08,1034.22,3656.59,5694.83,6409.91,6979.75,28.8,25.21,21.59,19.4,6019.41,6957.19,8201.17,9004.01,0.13,0.13,0.13,0.13,13.64,12.04,10.4,13.4,12.29,11.46,14.19,12.42,14.55,14.19,13.86,15.74,10.84,14.22,13.25,3258.85,23.54,22.41,5.13,6.76,4.57,5.63,5.68,5.67,2.8,2.63,2.46,2.12,2.54,2.44,0.01,0.58,0.31,1.66,1.42,0.08,0.09,0.09,0.09,0.23,0.52,0.14,1.37,1.92
VST TILLERS TRACTORS,AUTOMOBILE,OEM,SMALL CAP,VSTTILLERS,4566.6,4134.72,120.68,177.2,205.25,224.8,1240.36,1409.58,1605.68,1947.7,1264.48,1382.83,1767.6,1538.97,104.72,154.7,178.95,194.5,37.84,25.77,22.25,20.31,159.13,187.05,216.88,258.9,0.13,0.13,0.14,0.13,13.64,13.91,21.3,13.78,16.23,17.54,15.94,19.38,16.74,17.61,46.83,15.83,9.52,30.41,23.04,24.01,22.78,3.61,3.3,2.58,2.97,2.94,2.95,3.33,2.93,2.58,2.12,2.75,2.54,0.44,0.24,-0.21,2.6,1.19,0.08,0.11,0.11,0.1,2.53,0.17,-1.16,14.89,5.76,97002.55,125.63,133.82,149.2,165.37,46830.14,51630.51,56245.56,61310.11,915.02,885.53,1197.08,1034.22,3656.59,5694.83,6409.91,6979.75,28.8,25.21,21.59,19.4,6019.41,6957.19,8201.17,9004.01,0.13,0.13,0.13,0.13,13.64,12.04,10.4,13.4,12.29,11.46,14.19,12.42,14.55,14.19,13.86,15.74,10.84,14.22,13.25,3258.85,23.54,22.41,5.13,6.76,4.57,5.63,5.68,5.67,2.8,2.63,2.46,2.12,2.54,2.44,0.01,0.58,0.31,1.66,1.42,0.08,0.09,0.09,0.09,0.23,0.52,0.14,1.37,1.92
SML ISUZU,AUTOMOBILE,OEM,SMALL CAP,SMLISUZU,,5616.59,,,,,,,,,,,,,,,,,,,,,,,,,,,,,,,,,,,,,,,,,,,,,,,,,,,,,,,,,,,,,,,,,,,,,,,,97002.55,125.63,133.82,149.2,165.37,46830.14,51630.51,56245.56,61310.11,915.02,885.53,1197.08,1034.22,3656.59,5694.83,6409.91,6979.75,28.8,25.21,21.59,19.4,6019.41,6957.19,8201.17,9004.01,0.13,0.13,0.13,0.13,13.64,12.04,10.4,13.4,12.29,11.46,14.19,12.42,14.55,14.19,13.86,15.74,10.84,14.22,13.25,3258.85,23.54,22.41,5.13,6.76,4.57,5.63,5.68,5.67,2.8,2.63,2.46,2.12,2.54,2.44,0.01,0.58,0.31,1.66,1.42,0.08,0.09,0.09,0.09,0.23,0.52,0.14,1.37,1.92
SAMVARDHANA MOTHERSON INTERNATIONAL,AUTOMOBILE,AUTO ANCILLARIES,LARGE CAP,MOTHERSON,145.54,143035.1,4.05,5.12,6.51,7.03,126103.7,143897.3,159482.9,167835.7,39.2,42.38,54.74,48.0,4273.21,5435.76,6987.24,7442.89,35.94,28.45,22.36,20.71,11902.92,13855.57,16077.48,17270.18,0.09,0.1,0.1,0.1,14.11,10.83,5.24,12.46,10.0,16.4,16.04,7.42,16.22,13.21,26.32,27.25,7.97,26.78,20.17,25.4,23.84,3.71,3.43,2.66,3.03,3.05,3.04,1.13,0.99,0.9,0.85,0.95,0.91,0.19,0.45,0.21,3.34,2.92,0.03,0.04,0.04,0.04,0.39,0.6,0.05,13.71,9.38,11700.08,26.2,31.72,38.58,38.96,4091.16,4664.18,5498.6,7763.35,193.67,223.46,184.27,252.78,299.47,333.77,441.75,664.6,45.48,40.44,30.84,27.92,570.61,725.14,854.42,1140.7,0.14,0.15,0.15,0.16,13.98,12.78,11.97,13.77,14.62,21.0,17.29,14.86,20.11,18.13,21.59,24.24,16.75,21.19,21.66,867.62,35.89,34.37,6.19,5.56,4.07,4.78,4.88,4.86,2.84,2.41,2.15,2.24,2.28,2.28,0.48,0.41,0.29,3.33,2.3,0.08,0.09,0.09,0.1,0.09,0.54,0.47,4.8,5.1
TUBE INVESTMENTS OF INDIA,AUTOMOBILE,AUTO ANCILLARIES,MID CAP,TIINDIA,3285.6,58825.49,43.91,48.02,54.65,63.6,8556.35,9427.48,10345.2,11507.9,,347.6,,391.7,850.1,928.28,1056.65,1229.6,74.83,68.41,60.12,51.66,1091.2,1209.47,1374.28,1550.05,0.13,0.13,0.13,0.13,10.18,9.73,11.24,9.96,10.38,10.84,13.63,12.79,12.22,12.41,9.37,13.79,16.38,11.56,13.14,64.27,60.07,,9.45,,8.39,9.45,8.92,6.88,6.24,5.69,5.11,5.96,5.68,0.08,0.45,0.19,2.06,1.84,0.1,0.1,0.1,0.11,-0.09,0.37,0.47,1.39,2.45,11700.08,26.2,31.72,38.58,38.96,4091.16,4664.18,5498.6,7763.35,193.67,223.46,184.27,252.78,299.47,333.77,441.75,664.6,45.48,40.44,30.84,27.92,570.61,725.14,854.42,1140.7,0.14,0.15,0.15,0.16,13.98,12.78,11.97,13.77,14.62,21.0,17.29,14.86,20.11,18.13,21.59,24.24,16.75,21.19,21.66,867.62,35.89,34.37,6.19,5.56,4.07,4.78,4.88,4.86,2.84,2.41,2.15,2.24,2.28,2.28,0.48,0.41,0.29,3.33,2.3,0.08,0.09,0.09,0.1,0.09,0.54,0.47,4.8,5.1
BOSCH,AUTOMOBILE,AUTO ANCILLARIES,LARGE CAP,BOSCHLTD,40195.0,105690.4,750.86,928.73,1071.53,,20034.7,25349.61,28250.53,,,5600.57,,6110.19,2214.3,2739.42,3160.42,,53.53,43.28,37.51,,2650.4,3534.11,4084.98,,0.13,0.14,0.14,,26.53,11.44,,18.75,,33.34,15.59,,24.15,,23.69,15.38,,19.46,,40.4,40.4,,7.18,,6.58,7.18,6.88,5.28,4.17,3.74,,3.96,3.96,0.71,0.52,,4.55,,0.11,0.11,0.11,,-0.25,0.38,,0.61,,11700.08,26.2,31.72,38.58,38.96,4091.16,4664.18,5498.6,7763.35,193.67,223.46,184.27,252.78,299.47,333.77,441.75,664.6,45.48,40.44,30.84,27.92,570.61,725.14,854.42,1140.7,0.14,0.15,0.15,0.16,13.98,12.78,11.97,13.77,14.62,21.0,17.29,14.86,20.11,18.13,21.59,24.24,16.75,21.19,21.66,867.62,35.89,34.37,6.19,5.56,4.07,4.78,4.88,4.86,2.84,2.41,2.15,2.24,2.28,2.28,0.48,0.41,0.29,3.33,2.3,0.08,0.09,0.09,0.1,0.09,0.54,0.47,4.8,5.1
BHARAT FORGE,AUTOMOBILE,AUTO ANCILLARIES,MID CAP,BHARATFORG,2041.4,92290.22,25.76,37.16,48.5,55.32,16811.65,19676.94,22385.47,24077.31,200.38,219.52,274.43,252.78,1234.1,1770.76,2305.48,2738.45,79.25,54.94,42.09,36.9,2926.67,3607.17,4338.68,4824.5,0.17,0.18,0.19,0.2,17.04,13.76,7.56,15.39,12.72,23.25,20.28,11.2,21.76,18.13,44.25,30.51,14.07,37.21,29.02,48.51,44.64,10.19,9.3,7.44,8.08,8.37,8.27,5.49,4.69,4.12,3.83,4.41,4.22,0.92,1.05,0.66,5.51,4.8,0.07,0.09,0.1,0.11,1.66,1.3,1.07,18.45,15.71,11700.08,26.2,31.72,38.58,38.96,4091.16,4664.18,5498.6,7763.35,193.67,223.46,184.27,252.78,299.47,333.77,441.75,664.6,45.48,40.44,30.84,27.92,570.61,725.14,854.42,1140.7,0.14,0.15,0.15,0.16,13.98,12.78,11.97,13.77,14.62,21.0,17.29,14.86,20.11,18.13,21.59,24.24,16.75,21.19,21.66,867.62,35.89,34.37,6.19,5.56,4.07,4.78,4.88,4.86,2.84,2.41,2.15,2.24,2.28,2.28,0.48,0.41,0.29,3.33,2.3,0.08,0.09,0.09,0.1,0.09,0.54,0.47,4.8,5.1
3M INDIA,AUTOMOBILE,AUTO ANCILLARIES,MID CAP,3MINDIA,33125.0,37287.38,494.14,667.8,753.4,,5089.76,5776.0,6457.8,,1569.59,1731.4,,2034.8,556.65,752.3,848.7,,67.04,49.6,43.97,,985.76,1036.8,1151.1,,0.19,0.18,0.18,,13.48,11.8,,12.64,,5.18,11.02,,8.06,,35.14,12.82,,23.48,,46.79,46.79,21.1,19.13,,16.28,19.13,17.71,7.33,6.46,5.77,,6.11,6.11,-1.42,-0.13,,-4.06,,0.11,0.13,0.13,,2.09,0.12,,9.62,,11700.08,26.2,31.72,38.58,38.96,4091.16,4664.18,5498.6,7763.35,193.67,223.46,184.27,252.78,299.47,333.77,441.75,664.6,45.48,40.44,30.84,27.92,570.61,725.14,854.42,1140.7,0.14,0.15,0.15,0.16,13.98,12.78,11.97,13.77,14.62,21.0,17.29,14.86,20.11,18.13,21.59,24.24,16.75,21.19,21.66,867.62,35.89,34.37,6.19,5.56,4.07,4.78,4.88,4.86,2.84,2.41,2.15,2.24,2.28,2.28,0.48,0.41,0.29,3.33,2.3,0.08,0.09,0.09,0.1,0.09,0.54,0.47,4.8,5.1
UNO MINDA,AUTOMOBILE,AUTO ANCILLARIES,MID CAP,UNOMINDA,1115.6,64380.64,21.23,24.61,31.03,38.96,19657.59,23187.23,27096.31,32056.96,,139.39,204.01,166.42,1224.7,1426.87,1780.51,2238.11,52.55,45.33,35.96,28.63,2500.1,2593.22,3143.56,3794.09,0.13,0.11,0.12,0.12,17.96,16.86,18.31,17.41,17.71,3.72,21.22,20.69,12.13,14.92,15.91,26.08,25.57,20.89,22.43,40.65,36.64,,8.0,5.47,6.7,6.74,6.73,3.28,2.78,2.38,2.01,2.58,2.39,-1.53,0.42,0.23,-4.49,-2.37,0.06,0.06,0.07,0.07,-0.08,0.42,0.41,2.7,3.87,11700.08,26.2,31.72,38.58,38.96,4091.16,4664.18,5498.6,7763.35,193.67,223.46,184.27,252.78,299.47,333.77,441.75,664.6,45.48,40.44,30.84,27.92,570.61,725.14,854.42,1140.7,0.14,0.15,0.15,0.16,13.98,12.78,11.97,13.77,14.62,21.0,17.29,14.86,20.11,18.13,21.59,24.24,16.75,21.19,21.66,867.62,35.89,34.37,6.19,5.56,4.07,4.78,4.88,4.86,2.84,2.41,2.15,2.24,2.28,2.28,0.48,0.41,0.29,3.33,2.3,0.08,0.09,0.09,0.1,0.09,0.54,0.47,4.8,5.1
SONA BLW PRECISION FORGINGS,AUTOMOBILE,AUTO ANCILLARIES,MID CAP,SONACOMS,613.8,37819.31,11.12,12.98,15.76,18.4,4449.46,5403.59,6307.61,6833.62,96.21,105.84,132.43,115.64,691.16,793.08,966.94,1091.8,55.2,47.27,38.95,33.36,1081.17,1322.91,1570.0,1777.49,0.24,0.24,0.25,0.26,21.44,16.73,8.34,19.06,15.38,22.36,18.68,13.22,20.5,18.02,16.77,21.36,16.75,19.04,18.27,43.11,39.86,6.38,5.8,4.63,5.31,5.22,5.25,8.5,7.0,6.0,5.53,6.5,6.18,0.18,0.41,1.12,1.21,2.3,0.16,0.15,0.15,0.16,-0.86,0.65,0.65,-0.66,0.94,11700.08,26.2,31.72,38.58,38.96,4091.16,4664.18,5498.6,7763.35,193.67,223.46,184.27,252.78,299.47,333.77,441.75,664.6,45.48,40.44,30.84,27.92,570.61,725.14,854.42,1140.7,0.14,0.15,0.15,0.16,13.98,12.78,11.97,13.77,14.62,21.0,17.29,14.86,20.11,18.13,21.59,24.24,16.75,21.19,21.66,867.62,35.89,34.37,6.19,5.56,4.07,4.78,4.88,4.86,2.84,2.41,2.15,2.24,2.28,2.28,0.48,0.41,0.29,3.33,2.3,0.08,0.09,0.09,0.1,0.09,0.54,0.47,4.8,5.1
ZF COML.VEH.CNTL. SYS. IDA.,AUTOMOBILE,AUTO ANCILLARIES,SMALL CAP,ZFCVINDIA,15795.0,28231.34,276.94,311.7,406.98,541.05,4118.94,4655.82,5910.08,7763.35,1945.73,2226.8,,2581.8,525.08,597.72,773.25,1163.0,57.03,50.67,38.81,29.19,655.0,739.52,921.75,1140.7,0.16,0.16,0.16,0.15,13.03,26.94,31.36,19.79,23.52,12.9,24.64,23.75,18.63,20.31,12.55,30.57,32.94,21.22,25.01,44.74,39.56,8.12,7.09,,6.12,7.09,6.61,6.85,6.06,4.78,3.64,5.42,4.83,-0.02,-0.29,-0.9,-0.97,-2.6,0.13,0.13,0.13,0.15,0.09,0.25,1.9,1.31,5.53,11700.08,26.2,31.72,38.58,38.96,4091.16,4664.18,5498.6,7763.35,193.67,223.46,184.27,252.78,299.47,333.77,441.75,664.6,45.48,40.44,30.84,27.92,570.61,725.14,854.42,1140.7,0.14,0.15,0.15,0.16,13.98,12.78,11.97,13.77,14.62,21.0,17.29,14.86,20.11,18.13,21.59,24.24,16.75,21.19,21.66,867.62,35.89,34.37,6.19,5.56,4.07,4.78,4.88,4.86,2.84,2.41,2.15,2.24,2.28,2.28,0.48,0.41,0.29,3.33,2.3,0.08,0.09,0.09,0.1,0.09,0.54,0.47,4.8,5.1
MOTHERSON SUMI WIRING INDIA,AUTOMOBILE,AUTO ANCILLARIES,SMALL CAP,MSUMI,38.03,26016.0,0.94,1.2,1.52,1.73,11477.58,13258.0,14744.81,15839.03,3.26,3.77,5.05,4.27,625.18,799.55,1003.18,1142.53,40.46,31.61,25.07,21.94,1060.31,1330.87,1627.11,1846.37,0.09,0.1,0.11,0.12,15.51,11.21,7.42,13.34,11.33,25.52,22.26,13.48,23.88,20.31,27.98,26.1,14.24,27.04,22.62,28.34,26.21,11.67,10.1,7.53,8.9,8.81,8.84,2.27,1.96,1.76,1.64,1.86,1.79,0.8,1.0,0.62,9.29,8.06,0.05,0.06,0.07,0.07,0.58,0.77,0.41,11.76,9.82,11700.08,26.2,31.72,38.58,38.96,4091.16,4664.18,5498.6,7763.35,193.67,223.46,184.27,252.78,299.47,333.77,441.75,664.6,45.48,40.44,30.84,27.92,570.61,725.14,854.42,1140.7,0.14,0.15,0.15,0.16,13.98,12.78,11.97,13.77,14.62,21.0,17.29,14.86,20.11,18.13,21.59,24.24,16.75,21.19,21.66,867.62,35.89,34.37,6.19,5.56,4.07,4.78,4.88,4.86,2.84,2.41,2.15,2.24,2.28,2.28,0.48,0.41,0.29,3.33,2.3,0.08,0.09,0.09,0.1,0.09,0.54,0.47,4.8,5.1
ENDURANCE TECHNOLOGIES,AUTOMOBILE,AUTO ANCILLARIES,MID CAP,ENDURANCE,2622.4,38441.74,69.15,78.24,93.19,107.58,14595.88,16616.93,18670.52,20456.92,486.33,548.76,728.0,633.92,972.66,1143.93,1374.94,1582.6,37.92,33.52,28.14,24.38,1965.64,2225.83,2577.42,2882.96,0.13,0.13,0.14,0.14,13.85,12.36,9.57,13.1,11.91,13.24,15.8,11.85,14.51,13.62,13.15,19.11,15.44,16.09,15.87,30.83,28.68,5.39,4.78,3.6,4.14,4.19,4.17,2.63,2.31,2.06,1.88,2.19,2.08,-0.07,0.41,0.29,1.25,1.53,0.07,0.07,0.07,0.08,0.22,0.48,0.37,5.12,5.1,11700.08,26.2,31.72,38.58,38.96,4091.16,4664.18,5498.6,7763.35,193.67,223.46,184.27,252.78,299.47,333.77,441.75,664.6,45.48,40.44,30.84,27.92,570.61,725.14,854.42,1140.7,0.14,0.15,0.15,0.16,13.98,12.78,11.97,13.77,14.62,21.0,17.29,14.86,20.11,18.13,21.59,24.24,16.75,21.19,21.66,867.62,35.89,34.37,6.19,5.56,4.07,4.78,4.88,4.86,2.84,2.41,2.15,2.24,2.28,2.28,0.48,0.41,0.29,3.33,2.3,0.08,0.09,0.09,0.1,0.09,0.54,0.47,4.8,5.1
SUNDRAM FASTENERS,AUTOMOBILE,AUTO ANCILLARIES,SMALL CAP,SUNDRMFAST,878.55,18243.34,28.75,33.0,38.05,41.4,6288.82,6850.0,7587.1,8155.4,,,,,604.29,693.15,799.35,869.8,30.56,26.62,23.09,21.22,1009.01,1150.6,1301.1,1410.5,0.16,0.17,0.17,0.17,8.92,10.76,7.49,9.84,9.05,14.03,13.08,8.41,13.56,11.81,14.78,15.3,8.8,15.04,12.92,24.86,23.64,,,,,,,2.9,2.66,2.4,2.24,2.53,2.43,0.75,0.35,0.15,3.38,2.53,0.1,0.1,0.11,0.11,0.51,0.42,0.13,4.71,3.54,11700.08,26.2,31.72,38.58,38.96,4091.16,4664.18,5498.6,7763.35,193.67,223.46,184.27,252.78,299.47,333.77,441.75,664.6,45.48,40.44,30.84,27.92,570.61,725.14,854.42,1140.7,0.14,0.15,0.15,0.16,13.98,12.78,11.97,13.77,14.62,21.0,17.29,14.86,20.11,18.13,21.59,24.24,16.75,21.19,21.66,867.62,35.89,34.37,6.19,5.56,4.07,4.78,4.88,4.86,2.84,2.41,2.15,2.24,2.28,2.28,0.48,0.41,0.29,3.33,2.3,0.08,0.09,0.09,0.1,0.09,0.54,0.47,4.8,5.1
MAHINDRA CIE AUTOMOTIVE,AUTOMOBILE,AUTO ANCILLARIES,SMALL CAP,CIEINDIA,464.0,17344.44,21.69,25.7,28.7,31.1,9406.48,10419.63,11195.9,11918.1,196.62,214.6,255.45,234.47,828.17,976.72,1084.3,1172.97,21.39,18.05,16.17,14.92,1362.47,1569.52,1730.85,1855.5,0.14,0.15,0.15,0.16,10.77,7.45,6.45,9.1,8.21,15.2,10.28,7.2,12.71,10.84,18.49,11.67,8.36,15.03,12.76,17.11,16.38,2.36,2.16,1.82,1.98,1.99,1.99,1.84,1.66,1.55,1.46,1.61,1.56,0.58,0.4,0.11,3.31,2.44,0.09,0.09,0.1,0.1,0.57,0.31,0.16,4.88,3.78,11700.08,26.2,31.72,38.58,38.96,4091.16,4664.18,5498.6,7763.35,193.67,223.46,184.27,252.78,299.47,333.77,441.75,664.6,45.48,40.44,30.84,27.92,570.61,725.14,854.42,1140.7,0.14,0.15,0.15,0.16,13.98,12.78,11.97,13.77,14.62,21.0,17.29,14.86,20.11,18.13,21.59,24.24,16.75,21.19,21.66,867.62,35.89,34.37,6.19,5.56,4.07,4.78,4.88,4.86,2.84,2.41,2.15,2.24,2.28,2.28,0.48,0.41,0.29,3.33,2.3,0.08,0.09,0.09,0.1,0.09,0.54,0.47,4.8,5.1
JBM AUTO LIMITED,AUTOMOBILE,AUTO ANCILLARIES,SMALL CAP,JBMA,727.3,15120.26,,,,,,,,,,,,,,,,,,,,,,,,,,,,,,,,,,,,,,,,,,,,,,,,,,,,,,,,,,,,,,,,,,,,,,,,11700.08,26.2,31.72,38.58,38.96,4091.16,4664.18,5498.6,7763.35,193.67,223.46,184.27,252.78,299.47,333.77,441.75,664.6,45.48,40.44,30.84,27.92,570.61,725.14,854.42,1140.7,0.14,0.15,0.15,0.16,13.98,12.78,11.97,13.77,14.62,21.0,17.29,14.86,20.11,18.13,21.59,24.24,16.75,21.19,21.66,867.62,35.89,34.37,6.19,5.56,4.07,4.78,4.88,4.86,2.84,2.41,2.15,2.24,2.28,2.28,0.48,0.41,0.29,3.33,2.3,0.08,0.09,0.09,0.1,0.09,0.54,0.47,4.8,5.1
SUNDARAM-CLAYTON,AUTOMOBILE,AUTO ANCILLARIES,SMALL CAP,TVSHLTD,13132.0,2957.71,,,,,,,,,,,,,,,,,,,,,,,,,,,,,,,,,,,,,,,,,,,,,,,,,,,,,,,,,,,,,,,,,,,,,,,,11700.08,26.2,31.72,38.58,38.96,4091.16,4664.18,5498.6,7763.35,193.67,223.46,184.27,252.78,299.47,333.77,441.75,664.6,45.48,40.44,30.84,27.92,570.61,725.14,854.42,1140.7,0.14,0.15,0.15,0.16,13.98,12.78,11.97,13.77,14.62,21.0,17.29,14.86,20.11,18.13,21.59,24.24,16.75,21.19,21.66,867.62,35.89,34.37,6.19,5.56,4.07,4.78,4.88,4.86,2.84,2.41,2.15,2.24,2.28,2.28,0.48,0.41,0.29,3.33,2.3,0.08,0.09,0.09,0.1,0.09,0.54,0.47,4.8,5.1
ASAHI INDIA GLASS,AUTOMOBILE,AUTO ANCILLARIES,SMALL CAP,ASAHIINDIA,846.35,22729.31,13.69,14.0,19.0,24.6,4311.61,4763.2,5514.0,6342.1,113.01,157.8,195.3,173.7,332.81,351.0,483.9,626.3,61.82,60.45,44.54,34.4,729.73,882.9,1039.4,1207.4,0.17,0.19,0.19,0.19,10.47,15.76,15.02,13.09,13.73,20.99,17.73,16.16,19.35,18.28,2.26,35.71,29.47,17.81,21.57,52.5,46.47,7.49,5.36,4.33,4.87,4.85,4.86,5.27,4.77,4.12,3.58,4.45,4.16,1.61,0.31,0.19,5.54,4.0,0.08,0.07,0.09,0.1,-0.35,1.41,1.1,6.63,8.56,11700.08,26.2,31.72,38.58,38.96,4091.16,4664.18,5498.6,7763.35,193.67,223.46,184.27,252.78,299.47,333.77,441.75,664.6,45.48,40.44,30.84,27.92,570.61,725.14,854.42,1140.7,0.14,0.15,0.15,0.16,13.98,12.78,11.97,13.77,14.62,21.0,17.29,14.86,20.11,18.13,21.59,24.24,16.75,21.19,21.66,867.62,35.89,34.37,6.19,5.56,4.07,4.78,4.88,4.86,2.84,2.41,2.15,2.24,2.28,2.28,0.48,0.41,0.29,3.33,2.3,0.08,0.09,0.09,0.1,0.09,0.54,0.47,4.8,5.1
RAMKRISHNA FORGINGS,AUTOMOBILE,AUTO ANCILLARIES,SMALL CAP,RKFORGE,588.7,10340.16,5.29,12.65,19.1,,3754.92,4182.1,4632.45,,180.48,227.4,,242.9,96.2,218.2,327.95,,111.29,46.54,30.82,,566.43,735.2,873.5,,0.15,0.18,0.19,,11.38,10.77,,11.07,,29.8,18.81,,24.18,,139.13,50.99,,90.02,,38.68,38.68,3.26,2.59,,2.42,2.59,2.51,2.75,2.47,2.23,,2.35,2.35,2.49,1.28,,11.8,,0.03,0.05,0.07,,2.66,1.86,,66.23,,11700.08,26.2,31.72,38.58,38.96,4091.16,4664.18,5498.6,7763.35,193.67,223.46,184.27,252.78,299.47,333.77,441.75,664.6,45.48,40.44,30.84,27.92,570.61,725.14,854.42,1140.7,0.14,0.15,0.15,0.16,13.98,12.78,11.97,13.77,14.62,21.0,17.29,14.86,20.11,18.13,21.59,24.24,16.75,21.19,21.66,867.62,35.89,34.37,6.19,5.56,4.07,4.78,4.88,4.86,2.84,2.41,2.15,2.24,2.28,2.28,0.48,0.41,0.29,3.33,2.3,0.08,0.09,0.09,0.1,0.09,0.54,0.47,4.8,5.1
HBL POWER SYSTEMS,AUTOMOBILE,AUTO ANCILLARIES,SMALL CAP,HBLENGINE,815.5,22160.34,,,,,,,,,,,,,,,,,,,,,,,,,,,,,,,,,,,,,,,,,,,,,,,,,,,,,,,,,,,,,,,,,,,,,,,,11700.08,26.2,31.72,38.58,38.96,4091.16,4664.18,5498.6,7763.35,193.67,223.46,184.27,252.78,299.47,333.77,441.75,664.6,45.48,40.44,30.84,27.92,570.61,725.14,854.42,1140.7,0.14,0.15,0.15,0.16,13.98,12.78,11.97,13.77,14.62,21.0,17.29,14.86,20.11,18.13,21.59,24.24,16.75,21.19,21.66,867.62,35.89,34.37,6.19,5.56,4.07,4.78,4.88,4.86,2.84,2.41,2.15,2.24,2.28,2.28,0.48,0.41,0.29,3.33,2.3,0.08,0.09,0.09,0.1,0.09,0.54,0.47,4.8,5.1
HAPPY FORGINGS,AUTOMOBILE,AUTO ANCILLARIES,SMALL CAP,HAPPYFORGE,1465.0,13059.99,31.92,36.86,47.22,51.85,1545.34,1848.6,2205.26,2489.45,225.56,258.85,345.0,301.65,301.63,350.76,445.44,488.95,45.9,39.74,31.02,28.25,470.69,552.4,689.28,791.7,0.3,0.3,0.31,0.32,19.62,19.29,12.89,19.46,17.23,17.36,24.78,14.86,21.01,18.93,15.48,28.11,9.81,21.63,17.55,35.38,33.01,6.5,5.66,4.25,4.86,4.95,4.92,8.45,7.06,5.92,5.25,6.49,6.08,-0.58,1.37,0.55,1.3,1.45,0.2,0.19,0.2,0.2,-0.54,1.22,-0.56,1.73,0.21,11700.08,26.2,31.72,38.58,38.96,4091.16,4664.18,5498.6,7763.35,193.67,223.46,184.27,252.78,299.47,333.77,441.75,664.6,45.48,40.44,30.84,27.92,570.61,725.14,854.42,1140.7,0.14,0.15,0.15,0.16,13.98,12.78,11.97,13.77,14.62,21.0,17.29,14.86,20.11,18.13,21.59,24.24,16.75,21.19,21.66,867.62,35.89,34.37,6.19,5.56,4.07,4.78,4.88,4.86,2.84,2.41,2.15,2.24,2.28,2.28,0.48,0.41,0.29,3.33,2.3,0.08,0.09,0.09,0.1,0.09,0.54,0.47,4.8,5.1
PTC INDUSTRIES,AUTOMOBILE,AUTO ANCILLARIES,SMALL CAP,PTCIL,18333.0,24784.18,41.97,66.33,165.33,453.3,308.07,649.17,1193.66,2389.42,925.42,992.2,1570.95,1152.45,61.96,86.7,251.35,664.6,436.81,276.4,110.89,40.44,75.26,150.13,348.15,906.85,0.24,0.23,0.29,0.38,110.72,83.87,100.18,96.84,97.95,99.47,131.9,160.48,115.08,129.26,58.03,149.27,174.18,98.48,121.05,193.64,142.58,19.81,18.48,11.67,15.91,15.07,15.35,80.45,38.18,20.76,10.37,29.47,23.1,-1.3,6.04,8.79,9.27,15.82,0.2,0.13,0.21,0.28,-6.76,7.7,6.76,2.32,11.41,11700.08,26.2,31.72,38.58,38.96,4091.16,4664.18,5498.6,7763.35,193.67,223.46,184.27,252.78,299.47,333.77,441.75,664.6,45.48,40.44,30.84,27.92,570.61,725.14,854.42,1140.7,0.14,0.15,0.15,0.16,13.98,12.78,11.97,13.77,14.62,21.0,17.29,14.86,20.11,18.13,21.59,24.24,16.75,21.19,21.66,867.62,35.89,34.37,6.19,5.56,4.07,4.78,4.88,4.86,2.84,2.41,2.15,2.24,2.28,2.28,0.48,0.41,0.29,3.33,2.3,0.08,0.09,0.09,0.1,0.09,0.54,0.47,4.8,5.1
M M FORGINGS,AUTOMOBILE,AUTO ANCILLARIES,SMALL CAP,MMFL,469.8,2272.13,15.06,30.45,19.32,29.33,1511.14,1530.0,1336.4,1810.45,,,2.47,2.24,144.75,140.3,82.14,141.65,31.18,15.43,24.32,16.02,288.4,309.75,275.74,349.8,0.19,0.2,0.21,0.19,1.25,-12.65,35.47,-5.96,6.21,7.4,-10.98,26.86,-2.22,6.65,102.12,-36.55,51.81,13.24,24.87,19.87,18.59,,,190.2,209.73,190.2,199.97,1.5,1.49,1.7,1.26,1.59,1.48,1.16,0.39,-1.31,3.98,0.41,0.1,0.09,0.06,0.08,-0.41,-3.02,1.68,-19.9,-6.52,11700.08,26.2,31.72,38.58,38.96,4091.16,4664.18,5498.6,7763.35,193.67,223.46,184.27,252.78,299.47,333.77,441.75,664.6,45.48,40.44,30.84,27.92,570.61,725.14,854.42,1140.7,0.14,0.15,0.15,0.16,13.98,12.78,11.97,13.77,14.62,21.0,17.29,14.86,20.11,18.13,21.59,24.24,16.75,21.19,21.66,867.62,35.89,34.37,6.19,5.56,4.07,4.78,4.88,4.86,2.84,2.41,2.15,2.24,2.28,2.28,0.48,0.41,0.29,3.33,2.3,0.08,0.09,0.09,0.1,0.09,0.54,0.47,4.8,5.1
CRAFTSMAN AUTOMATION,AUTOMOBILE,AUTO ANCILLARIES,SMALL CAP,CRAFTSMAN,9806.5,20676.82,166.39,237.27,318.74,408.05,8069.27,9306.13,10634.57,12324.35,1368.26,1581.67,,1887.2,396.94,630.15,765.47,973.5,58.94,41.33,30.77,24.03,1237.59,1518.86,1807.2,2196.7,0.15,0.16,0.17,0.18,15.33,14.27,15.89,14.8,15.16,22.73,18.98,21.55,20.84,21.08,42.6,34.34,28.02,38.41,34.85,36.05,32.04,7.17,6.2,,5.2,6.2,5.7,2.56,2.22,1.94,1.68,2.08,1.95,0.98,0.67,0.83,5.26,5.14,0.05,0.07,0.07,0.08,1.85,0.43,0.7,20.96,17.1,11700.08,26.2,31.72,38.58,38.96,4091.16,4664.18,5498.6,7763.35,193.67,223.46,184.27,252.78,299.47,333.77,441.75,664.6,45.48,40.44,30.84,27.92,570.61,725.14,854.42,1140.7,0.14,0.15,0.15,0.16,13.98,12.78,11.97,13.77,14.62,21.0,17.29,14.86,20.11,18.13,21.59,24.24,16.75,21.19,21.66,867.62,35.89,34.37,6.19,5.56,4.07,4.78,4.88,4.86,2.84,2.41,2.15,2.24,2.28,2.28,0.48,0.41,0.29,3.33,2.3,0.08,0.09,0.09,0.1,0.09,0.54,0.47,4.8,5.1
KIRLOSKAR OIL ENGINES,AUTOMOBILE,AUTO ANCILLARIES,SMALL CAP,KIRLOSENG,1991.5,25453.11,33.73,42.2,51.1,66.8,5646.83,7041.56,8308.16,8998.5,,267.62,16814.0,3255.38,490.7,611.02,743.04,969.4,59.04,47.19,38.97,29.81,737.27,1069.22,1275.82,1497.2,0.13,0.15,0.15,0.17,24.7,17.99,8.31,21.3,16.8,45.02,19.32,17.35,31.55,26.63,25.11,21.09,30.72,23.08,25.58,43.08,38.66,,7.44,0.12,0.61,3.78,2.72,4.51,3.61,3.06,2.83,3.34,3.17,2.13,0.17,1.28,8.45,8.42,0.09,0.09,0.09,0.11,-0.01,0.27,1.83,1.45,7.43,11700.08,26.2,31.72,38.58,38.96,4091.16,4664.18,5498.6,7763.35,193.67,223.46,184.27,252.78,299.47,333.77,441.75,664.6,45.48,40.44,30.84,27.92,570.61,725.14,854.42,1140.7,0.14,0.15,0.15,0.16,13.98,12.78,11.97,13.77,14.62,21.0,17.29,14.86,20.11,18.13,21.59,24.24,16.75,21.19,21.66,867.62,35.89,34.37,6.19,5.56,4.07,4.78,4.88,4.86,2.84,2.41,2.15,2.24,2.28,2.28,0.48,0.41,0.29,3.33,2.3,0.08,0.09,0.09,0.1,0.09,0.54,0.47,4.8,5.1
MINDA CORPORATION,AUTOMOBILE,AUTO ANCILLARIES,SMALL CAP,MINDACORP,652.95,14002.79,10.68,13.54,18.01,22.28,5056.22,6109.8,7269.43,8249.61,93.58,107.9,152.5,132.2,255.37,323.82,438.06,542.2,61.14,48.21,36.26,29.31,574.8,715.08,835.34,974.98,0.11,0.12,0.11,0.12,20.84,18.98,13.48,19.9,17.73,24.41,16.82,16.72,20.55,19.26,26.81,32.97,23.72,29.85,27.78,42.24,37.93,6.98,6.05,4.28,4.94,5.17,5.09,2.77,2.29,1.93,1.7,2.11,1.97,0.34,-0.21,0.33,0.54,1.3,0.05,0.05,0.06,0.07,0.25,0.73,0.55,9.23,9.18,11700.08,26.2,31.72,38.58,38.96,4091.16,4664.18,5498.6,7763.35,193.67,223.46,184.27,252.78,299.47,333.77,441.75,664.6,45.48,40.44,30.84,27.92,570.61,725.14,854.42,1140.7,0.14,0.15,0.15,0.16,13.98,12.78,11.97,13.77,14.62,21.0,17.29,14.86,20.11,18.13,21.59,24.24,16.75,21.19,21.66,867.62,35.89,34.37,6.19,5.56,4.07,4.78,4.88,4.86,2.84,2.41,2.15,2.24,2.28,2.28,0.48,0.41,0.29,3.33,2.3,0.08,0.09,0.09,0.1,0.09,0.54,0.47,4.8,5.1
MAHARASHTRA SCOOTERS,AUTOMOBILE,AUTO ANCILLARIES,SMALL CAP,MAHSCOOTER,12597.0,15187.42,,,,,,,,,,,,,,,,,,,,,,,,,,,,,,,,,,,,,,,,,,,,,,,,,,,,,,,,,,,,,,,,,,,,,,,,11700.08,26.2,31.72,38.58,38.96,4091.16,4664.18,5498.6,7763.35,193.67,223.46,184.27,252.78,299.47,333.77,441.75,664.6,45.48,40.44,30.84,27.92,570.61,725.14,854.42,1140.7,0.14,0.15,0.15,0.16,13.98,12.78,11.97,13.77,14.62,21.0,17.29,14.86,20.11,18.13,21.59,24.24,16.75,21.19,21.66,867.62,35.89,34.37,6.19,5.56,4.07,4.78,4.88,4.86,2.84,2.41,2.15,2.24,2.28,2.28,0.48,0.41,0.29,3.33,2.3,0.08,0.09,0.09,0.1,0.09,0.54,0.47,4.8,5.1
SHRIRAM PISTONS & RINGS,AUTOMOBILE,AUTO ANCILLARIES,SMALL CAP,SHRIPISTON,3739.7,14520.14,131.73,90.9,104.05,,4458.7,6189.45,6999.6,,658.57,808.4,,985.1,579.6,707.55,837.95,,28.39,41.14,35.94,,846.9,1144.0,1330.75,,0.19,0.18,0.19,,38.82,13.09,,25.29,,35.08,16.32,,25.35,,-31.0,14.47,,-11.13,,38.54,38.54,5.68,4.63,,3.8,4.63,4.21,3.26,2.35,2.07,,2.21,2.21,-0.51,0.53,,0.05,,0.13,0.11,0.12,,-1.57,0.54,,-4.04,,11700.08,26.2,31.72,38.58,38.96,4091.16,4664.18,5498.6,7763.35,193.67,223.46,184.27,252.78,299.47,333.77,441.75,664.6,45.48,40.44,30.84,27.92,570.61,725.14,854.42,1140.7,0.14,0.15,0.15,0.16,13.98,12.78,11.97,13.77,14.62,21.0,17.29,14.86,20.11,18.13,21.59,24.24,16.75,21.19,21.66,867.62,35.89,34.37,6.19,5.56,4.07,4.78,4.88,4.86,2.84,2.41,2.15,2.24,2.28,2.28,0.48,0.41,0.29,3.33,2.3,0.08,0.09,0.09,0.1,0.09,0.54,0.47,4.8,5.1
VARROC ENGINEERING,AUTOMOBILE,AUTO ANCILLARIES,SMALL CAP,VARROC,615.2,8780.63,13.65,18.59,26.49,34.33,8154.08,8841.66,9876.5,11059.09,102.44,121.23,173.23,143.13,208.57,263.45,421.65,554.25,45.07,33.1,23.23,17.92,788.76,831.56,961.21,1117.6,0.1,0.09,0.1,0.1,8.43,11.7,11.97,10.06,10.69,5.43,15.59,16.27,10.39,12.32,36.16,42.51,29.61,39.3,35.99,28.16,24.75,6.01,5.07,3.55,4.3,4.31,4.31,1.08,0.99,0.89,0.79,0.94,0.89,-0.27,0.33,0.37,0.31,1.47,0.03,0.03,0.04,0.05,0.42,1.29,0.74,29.19,25.13,11700.08,26.2,31.72,38.58,38.96,4091.16,4664.18,5498.6,7763.35,193.67,223.46,184.27,252.78,299.47,333.77,441.75,664.6,45.48,40.44,30.84,27.92,570.61,725.14,854.42,1140.7,0.14,0.15,0.15,0.16,13.98,12.78,11.97,13.77,14.62,21.0,17.29,14.86,20.11,18.13,21.59,24.24,16.75,21.19,21.66,867.62,35.89,34.37,6.19,5.56,4.07,4.78,4.88,4.86,2.84,2.41,2.15,2.24,2.28,2.28,0.48,0.41,0.29,3.33,2.3,0.08,0.09,0.09,0.1,0.09,0.54,0.47,4.8,5.1
ASK AUTOMOTIVE,AUTOMOBILE,AUTO ANCILLARIES,SMALL CAP,ASKAUTOLTD,470.0,8793.54,15.08,16.7,20.84,24.46,4176.32,4691.64,5340.16,6289.4,66.5,80.2,120.77,98.42,297.32,330.14,410.69,482.3,31.17,28.14,22.55,19.21,530.89,592.63,713.38,849.07,0.13,0.13,0.13,0.13,12.34,13.82,17.78,13.08,14.62,11.63,20.38,19.02,15.92,16.94,10.78,24.75,17.39,17.56,17.5,25.34,23.3,7.07,5.86,3.89,4.78,4.88,4.84,2.11,1.87,1.65,1.4,1.76,1.64,-0.08,0.73,0.14,2.51,2.03,0.07,0.07,0.08,0.08,-0.08,0.65,-0.02,3.94,2.51,11700.08,26.2,31.72,38.58,38.96,4091.16,4664.18,5498.6,7763.35,193.67,223.46,184.27,252.78,299.47,333.77,441.75,664.6,45.48,40.44,30.84,27.92,570.61,725.14,854.42,1140.7,0.14,0.15,0.15,0.16,13.98,12.78,11.97,13.77,14.62,21.0,17.29,14.86,20.11,18.13,21.59,24.24,16.75,21.19,21.66,867.62,35.89,34.37,6.19,5.56,4.07,4.78,4.88,4.86,2.84,2.41,2.15,2.24,2.28,2.28,0.48,0.41,0.29,3.33,2.3,0.08,0.09,0.09,0.1,0.09,0.54,0.47,4.8,5.1
GABRIEL INDIA,AUTOMOBILE,AUTO ANCILLARIES,SMALL CAP,GABRIEL,1197.4,15770.66,17.05,18.47,29.63,34.0,4063.38,4660.27,5915.3,6562.67,82.38,95.0,131.8,107.6,244.98,260.43,525.6,602.7,70.23,64.84,40.41,35.22,389.67,438.33,577.9,659.87,0.1,0.09,0.1,0.1,14.69,26.93,10.94,20.65,17.33,12.49,31.84,14.18,21.78,19.19,8.31,60.46,14.74,31.83,25.87,52.62,46.82,14.54,12.6,9.08,11.13,10.84,10.94,3.88,3.38,2.67,2.4,3.03,2.82,-0.18,0.36,0.29,0.93,1.59,0.06,0.06,0.09,0.09,-0.44,3.3,0.3,21.4,15.06,11700.08,26.2,31.72,38.58,38.96,4091.16,4664.18,5498.6,7763.35,193.67,223.46,184.27,252.78,299.47,333.77,441.75,664.6,45.48,40.44,30.84,27.92,570.61,725.14,854.42,1140.7,0.14,0.15,0.15,0.16,13.98,12.78,11.97,13.77,14.62,21.0,17.29,14.86,20.11,18.13,21.59,24.24,16.75,21.19,21.66,867.62,35.89,34.37,6.19,5.56,4.07,4.78,4.88,4.86,2.84,2.41,2.15,2.24,2.28,2.28,0.48,0.41,0.29,3.33,2.3,0.08,0.09,0.09,0.1,0.09,0.54,0.47,4.8,5.1
SUPRAJIT ENGINEERING,AUTOMOBILE,AUTO ANCILLARIES,SMALL CAP,SUPRAJIT,466.55,6496.42,13.87,20.32,24.88,,3824.82,4229.94,4746.72,,104.76,119.98,,139.95,190.49,279.14,341.72,,33.64,22.96,18.75,,396.63,511.0,603.2,,0.1,0.12,0.13,,10.59,12.22,,11.4,,28.84,18.04,,23.32,,46.5,22.44,,33.93,,20.86,20.86,4.45,3.89,,3.33,3.89,3.61,1.7,1.54,1.37,,1.45,1.45,1.71,0.63,,10.7,,0.05,0.07,0.07,,1.62,0.6,,20.23,,11700.08,26.2,31.72,38.58,38.96,4091.16,4664.18,5498.6,7763.35,193.67,223.46,184.27,252.78,299.47,333.77,441.75,664.6,45.48,40.44,30.84,27.92,570.61,725.14,854.42,1140.7,0.14,0.15,0.15,0.16,13.98,12.78,11.97,13.77,14.62,21.0,17.29,14.86,20.11,18.13,21.59,24.24,16.75,21.19,21.66,867.62,35.89,34.37,6.19,5.56,4.07,4.78,4.88,4.86,2.84,2.41,2.15,2.24,2.28,2.28,0.48,0.41,0.29,3.33,2.3,0.08,0.09,0.09,0.1,0.09,0.54,0.47,4.8,5.1
DYNAMATIC TECHS.,AUTOMOBILE,AUTO ANCILLARIES,SMALL CAP,DYNAMATECH,10923.0,7482.12,88.33,133.6,187.6,,1621.34,1838.9,2114.4,,1168.41,1292.2,,1469.8,59.98,90.7,127.4,,123.66,81.76,58.22,,182.68,236.6,296.8,,0.11,0.13,0.14,,13.42,14.98,,14.2,,29.52,25.44,,27.46,,51.25,40.42,,45.73,,69.99,69.99,9.35,8.45,,7.43,8.45,7.94,4.61,4.07,3.54,,3.8,3.8,1.6,1.17,,11.62,,0.04,0.05,0.06,,1.23,1.09,,27.62,,11700.08,26.2,31.72,38.58,38.96,4091.16,4664.18,5498.6,7763.35,193.67,223.46,184.27,252.78,299.47,333.77,441.75,664.6,45.48,40.44,30.84,27.92,570.61,725.14,854.42,1140.7,0.14,0.15,0.15,0.16,13.98,12.78,11.97,13.77,14.62,21.0,17.29,14.86,20.11,18.13,21.59,24.24,16.75,21.19,21.66,867.62,35.89,34.37,6.19,5.56,4.07,4.78,4.88,4.86,2.84,2.41,2.15,2.24,2.28,2.28,0.48,0.41,0.29,3.33,2.3,0.08,0.09,0.09,0.1,0.09,0.54,0.47,4.8,5.1
SANSERA ENGINEERING,AUTOMOBILE,AUTO ANCILLARIES,SMALL CAP,SANSERA,2945.8,17950.38,54.51,65.19,82.15,105.5,3497.92,4158.24,4934.72,5768.9,495.31,552.63,,629.51,340.32,408.17,510.94,650.8,54.04,45.18,35.86,27.92,632.09,770.02,947.33,1086.3,0.18,0.19,0.19,0.19,18.88,18.67,16.9,18.78,18.15,21.82,23.03,14.67,22.42,19.78,19.6,26.01,28.43,22.76,24.62,40.52,36.32,5.95,5.33,,4.68,5.33,5.01,5.13,4.32,3.64,3.11,3.98,3.69,0.45,0.68,-0.37,3.07,1.38,0.1,0.1,0.1,0.11,0.09,0.54,0.93,3.16,5.06,11700.08,26.2,31.72,38.58,38.96,4091.16,4664.18,5498.6,7763.35,193.67,223.46,184.27,252.78,299.47,333.77,441.75,664.6,45.48,40.44,30.84,27.92,570.61,725.14,854.42,1140.7,0.14,0.15,0.15,0.16,13.98,12.78,11.97,13.77,14.62,21.0,17.29,14.86,20.11,18.13,21.59,24.24,16.75,21.19,21.66,867.62,35.89,34.37,6.19,5.56,4.07,4.78,4.88,4.86,2.84,2.41,2.15,2.24,2.28,2.28,0.48,0.41,0.29,3.33,2.3,0.08,0.09,0.09,0.1,0.09,0.54,0.47,4.8,5.1
PRICOL,AUTOMOBILE,AUTO ANCILLARIES,SMALL CAP,PRICOLLTD,559.15,6852.17,20.57,22.3,29.8,,4040.8,4668.1,5483.2,,102.96,122.2,,148.0,250.8,271.5,363.1,,27.18,25.07,18.76,,469.37,533.0,672.7,,0.12,0.11,0.12,,15.52,17.46,,16.49,,13.56,26.21,,19.72,,8.41,33.63,,20.36,,21.92,21.92,5.43,4.58,,3.78,4.58,4.18,1.7,1.47,1.25,,1.36,1.36,-0.2,0.85,,2.77,,0.06,0.06,0.07,,-0.39,0.81,,3.29,,11700.08,26.2,31.72,38.58,38.96,4091.16,4664.18,5498.6,7763.35,193.67,223.46,184.27,252.78,299.47,333.77,441.75,664.6,45.48,40.44,30.84,27.92,570.61,725.14,854.42,1140.7,0.14,0.15,0.15,0.16,13.98,12.78,11.97,13.77,14.62,21.0,17.29,14.86,20.11,18.13,21.59,24.24,16.75,21.19,21.66,867.62,35.89,34.37,6.19,5.56,4.07,4.78,4.88,4.86,2.84,2.41,2.15,2.24,2.28,2.28,0.48,0.41,0.29,3.33,2.3,0.08,0.09,0.09,0.1,0.09,0.54,0.47,4.8,5.1
SHANTHI GEARS,AUTOMOBILE,AUTO ANCILLARIES,SMALL CAP,SHANTIGEAR,450.6,3383.94,,,,,,,,,,,,,,,,,,,,,,,,,,,,,,,,,,,,,,,,,,,,,,,,,,,,,,,,,,,,,,,,,,,,,,,,11700.08,26.2,31.72,38.58,38.96,4091.16,4664.18,5498.6,7763.35,193.67,223.46,184.27,252.78,299.47,333.77,441.75,664.6,45.48,40.44,30.84,27.92,570.61,725.14,854.42,1140.7,0.14,0.15,0.15,0.16,13.98,12.78,11.97,13.77,14.62,21.0,17.29,14.86,20.11,18.13,21.59,24.24,16.75,21.19,21.66,867.62,35.89,34.37,6.19,5.56,4.07,4.78,4.88,4.86,2.84,2.41,2.15,2.24,2.28,2.28,0.48,0.41,0.29,3.33,2.3,0.08,0.09,0.09,0.1,0.09,0.54,0.47,4.8,5.1
JAMNA AUTO INDS.,AUTOMOBILE,AUTO ANCILLARIES,SMALL CAP,JAMNAAUTO,132.37,4942.16,4.51,8.9,9.2,7.3,2270.14,2498.2,2804.15,3103.15,,27.6,34.5,30.8,180.32,219.35,255.0,289.9,29.35,14.87,14.39,18.13,301.52,375.9,424.8,479.2,0.13,0.15,0.15,0.15,10.05,12.25,10.66,11.14,10.98,24.67,13.01,12.81,18.69,16.7,97.34,3.37,-20.65,42.83,17.41,14.63,15.8,,4.8,3.84,4.3,4.32,4.31,2.18,1.98,1.76,1.59,1.87,1.78,1.76,0.1,0.29,6.8,5.15,0.08,0.09,0.09,0.09,0.84,0.31,0.25,7.0,5.56,11700.08,26.2,31.72,38.58,38.96,4091.16,4664.18,5498.6,7763.35,193.67,223.46,184.27,252.78,299.47,333.77,441.75,664.6,45.48,40.44,30.84,27.92,570.61,725.14,854.42,1140.7,0.14,0.15,0.15,0.16,13.98,12.78,11.97,13.77,14.62,21.0,17.29,14.86,20.11,18.13,21.59,24.24,16.75,21.19,21.66,867.62,35.89,34.37,6.19,5.56,4.07,4.78,4.88,4.86,2.84,2.41,2.15,2.24,2.28,2.28,0.48,0.41,0.29,3.33,2.3,0.08,0.09,0.09,0.1,0.09,0.54,0.47,4.8,5.1
STEEL STRIPS WHEELS,AUTOMOBILE,AUTO ANCILLARIES,SMALL CAP,SSWL,229.09,3327.51,,,,,,,,,,,,,,,,,,,,,,,,,,,,,,,,,,,,,,,,,,,,,,,,,,,,,,,,,,,,,,,,,,,,,,,,11700.08,26.2,31.72,38.58,38.96,4091.16,4664.18,5498.6,7763.35,193.67,223.46,184.27,252.78,299.47,333.77,441.75,664.6,45.48,40.44,30.84,27.92,570.61,725.14,854.42,1140.7,0.14,0.15,0.15,0.16,13.98,12.78,11.97,13.77,14.62,21.0,17.29,14.86,20.11,18.13,21.59,24.24,16.75,21.19,21.66,867.62,35.89,34.37,6.19,5.56,4.07,4.78,4.88,4.86,2.84,2.41,2.15,2.24,2.28,2.28,0.48,0.41,0.29,3.33,2.3,0.08,0.09,0.09,0.1,0.09,0.54,0.47,4.8,5.1
L G BALAKRISNAN & BROS.,AUTOMOBILE,AUTO ANCILLARIES,SMALL CAP,LGBBROSLTD,1554.8,4933.43,99.14,105.8,114.0,,3075.63,3375.8,3744.0,,,,,,316.15,337.4,363.7,,15.68,14.7,13.64,,483.8,540.1,599.0,,0.16,0.16,0.16,,9.76,10.91,,10.33,,11.64,10.91,,11.27,,6.72,7.75,,7.23,,14.17,14.17,,,,,,,1.6,1.46,1.32,,1.39,1.39,0.27,-0.0,,0.85,,0.1,0.1,0.1,,-0.28,-0.28,,-2.79,,11700.08,26.2,31.72,38.58,38.96,4091.16,4664.18,5498.6,7763.35,193.67,223.46,184.27,252.78,299.47,333.77,441.75,664.6,45.48,40.44,30.84,27.92,570.61,725.14,854.42,1140.7,0.14,0.15,0.15,0.16,13.98,12.78,11.97,13.77,14.62,21.0,17.29,14.86,20.11,18.13,21.59,24.24,16.75,21.19,21.66,867.62,35.89,34.37,6.19,5.56,4.07,4.78,4.88,4.86,2.84,2.41,2.15,2.24,2.28,2.28,0.48,0.41,0.29,3.33,2.3,0.08,0.09,0.09,0.1,0.09,0.54,0.47,4.8,5.1
JTEKT INDIA,AUTOMOBILE,AUTO ANCILLARIES,SMALL CAP,JTEKTINDIA,137.3,3493.26,3.06,3.15,4.45,,2665.58,2889.95,3202.5,,42.75,46.0,,51.0,82.87,86.35,124.05,,44.87,43.59,30.85,,200.48,239.8,300.7,,0.08,0.08,0.09,,8.42,10.82,,9.61,,19.61,25.4,,22.47,,2.94,41.27,,20.59,,37.22,37.22,3.21,2.98,,2.69,2.98,2.84,1.31,1.21,1.09,,1.15,1.15,0.78,1.09,,11.73,,0.03,0.03,0.04,,-0.12,0.89,,11.62,,11700.08,26.2,31.72,38.58,38.96,4091.16,4664.18,5498.6,7763.35,193.67,223.46,184.27,252.78,299.47,333.77,441.75,664.6,45.48,40.44,30.84,27.92,570.61,725.14,854.42,1140.7,0.14,0.15,0.15,0.16,13.98,12.78,11.97,13.77,14.62,21.0,17.29,14.86,20.11,18.13,21.59,24.24,16.75,21.19,21.66,867.62,35.89,34.37,6.19,5.56,4.07,4.78,4.88,4.86,2.84,2.41,2.15,2.24,2.28,2.28,0.48,0.41,0.29,3.33,2.3,0.08,0.09,0.09,0.1,0.09,0.54,0.47,4.8,5.1
SUBROS,AUTOMOBILE,AUTO ANCILLARIES,SMALL CAP,SUBROS,747.45,4721.76,26.64,29.8,39.1,,3755.52,4154.1,4748.1,,190.71,217.5,,253.0,173.86,194.2,254.9,,28.06,25.08,19.12,,324.28,399.3,463.7,,0.09,0.1,0.1,,10.61,14.3,,12.44,,23.13,16.13,,19.58,,11.86,31.21,,21.15,,22.1,22.1,3.92,3.44,,2.95,3.44,3.2,1.26,1.14,0.99,,1.07,1.07,0.98,0.15,,6.35,,0.05,0.05,0.05,,0.05,0.69,,7.69,,11700.08,26.2,31.72,38.58,38.96,4091.16,4664.18,5498.6,7763.35,193.67,223.46,184.27,252.78,299.47,333.77,441.75,664.6,45.48,40.44,30.84,27.92,570.61,725.14,854.42,1140.7,0.14,0.15,0.15,0.16,13.98,12.78,11.97,13.77,14.62,21.0,17.29,14.86,20.11,18.13,21.59,24.24,16.75,21.19,21.66,867.62,35.89,34.37,6.19,5.56,4.07,4.78,4.88,4.86,2.84,2.41,2.15,2.24,2.28,2.28,0.48,0.41,0.29,3.33,2.3,0.08,0.09,0.09,0.1,0.09,0.54,0.47,4.8,5.1
CARTRADE TECH,AUTOMOBILE,AUTO ANCILLARIES,SMALL CAP,CARTRADE,2558.6,8149.68,45.9,57.25,70.83,82.64,779.27,941.05,1113.58,1290.79,518.15,574.26,739.1,654.11,229.51,283.28,356.06,427.6,55.74,44.69,36.13,30.96,257.0,341.81,426.04,526.36,0.33,0.36,0.38,0.41,20.76,18.33,15.91,19.54,18.32,33.0,24.64,23.55,28.75,26.99,24.72,23.72,16.69,24.22,21.66,40.41,37.26,4.94,4.46,3.46,3.91,3.96,3.94,10.46,8.66,7.32,6.31,7.99,7.43,3.34,1.94,2.52,7.71,7.33,0.29,0.3,0.32,0.33,0.65,1.87,1.15,4.19,4.0,11700.08,26.2,31.72,38.58,38.96,4091.16,4664.18,5498.6,7763.35,193.67,223.46,184.27,252.78,299.47,333.77,441.75,664.6,45.48,40.44,30.84,27.92,570.61,725.14,854.42,1140.7,0.14,0.15,0.15,0.16,13.98,12.78,11.97,13.77,14.62,21.0,17.29,14.86,20.11,18.13,21.59,24.24,16.75,21.19,21.66,867.62,35.89,34.37,6.19,5.56,4.07,4.78,4.88,4.86,2.84,2.41,2.15,2.24,2.28,2.28,0.48,0.41,0.29,3.33,2.3,0.08,0.09,0.09,0.1,0.09,0.54,0.47,4.8,5.1
NRB BEARINGS,AUTOMOBILE,AUTO ANCILLARIES,SMALL CAP,NRBBEARING,428.25,3727.64,11.41,14.1,15.9,18.45,1185.7,1405.15,1580.25,1585.55,93.03,108.1,119.8,119.8,110.57,145.2,166.5,166.5,37.53,30.37,26.93,23.21,180.23,235.3,274.1,274.85,0.15,0.17,0.17,0.17,18.51,12.46,0.34,15.45,10.17,30.56,16.49,0.27,23.32,15.1,23.58,12.77,16.04,18.05,17.37,28.65,26.84,4.6,3.96,3.57,3.57,3.77,3.7,3.14,2.65,2.36,2.35,2.51,2.45,1.55,0.6,-0.01,6.82,4.48,0.09,0.1,0.11,0.11,1.01,0.2,-0.04,6.3,4.04,11700.08,26.2,31.72,38.58,38.96,4091.16,4664.18,5498.6,7763.35,193.67,223.46,184.27,252.78,299.47,333.77,441.75,664.6,45.48,40.44,30.84,27.92,570.61,725.14,854.42,1140.7,0.14,0.15,0.15,0.16,13.98,12.78,11.97,13.77,14.62,21.0,17.29,14.86,20.11,18.13,21.59,24.24,16.75,21.19,21.66,867.62,35.89,34.37,6.19,5.56,4.07,4.78,4.88,4.86,2.84,2.41,2.15,2.24,2.28,2.28,0.48,0.41,0.29,3.33,2.3,0.08,0.09,0.09,0.1,0.09,0.54,0.47,4.8,5.1
AUTOMOTIVE AXLES,AUTOMOBILE,AUTO ANCILLARIES,SMALL CAP,AUTOAXLES,1793.3,2712.9,116.71,118.2,133.2,,2177.73,2234.0,2404.0,,,,,,176.36,178.6,201.3,,15.37,15.17,13.46,,237.06,248.0,262.5,,0.11,0.11,0.11,,2.58,7.61,,5.07,,4.61,5.85,,5.23,,1.28,12.69,,6.83,,14.32,14.32,,,,,,,1.25,1.21,1.13,,1.17,1.17,0.22,-0.18,,0.15,,0.08,0.08,0.08,,-0.1,0.38,,1.68,,11700.08,26.2,31.72,38.58,38.96,4091.16,4664.18,5498.6,7763.35,193.67,223.46,184.27,252.78,299.47,333.77,441.75,664.6,45.48,40.44,30.84,27.92,570.61,725.14,854.42,1140.7,0.14,0.15,0.15,0.16,13.98,12.78,11.97,13.77,14.62,21.0,17.29,14.86,20.11,18.13,21.59,24.24,16.75,21.19,21.66,867.62,35.89,34.37,6.19,5.56,4.07,4.78,4.88,4.86,2.84,2.41,2.15,2.24,2.28,2.28,0.48,0.41,0.29,3.33,2.3,0.08,0.09,0.09,0.1,0.09,0.54,0.47,4.8,5.1
DIVGI TORQTRANSFER SYSTEMS,AUTOMOBILE,AUTO ANCILLARIES,SMALL CAP,DIVGIITTS,856.7,2349.23,15.34,22.7,25.4,,352.89,456.0,493.3,,,231.1,,253.2,46.93,69.4,77.7,,55.85,37.74,33.73,,70.01,106.1,109.3,,0.2,0.23,0.22,,29.22,8.18,,18.23,,51.54,3.02,,24.95,,47.98,11.89,,28.68,,35.73,35.73,,3.71,,3.38,3.71,3.55,6.66,5.15,4.76,,4.96,4.96,3.43,-1.11,,5.68,,0.13,0.15,0.16,,1.92,0.53,,8.83,,11700.08,26.2,31.72,38.58,38.96,4091.16,4664.18,5498.6,7763.35,193.67,223.46,184.27,252.78,299.47,333.77,441.75,664.6,45.48,40.44,30.84,27.92,570.61,725.14,854.42,1140.7,0.14,0.15,0.15,0.16,13.98,12.78,11.97,13.77,14.62,21.0,17.29,14.86,20.11,18.13,21.59,24.24,16.75,21.19,21.66,867.62,35.89,34.37,6.19,5.56,4.07,4.78,4.88,4.86,2.84,2.41,2.15,2.24,2.28,2.28,0.48,0.41,0.29,3.33,2.3,0.08,0.09,0.09,0.1,0.09,0.54,0.47,4.8,5.1
SWARAJ ENGINES,AUTOMOBILE,AUTO ANCILLARIES,SMALL CAP,SWARAJENG,3927.6,4571.63,164.36,159.6,170.4,,2007.13,2150.9,2259.7,,402.49,446.0,,494.3,199.71,193.8,206.9,,23.9,24.61,23.05,,272.12,273.7,287.5,,0.14,0.13,0.13,,7.16,5.06,,6.11,,0.58,5.04,,2.79,,-2.9,6.77,,1.82,,23.83,23.83,9.76,8.81,,7.95,8.81,8.38,2.28,2.13,2.02,,2.07,2.07,-0.83,-0.0,,-3.13,,0.1,0.09,0.09,,-0.94,0.15,,-4.07,,11700.08,26.2,31.72,38.58,38.96,4091.16,4664.18,5498.6,7763.35,193.67,223.46,184.27,252.78,299.47,333.77,441.75,664.6,45.48,40.44,30.84,27.92,570.61,725.14,854.42,1140.7,0.14,0.15,0.15,0.16,13.98,12.78,11.97,13.77,14.62,21.0,17.29,14.86,20.11,18.13,21.59,24.24,16.75,21.19,21.66,867.62,35.89,34.37,6.19,5.56,4.07,4.78,4.88,4.86,2.84,2.41,2.15,2.24,2.28,2.28,0.48,0.41,0.29,3.33,2.3,0.08,0.09,0.09,0.1,0.09,0.54,0.47,4.8,5.1
FIEM INDUSTRIES,AUTOMOBILE,AUTO ANCILLARIES,SMALL CAP,FIEMIND,2286.7,5925.08,76.14,94.75,109.0,131.6,2422.2,2821.5,3294.7,3811.8,393.43,419.0,586.0,490.0,200.39,249.4,286.85,346.35,30.03,24.13,20.98,17.38,320.73,388.15,453.6,533.1,0.13,0.14,0.14,0.14,16.49,16.77,15.69,16.63,16.32,21.02,16.86,17.53,18.92,18.46,24.44,15.04,20.73,19.65,20.01,22.56,20.83,5.81,5.46,3.9,4.67,4.68,4.68,2.45,2.1,1.8,1.55,1.95,1.82,0.52,0.01,0.22,1.97,1.84,0.08,0.09,0.09,0.09,0.57,-0.13,0.38,2.59,3.17,11700.08,26.2,31.72,38.58,38.96,4091.16,4664.18,5498.6,7763.35,193.67,223.46,184.27,252.78,299.47,333.77,441.75,664.6,45.48,40.44,30.84,27.92,570.61,725.14,854.42,1140.7,0.14,0.15,0.15,0.16,13.98,12.78,11.97,13.77,14.62,21.0,17.29,14.86,20.11,18.13,21.59,24.24,16.75,21.19,21.66,867.62,35.89,34.37,6.19,5.56,4.07,4.78,4.88,4.86,2.84,2.41,2.15,2.24,2.28,2.28,0.48,0.41,0.29,3.33,2.3,0.08,0.09,0.09,0.1,0.09,0.54,0.47,4.8,5.1
FEDERAL-MUL.GTZ.(INDIA),AUTOMOBILE,AUTO ANCILLARIES,SMALL CAP,FMGOETZE,454.05,2420.83,,,,,,,,,,,,,,,,,,,,,,,,,,,,,,,,,,,,,,,,,,,,,,,,,,,,,,,,,,,,,,,,,,,,,,,,11700.08,26.2,31.72,38.58,38.96,4091.16,4664.18,5498.6,7763.35,193.67,223.46,184.27,252.78,299.47,333.77,441.75,664.6,45.48,40.44,30.84,27.92,570.61,725.14,854.42,1140.7,0.14,0.15,0.15,0.16,13.98,12.78,11.97,13.77,14.62,21.0,17.29,14.86,20.11,18.13,21.59,24.24,16.75,21.19,21.66,867.62,35.89,34.37,6.19,5.56,4.07,4.78,4.88,4.86,2.84,2.41,2.15,2.24,2.28,2.28,0.48,0.41,0.29,3.33,2.3,0.08,0.09,0.09,0.1,0.09,0.54,0.47,4.8,5.1
IGARASHI MOTORS INDIA,AUTOMOBILE,AUTO ANCILLARIES,SMALL CAP,IGARASHI,414.3,1213.68,,,,,,,,,,,,,,,,,,,,,,,,,,,,,,,,,,,,,,,,,,,,,,,,,,,,,,,,,,,,,,,,,,,,,,,,11700.08,26.2,31.72,38.58,38.96,4091.16,4664.18,5498.6,7763.35,193.67,223.46,184.27,252.78,299.47,333.77,441.75,664.6,45.48,40.44,30.84,27.92,570.61,725.14,854.42,1140.7,0.14,0.15,0.15,0.16,13.98,12.78,11.97,13.77,14.62,21.0,17.29,14.86,20.11,18.13,21.59,24.24,16.75,21.19,21.66,867.62,35.89,34.37,6.19,5.56,4.07,4.78,4.88,4.86,2.84,2.41,2.15,2.24,2.28,2.28,0.48,0.41,0.29,3.33,2.3,0.08,0.09,0.09,0.1,0.09,0.54,0.47,4.8,5.1
RICO AUTO INDS.,AUTOMOBILE,AUTO ANCILLARIES,SMALL CAP,RICOAUTO,145.28,1617.6,,,,,,,,,,,,,,,,,,,,,,,,,,,,,,,,,,,,,,,,,,,,,,,,,,,,,,,,,,,,,,,,,,,,,,,,11700.08,26.2,31.72,38.58,38.96,4091.16,4664.18,5498.6,7763.35,193.67,223.46,184.27,252.78,299.47,333.77,441.75,664.6,45.48,40.44,30.84,27.92,570.61,725.14,854.42,1140.7,0.14,0.15,0.15,0.16,13.98,12.78,11.97,13.77,14.62,21.0,17.29,14.86,20.11,18.13,21.59,24.24,16.75,21.19,21.66,867.62,35.89,34.37,6.19,5.56,4.07,4.78,4.88,4.86,2.84,2.41,2.15,2.24,2.28,2.28,0.48,0.41,0.29,3.33,2.3,0.08,0.09,0.09,0.1,0.09,0.54,0.47,4.8,5.1
WHEELS INDIA,AUTOMOBILE,AUTO ANCILLARIES,SMALL CAP,WHEELS,1553.4,3910.5,,,,,,,,,,,,,,,,,,,,,,,,,,,,,,,,,,,,,,,,,,,,,,,,,,,,,,,,,,,,,,,,,,,,,,,,11700.08,26.2,31.72,38.58,38.96,4091.16,4664.18,5498.6,7763.35,193.67,223.46,184.27,252.78,299.47,333.77,441.75,664.6,45.48,40.44,30.84,27.92,570.61,725.14,854.42,1140.7,0.14,0.15,0.15,0.16,13.98,12.78,11.97,13.77,14.62,21.0,17.29,14.86,20.11,18.13,21.59,24.24,16.75,21.19,21.66,867.62,35.89,34.37,6.19,5.56,4.07,4.78,4.88,4.86,2.84,2.41,2.15,2.24,2.28,2.28,0.48,0.41,0.29,3.33,2.3,0.08,0.09,0.09,0.1,0.09,0.54,0.47,4.8,5.1
EXIDE INDUSTRIES,AUTOMOBILE,BATTERIES,MID CAP,EXIDEIND,380.75,31131.24,13.17,14.63,16.86,18.98,17268.92,18859.16,20308.83,21488.76,172.63,186.75,212.79,200.77,1120.37,1247.06,1433.14,1653.03,28.91,26.02,22.58,20.06,2001.89,2170.83,2435.22,2625.04,0.12,0.12,0.12,0.12,9.21,7.69,5.81,8.45,7.56,8.44,12.18,7.79,10.29,9.45,11.09,15.26,12.54,13.16,12.95,24.3,22.89,2.21,2.04,1.79,1.9,1.91,1.91,1.8,1.65,1.53,1.45,1.59,1.54,-0.08,0.48,0.22,1.7,1.76,0.06,0.07,0.07,0.08,0.12,0.44,0.64,4.29,5.84,16276.45,16.91,14.63,16.86,39.25,13548.86,14722.77,15988.96,18889.53,129.17,186.75,390.31,200.77,711.29,952.36,1063.93,1371.24,21.81,25.98,21.96,17.13,1544.23,1832.37,2037.88,2372.92,0.11,0.12,0.13,0.13,9.16,8.34,3.85,8.63,6.95,18.66,12.18,5.93,14.88,10.3,11.09,15.26,6.54,13.16,14.11,380.75,23.97,22.89,3.25,2.04,1.64,1.9,1.91,1.91,1.58,1.45,1.34,1.22,1.39,1.39,1.05,0.48,0.25,5.75,3.15,0.06,0.06,0.07,0.07,0.12,0.44,0.33,4.29,7.12
AMARA RAJA BATTERIES,AUTOMOBILE,BATTERIES,SMALL CAP,ARE&M,844.65,16276.45,38.86,52.82,59.2,59.52,13548.86,14722.77,15988.96,16290.3,,489.36,567.83,538.75,711.29,952.36,1063.93,1089.45,21.74,15.99,14.27,14.19,1544.23,1832.37,2037.88,2120.8,0.11,0.12,0.13,0.13,8.66,8.6,1.88,8.63,6.33,18.66,11.22,4.07,14.88,11.16,35.92,12.09,0.54,23.43,15.27,15.13,14.82,,1.73,1.49,1.57,1.61,1.59,1.2,1.11,1.02,1.0,1.06,1.04,1.05,0.3,0.27,5.75,4.53,0.05,0.06,0.07,0.07,1.22,0.19,0.03,12.58,8.4,16276.45,16.91,14.63,16.86,39.25,13548.86,14722.77,15988.96,18889.53,129.17,186.75,390.31,200.77,711.29,952.36,1063.93,1371.24,21.81,25.98,21.96,17.13,1544.23,1832.37,2037.88,2372.92,0.11,0.12,0.13,0.13,9.16,8.34,3.85,8.63,6.95,18.66,12.18,5.93,14.88,10.3,11.09,15.26,6.54,13.16,14.11,380.75,23.97,22.89,3.25,2.04,1.64,1.9,1.91,1.91,1.58,1.45,1.34,1.22,1.39,1.39,1.05,0.48,0.25,5.75,3.15,0.06,0.06,0.07,0.07,0.12,0.44,0.33,4.29,7.12
EVEREADY INDS.(INDIA),AUTOMOBILE,BATTERIES,SMALL CAP,EVEREADY,368.85,2303.82,16.91,14.2,16.8,,1455.39,1588.7,1721.2,,85.7,82.0,,95.9,122.96,103.1,122.3,,21.81,25.98,21.96,,118.61,199.0,224.3,,0.08,0.13,0.13,,9.16,8.34,,8.75,,67.78,12.71,,37.52,,-16.03,18.31,,-0.33,,23.97,23.97,4.3,4.5,,3.85,4.5,4.17,1.58,1.45,1.34,,1.39,1.39,4.38,0.51,,26.45,,0.08,0.06,0.07,,-1.96,0.62,,-8.29,,16276.45,16.91,14.63,16.86,39.25,13548.86,14722.77,15988.96,18889.53,129.17,186.75,390.31,200.77,711.29,952.36,1063.93,1371.24,21.81,25.98,21.96,17.13,1544.23,1832.37,2037.88,2372.92,0.11,0.12,0.13,0.13,9.16,8.34,3.85,8.63,6.95,18.66,12.18,5.93,14.88,10.3,11.09,15.26,6.54,13.16,14.11,380.75,23.97,22.89,3.25,2.04,1.64,1.9,1.91,1.91,1.58,1.45,1.34,1.22,1.39,1.39,1.05,0.48,0.25,5.75,3.15,0.06,0.06,0.07,0.07,0.12,0.44,0.33,4.29,7.12
MRF,AUTOMOBILE,TYRES,MID CAP,MRF,128645.0,53930.37,5700.05,5725.98,6856.56,8483.63,30652.08,33649.07,36793.23,41175.4,48222.73,52819.87,70118.06,60810.03,2417.39,2459.64,2897.77,3597.06,22.57,22.47,18.76,15.16,4751.68,4960.48,5592.55,6588.06,0.16,0.15,0.15,0.16,9.78,9.34,11.91,9.56,10.34,4.39,12.74,17.8,8.49,11.51,0.45,19.74,23.73,9.68,14.17,20.61,18.8,2.67,2.44,1.83,2.12,2.14,2.13,1.76,1.6,1.47,1.31,1.53,1.46,-0.76,0.46,0.8,-0.98,1.06,0.08,0.07,0.08,0.09,-0.58,0.57,0.86,-0.07,3.47,19108.55,63.18,84.44,96.68,112.58,16002.32,17941.57,19699.0,22161.73,1247.47,1095.44,1709.6,1162.57,1071.77,1276.32,1565.25,2081.9,20.34,20.43,16.38,15.16,2155.22,2497.92,2948.84,3774.42,0.14,0.13,0.14,0.14,10.48,9.55,11.91,9.91,10.34,7.13,14.72,5.91,11.14,9.47,5.79,20.24,12.79,16.34,14.17,2846.85,18.4,17.09,2.67,2.45,2.02,2.13,2.19,2.17,0.89,0.81,0.77,0.74,0.79,0.77,-0.52,0.74,-0.12,0.94,1.06,0.07,0.06,0.06,0.06,-0.3,0.64,-0.09,3.87,3.47
BALKRISHNA INDUSTRIES,AUTOMOBILE,TYRES,MID CAP,BALKRISIND,2243.7,42581.96,63.2,80.98,97.77,112.58,10819.95,12502.1,14429.37,16250.34,567.27,785.36,802.63,711.36,1221.85,1566.98,1902.7,2081.9,35.5,27.71,22.95,19.93,2263.23,2796.52,3331.12,3774.42,0.21,0.22,0.23,0.23,15.55,15.42,12.62,15.48,14.52,23.56,19.12,13.31,21.32,18.59,28.14,20.73,15.15,24.38,21.22,25.33,23.53,3.96,2.86,2.8,3.15,2.83,2.94,3.94,3.41,2.95,2.62,3.18,2.99,1.45,0.72,0.14,5.06,3.55,0.11,0.13,0.13,0.13,1.24,0.65,-0.37,8.06,4.3,19108.55,63.18,84.44,96.68,112.58,16002.32,17941.57,19699.0,22161.73,1247.47,1095.44,1709.6,1162.57,1071.77,1276.32,1565.25,2081.9,20.34,20.43,16.38,15.16,2155.22,2497.92,2948.84,3774.42,0.14,0.13,0.14,0.14,10.48,9.55,11.91,9.91,10.34,7.13,14.72,5.91,11.14,9.47,5.79,20.24,12.79,16.34,14.17,2846.85,18.4,17.09,2.67,2.45,2.02,2.13,2.19,2.17,0.89,0.81,0.77,0.74,0.79,0.77,-0.52,0.74,-0.12,0.94,1.06,0.07,0.06,0.06,0.06,-0.3,0.64,-0.09,3.87,3.47
APOLLO TYRES,AUTOMOBILE,TYRES,SMALL CAP,APOLLOTYRE,425.5,24876.26,37.95,28.22,33.26,37.51,28470.6,31396.42,33370.13,35765.64,264.24,280.91,357.47,306.4,2405.93,1786.48,2107.46,2228.17,11.21,15.08,12.79,11.34,4143.23,4299.09,4847.12,5133.53,0.15,0.14,0.15,0.14,10.28,6.29,7.18,8.26,7.9,3.76,12.75,5.91,8.16,7.41,-25.63,17.85,12.79,-6.38,-0.38,13.93,13.07,1.61,1.51,1.19,1.39,1.35,1.36,0.87,0.79,0.75,0.7,0.77,0.74,-0.86,0.83,-0.17,-0.09,-0.46,0.08,0.06,0.06,0.06,-2.76,0.63,-0.09,-13.55,-9.66,19108.55,63.18,84.44,96.68,112.58,16002.32,17941.57,19699.0,22161.73,1247.47,1095.44,1709.6,1162.57,1071.77,1276.32,1565.25,2081.9,20.34,20.43,16.38,15.16,2155.22,2497.92,2948.84,3774.42,0.14,0.13,0.14,0.14,10.48,9.55,11.91,9.91,10.34,7.13,14.72,5.91,11.14,9.47,5.79,20.24,12.79,16.34,14.17,2846.85,18.4,17.09,2.67,2.45,2.02,2.13,2.19,2.17,0.89,0.81,0.77,0.74,0.79,0.77,-0.52,0.74,-0.12,0.94,1.06,0.07,0.06,0.06,0.06,-0.3,0.64,-0.09,3.87,3.47
J K TYRE & INDS.,AUTOMOBILE,TYRES,SMALL CAP,JKTYRE,401.3,11362.92,32.35,35.95,45.72,,16326.65,18070.1,19845.5,,,229.3,,264.37,921.68,985.66,1227.8,,12.4,11.16,8.78,,2031.37,2199.32,2566.55,,0.12,0.12,0.13,,10.68,9.83,,10.25,,8.27,16.7,,12.4,,11.13,27.19,,18.89,,9.97,9.97,,1.75,,1.52,1.75,1.63,0.7,0.63,0.57,,0.6,0.6,-0.27,0.76,,1.95,,0.06,0.05,0.06,,-0.19,0.73,,4.69,,19108.55,63.18,84.44,96.68,112.58,16002.32,17941.57,19699.0,22161.73,1247.47,1095.44,1709.6,1162.57,1071.77,1276.32,1565.25,2081.9,20.34,20.43,16.38,15.16,2155.22,2497.92,2948.84,3774.42,0.14,0.13,0.14,0.14,10.48,9.55,11.91,9.91,10.34,7.13,14.72,5.91,11.14,9.47,5.79,20.24,12.79,16.34,14.17,2846.85,18.4,17.09,2.67,2.45,2.02,2.13,2.19,2.17,0.89,0.81,0.77,0.74,0.79,0.77,-0.52,0.74,-0.12,0.94,1.06,0.07,0.06,0.06,0.06,-0.3,0.64,-0.09,3.87,3.47
CEAT,AUTOMOBILE,TYRES,SMALL CAP,CEATLTD,3450.0,13340.84,190.45,187.54,246.58,251.0,15678.0,17813.04,19552.49,22161.73,1247.47,1405.53,1709.6,1613.78,769.25,800.91,1018.67,1039.2,18.11,18.4,13.99,13.75,2047.2,2170.06,2549.52,2685.9,0.13,0.12,0.13,0.12,13.62,9.77,13.34,11.67,12.23,6.0,17.49,5.35,11.6,9.47,-1.53,31.49,1.79,13.79,9.64,16.19,15.38,2.77,2.45,2.02,2.14,2.24,2.2,0.85,0.75,0.68,0.6,0.72,0.68,-0.88,0.86,-0.92,-0.07,-2.45,0.05,0.04,0.05,0.05,-0.41,0.71,-0.52,3.05,-1.5,19108.55,63.18,84.44,96.68,112.58,16002.32,17941.57,19699.0,22161.73,1247.47,1095.44,1709.6,1162.57,1071.77,1276.32,1565.25,2081.9,20.34,20.43,16.38,15.16,2155.22,2497.92,2948.84,3774.42,0.14,0.13,0.14,0.14,10.48,9.55,11.91,9.91,10.34,7.13,14.72,5.91,11.14,9.47,5.79,20.24,12.79,16.34,14.17,2846.85,18.4,17.09,2.67,2.45,2.02,2.13,2.19,2.17,0.89,0.81,0.77,0.74,0.79,0.77,-0.52,0.74,-0.12,0.94,1.06,0.07,0.06,0.06,0.06,-0.3,0.64,-0.09,3.87,3.47
TVS SRICHAKRA,AUTOMOBILE,TYRES,SMALL CAP,TVSSRICHAK,4105.6,2753.93,63.17,87.9,95.6,99.2,3022.9,3296.6,3494.1,3702.1,1571.01,1628.1,1786.6,1698.8,48.36,69.4,73.2,76.0,64.99,46.71,42.95,41.39,220.46,255.3,270.1,281.7,0.07,0.08,0.08,0.08,9.05,5.99,5.95,7.51,6.99,15.8,5.8,4.29,10.69,8.51,39.15,8.76,3.77,23.02,16.23,44.83,43.68,2.61,2.52,2.3,2.42,2.41,2.41,0.91,0.84,0.79,0.74,0.81,0.79,0.45,-0.01,-0.12,2.95,1.42,0.02,0.02,0.02,0.02,0.51,-0.01,-0.04,14.43,8.67,19108.55,63.18,84.44,96.68,112.58,16002.32,17941.57,19699.0,22161.73,1247.47,1095.44,1709.6,1162.57,1071.77,1276.32,1565.25,2081.9,20.34,20.43,16.38,15.16,2155.22,2497.92,2948.84,3774.42,0.14,0.13,0.14,0.14,10.48,9.55,11.91,9.91,10.34,7.13,14.72,5.91,11.14,9.47,5.79,20.24,12.79,16.34,14.17,2846.85,18.4,17.09,2.67,2.45,2.02,2.13,2.19,2.17,0.89,0.81,0.77,0.74,0.79,0.77,-0.52,0.74,-0.12,0.94,1.06,0.07,0.06,0.06,0.06,-0.3,0.64,-0.09,3.87,3.47
TITAN COMPANY,CONSUMER GOODS,JEWELLERS,LARGE CAP,TITAN,4419.9,364211.7,58.3,69.37,84.21,98.06,87584.0,93348.27,108416.1,124194.8,176.88,234.81,374.53,297.79,5174.0,6267.49,7616.72,8903.09,75.81,63.72,52.49,45.07,8355.0,9785.07,11665.41,13377.09,0.1,0.1,0.11,0.11,6.58,16.14,14.55,11.26,12.35,17.12,19.22,14.67,18.16,16.99,18.98,21.4,16.45,20.18,18.92,58.1,53.76,24.99,18.82,11.8,14.84,15.31,15.16,4.16,3.9,3.36,2.93,3.63,3.4,0.94,0.28,0.01,6.2,4.13,0.06,0.07,0.07,0.07,0.81,0.31,0.14,9.05,6.66,5719.6,30.2,20.48,24.82,20.37,10739.1,12688.8,14459.45,39100.96,102.86,175.15,241.0,209.75,574.32,617.0,694.03,1517.25,28.51,24.3,20.25,32.26,969.01,823.35,917.95,2000.55,0.1,0.07,0.07,0.08,12.83,15.64,15.68,13.65,14.32,9.35,15.06,7.96,11.62,9.92,13.06,19.96,17.15,14.47,17.1,292.36,22.28,22.97,8.59,5.35,3.28,4.37,4.32,4.33,1.03,0.86,0.72,1.77,0.79,0.73,-0.57,0.17,-0.29,-4.99,-3.06,0.06,0.04,0.04,0.05,-0.06,0.17,-0.02,-0.71,0.52
KALYAN JEWELLERS INDIA,CONSUMER GOODS,JEWELLERS,MID CAP,KALYANKJIL,383.5,36708.74,13.45,15.78,18.93,22.44,35742.86,42790.33,50962.26,61311.91,61.09,71.67,116.86,87.84,1391.9,1638.57,1956.34,2244.1,28.51,24.3,20.25,17.09,2491.19,2724.05,3134.17,2967.9,0.07,0.06,0.06,0.05,19.72,19.1,20.31,19.41,19.71,9.35,15.06,-5.31,12.17,6.01,17.35,19.96,18.52,18.65,18.6,22.28,20.55,6.28,5.35,3.28,4.37,4.32,4.33,1.03,0.86,0.72,0.6,0.79,0.73,-0.6,-0.22,-1.31,-6.06,-11.44,0.04,0.04,0.04,0.04,-0.06,0.01,-0.18,-0.71,-2.05,5719.6,30.2,20.48,24.82,20.37,10739.1,12688.8,14459.45,39100.96,102.86,175.15,241.0,209.75,574.32,617.0,694.03,1517.25,28.51,24.3,20.25,32.26,969.01,823.35,917.95,2000.55,0.1,0.07,0.07,0.08,12.83,15.64,15.68,13.65,14.32,9.35,15.06,7.96,11.62,9.92,13.06,19.96,17.15,14.47,17.1,292.36,22.28,22.97,8.59,5.35,3.28,4.37,4.32,4.33,1.03,0.86,0.72,1.77,0.79,0.73,-0.57,0.17,-0.29,-4.99,-3.06,0.06,0.04,0.04,0.05,-0.06,0.17,-0.02,-0.71,0.52
INTERNATIONAL GEMMOLOGICAL INSTITUTE INDIA,CONSUMER GOODS,JEWELLERS,SMALL CAP,IGIL,355.75,16476.08,11.85,13.4,15.53,18.3,1229.1,1386.74,1540.27,1668.0,32.62,29.5,,36.05,531.6,617.0,694.03,790.4,30.02,26.55,22.91,19.44,736.74,823.35,917.95,1033.2,0.6,0.59,0.6,0.62,12.83,11.07,8.29,11.95,10.71,11.76,11.49,12.55,11.62,11.93,13.06,15.89,17.86,14.47,15.59,24.73,22.97,10.91,12.06,,9.87,12.06,10.96,13.41,11.88,10.7,9.88,11.29,10.82,-0.57,0.22,2.35,-0.29,1.1,0.43,0.44,0.45,0.47,1.24,0.57,2.33,2.07,3.09,5719.6,30.2,20.48,24.82,20.37,10739.1,12688.8,14459.45,39100.96,102.86,175.15,241.0,209.75,574.32,617.0,694.03,1517.25,28.51,24.3,20.25,32.26,969.01,823.35,917.95,2000.55,0.1,0.07,0.07,0.08,12.83,15.64,15.68,13.65,14.32,9.35,15.06,7.96,11.62,9.92,13.06,19.96,17.15,14.47,17.1,292.36,22.28,22.97,8.59,5.35,3.28,4.37,4.32,4.33,1.03,0.86,0.72,1.77,0.79,0.73,-0.57,0.17,-0.29,-4.99,-3.06,0.06,0.04,0.04,0.05,-0.06,0.17,-0.02,-0.71,0.52
RAJESH EXPORTS,CONSUMER GOODS,JEWELLERS,SMALL CAP,RAJESHEXPO,,3497.35,,,,,,,,,,,,,,,,,,,,,,,,,,,,,,,,,,,,,,,,,,,,,,,,,,,,,,,,,,,,,,,,,,,,,,,,5719.6,30.2,20.48,24.82,20.37,10739.1,12688.8,14459.45,39100.96,102.86,175.15,241.0,209.75,574.32,617.0,694.03,1517.25,28.51,24.3,20.25,32.26,969.01,823.35,917.95,2000.55,0.1,0.07,0.07,0.08,12.83,15.64,15.68,13.65,14.32,9.35,15.06,7.96,11.62,9.92,13.06,19.96,17.15,14.47,17.1,292.36,22.28,22.97,8.59,5.35,3.28,4.37,4.32,4.33,1.03,0.86,0.72,1.77,0.79,0.73,-0.57,0.17,-0.29,-4.99,-3.06,0.06,0.04,0.04,0.05,-0.06,0.17,-0.02,-0.71,0.52
VAIBHAV GLOBAL,CONSUMER GOODS,JEWELLERS,SMALL CAP,VAIBHAVGBL,244.33,3799.82,,,,,,,,,,,,,,,,,,,,,,,,,,,,,,,,,,,,,,,,,,,,,,,,,,,,,,,,,,,,,,,,,,,,,,,,5719.6,30.2,20.48,24.82,20.37,10739.1,12688.8,14459.45,39100.96,102.86,175.15,241.0,209.75,574.32,617.0,694.03,1517.25,28.51,24.3,20.25,32.26,969.01,823.35,917.95,2000.55,0.1,0.07,0.07,0.08,12.83,15.64,15.68,13.65,14.32,9.35,15.06,7.96,11.62,9.92,13.06,19.96,17.15,14.47,17.1,292.36,22.28,22.97,8.59,5.35,3.28,4.37,4.32,4.33,1.03,0.86,0.72,1.77,0.79,0.73,-0.57,0.17,-0.29,-4.99,-3.06,0.06,0.04,0.04,0.05,-0.06,0.17,-0.02,-0.71,0.52
SENCO GOLD,CONSUMER GOODS,JEWELLERS,SMALL CAP,SENCO,340.4,5719.6,35.08,20.48,24.82,,8430.03,9415.25,10887.77,,,196.98,,222.76,574.32,335.22,406.2,,9.7,16.62,13.72,,969.01,667.33,789.88,,0.11,0.07,0.07,,11.69,15.64,,13.65,,-31.13,18.36,,-9.71,,-41.61,21.16,,-15.89,,15.17,15.17,,1.73,,1.53,1.73,1.63,0.68,0.61,0.53,,0.57,0.57,-4.41,0.17,,-20.56,,0.07,0.04,0.04,,-3.25,0.17,,-26.0,,5719.6,30.2,20.48,24.82,20.37,10739.1,12688.8,14459.45,39100.96,102.86,175.15,241.0,209.75,574.32,617.0,694.03,1517.25,28.51,24.3,20.25,32.26,969.01,823.35,917.95,2000.55,0.1,0.07,0.07,0.08,12.83,15.64,15.68,13.65,14.32,9.35,15.06,7.96,11.62,9.92,13.06,19.96,17.15,14.47,17.1,292.36,22.28,22.97,8.59,5.35,3.28,4.37,4.32,4.33,1.03,0.86,0.72,1.77,0.79,0.73,-0.57,0.17,-0.29,-4.99,-3.06,0.06,0.04,0.04,0.05,-0.06,0.17,-0.02,-0.71,0.52
PC JEWELLER,CONSUMER GOODS,JEWELLERS,SMALL CAP,PCJEWELLER,8.91,8856.01,,,,,,,,,,,,,,,,,,,,,,,,,,,,,,,,,,,,,,,,,,,,,,,,,,,,,,,,,,,,,,,,,,,,,,,,5719.6,30.2,20.48,24.82,20.37,10739.1,12688.8,14459.45,39100.96,102.86,175.15,241.0,209.75,574.32,617.0,694.03,1517.25,28.51,24.3,20.25,32.26,969.01,823.35,917.95,2000.55,0.1,0.07,0.07,0.08,12.83,15.64,15.68,13.65,14.32,9.35,15.06,7.96,11.62,9.92,13.06,19.96,17.15,14.47,17.1,292.36,22.28,22.97,8.59,5.35,3.28,4.37,4.32,4.33,1.03,0.86,0.72,1.77,0.79,0.73,-0.57,0.17,-0.29,-4.99,-3.06,0.06,0.04,0.04,0.05,-0.06,0.17,-0.02,-0.71,0.52
P N GADGIL JEWELLERS,CONSUMER GOODS,JEWELLERS,SMALL CAP,PNGJL,552.8,7234.61,30.2,31.05,35.3,6.6,10739.1,12688.8,14459.45,16890.0,144.63,175.15,241.0,209.75,409.82,414.2,469.9,470.0,18.3,17.8,15.66,83.76,615.94,656.15,748.6,773.8,0.06,0.05,0.05,0.05,18.16,13.95,16.81,16.04,16.29,6.53,14.09,3.37,10.24,7.9,2.81,13.69,-81.3,8.11,-39.77,16.73,39.07,3.82,3.16,2.29,2.64,2.72,2.7,0.67,0.57,0.5,0.43,0.54,0.5,-0.56,0.01,-0.6,-4.99,-7.22,0.04,0.03,0.03,0.03,-0.55,-0.01,-0.47,-7.72,-9.99,5719.6,30.2,20.48,24.82,20.37,10739.1,12688.8,14459.45,39100.96,102.86,175.15,241.0,209.75,574.32,617.0,694.03,1517.25,28.51,24.3,20.25,32.26,969.01,823.35,917.95,2000.55,0.1,0.07,0.07,0.08,12.83,15.64,15.68,13.65,14.32,9.35,15.06,7.96,11.62,9.92,13.06,19.96,17.15,14.47,17.1,292.36,22.28,22.97,8.59,5.35,3.28,4.37,4.32,4.33,1.03,0.86,0.72,1.77,0.79,0.73,-0.57,0.17,-0.29,-4.99,-3.06,0.06,0.04,0.04,0.05,-0.06,0.17,-0.02,-0.71,0.52
MANOJ VAIBHAV GEMS N JEWELLERS,CONSUMER GOODS,JEWELLERS,SMALL CAP,MVGJL,147.5,758.45,,,,,,,,,,,,,,,,,,,,,,,,,,,,,,,,,,,,,,,,,,,,,,,,,,,,,,,,,,,,,,,,,,,,,,,,5719.6,30.2,20.48,24.82,20.37,10739.1,12688.8,14459.45,39100.96,102.86,175.15,241.0,209.75,574.32,617.0,694.03,1517.25,28.51,24.3,20.25,32.26,969.01,823.35,917.95,2000.55,0.1,0.07,0.07,0.08,12.83,15.64,15.68,13.65,14.32,9.35,15.06,7.96,11.62,9.92,13.06,19.96,17.15,14.47,17.1,292.36,22.28,22.97,8.59,5.35,3.28,4.37,4.32,4.33,1.03,0.86,0.72,1.77,0.79,0.73,-0.57,0.17,-0.29,-4.99,-3.06,0.06,0.04,0.04,0.05,-0.06,0.17,-0.02,-0.71,0.52
MOTISONS JEWELLERS,CONSUMER GOODS,JEWELLERS,SMALL CAP,MOTISONS,14.33,1158.03,,,,,,,,,,,,,,,,,,,,,,,,,,,,,,,,,,,,,,,,,,,,,,,,,,,,,,,,,,,,,,,,,,,,,,,,5719.6,30.2,20.48,24.82,20.37,10739.1,12688.8,14459.45,39100.96,102.86,175.15,241.0,209.75,574.32,617.0,694.03,1517.25,28.51,24.3,20.25,32.26,969.01,823.35,917.95,2000.55,0.1,0.07,0.07,0.08,12.83,15.64,15.68,13.65,14.32,9.35,15.06,7.96,11.62,9.92,13.06,19.96,17.15,14.47,17.1,292.36,22.28,22.97,8.59,5.35,3.28,4.37,4.32,4.33,1.03,0.86,0.72,1.77,0.79,0.73,-0.57,0.17,-0.29,-4.99,-3.06,0.06,0.04,0.04,0.05,-0.06,0.17,-0.02,-0.71,0.52
TBV.BHIMJI ZAVERI,CONSUMER GOODS,JEWELLERS,SMALL CAP,TBZ,188.88,925.42,,,,,,,,,,,,,,,,,,,,,,,,,,,,,,,,,,,,,,,,,,,,,,,,,,,,,,,,,,,,,,,,,,,,,,,,5719.6,30.2,20.48,24.82,20.37,10739.1,12688.8,14459.45,39100.96,102.86,175.15,241.0,209.75,574.32,617.0,694.03,1517.25,28.51,24.3,20.25,32.26,969.01,823.35,917.95,2000.55,0.1,0.07,0.07,0.08,12.83,15.64,15.68,13.65,14.32,9.35,15.06,7.96,11.62,9.92,13.06,19.96,17.15,14.47,17.1,292.36,22.28,22.97,8.59,5.35,3.28,4.37,4.32,4.33,1.03,0.86,0.72,1.77,0.79,0.73,-0.57,0.17,-0.29,-4.99,-3.06,0.06,0.04,0.04,0.05,-0.06,0.17,-0.02,-0.71,0.52
METRO BRANDS,CONSUMER GOODS,FOOTWEAR,MID CAP,METROBRAND,1037.6,28853.35,15.06,17.91,21.68,26.18,2863.63,3352.43,3907.88,4553.78,73.13,83.99,116.08,98.24,411.17,489.62,584.48,702.78,68.9,57.93,47.86,39.63,867.44,1009.37,1188.25,1426.28,0.3,0.3,0.3,0.31,17.07,16.57,16.53,16.82,16.72,16.36,17.72,20.03,17.04,18.03,18.93,21.04,20.76,19.98,20.24,52.9,48.47,14.19,12.35,8.94,10.56,10.65,10.62,10.08,8.61,7.38,6.34,8.0,7.44,-0.18,0.3,0.91,0.19,1.12,0.14,0.15,0.15,0.15,0.25,0.35,0.48,2.06,2.43,8208.64,10.56,10.88,13.78,16.41,2826.62,3001.26,3315.01,3588.31,78.71,82.43,103.34,91.73,177.02,181.66,231.79,277.12,52.17,51.61,41.25,34.56,558.55,544.15,620.08,692.3,0.19,0.19,0.2,0.2,7.92,10.61,10.78,8.69,8.94,8.57,17.05,15.42,11.8,12.14,12.23,21.82,19.31,18.41,18.41,355.85,46.43,42.47,7.07,6.7,5.21,6.04,5.95,5.98,3.5,3.29,2.97,2.68,3.13,2.98,-0.07,0.85,0.65,2.07,2.67,0.07,0.07,0.08,0.09,0.15,0.68,0.62,5.84,6.5
RELAXO FOOTWEARS,CONSUMER GOODS,FOOTWEAR,SMALL CAP,RELAXO,355.85,7505.49,6.84,6.61,8.06,9.66,2789.61,2650.1,2885.63,3167.03,84.28,80.87,90.6,85.22,170.33,163.39,200.44,240.62,52.02,53.83,44.17,36.85,382.0,347.56,405.54,468.68,0.14,0.13,0.14,0.15,-5.0,8.89,9.75,1.71,4.32,-9.02,16.68,15.57,3.04,7.05,-3.35,21.86,19.86,8.53,12.18,49.0,44.95,4.22,4.4,3.93,4.18,4.16,4.17,2.69,2.83,2.6,2.37,2.72,2.6,-0.58,0.94,0.74,1.31,2.62,0.06,0.06,0.07,0.08,0.06,0.78,0.65,6.66,7.56,8208.64,10.56,10.88,13.78,16.41,2826.62,3001.26,3315.01,3588.31,78.71,82.43,103.34,91.73,177.02,181.66,231.79,277.12,52.17,51.61,41.25,34.56,558.55,544.15,620.08,692.3,0.19,0.19,0.2,0.2,7.92,10.61,10.78,8.69,8.94,8.57,17.05,15.42,11.8,12.14,12.23,21.82,19.31,18.41,18.41,355.85,46.43,42.47,7.07,6.7,5.21,6.04,5.95,5.98,3.5,3.29,2.97,2.68,3.13,2.98,-0.07,0.85,0.65,2.07,2.67,0.07,0.07,0.08,0.09,0.15,0.68,0.62,5.84,6.5
BATA INDIA,CONSUMER GOODS,FOOTWEAR,SMALL CAP,BATAINDIA,747.7,8980.21,14.29,15.14,19.51,23.17,3488.03,3509.24,3744.39,4009.58,121.83,128.6,145.92,136.56,183.71,184.52,249.29,299.5,52.32,49.39,38.33,32.27,735.1,740.74,834.62,915.92,0.21,0.21,0.22,0.23,0.61,6.7,7.08,3.61,4.75,0.77,12.67,9.74,6.55,7.61,5.94,28.87,18.76,16.84,17.48,43.86,40.0,6.14,5.81,5.12,5.48,5.47,5.47,2.57,2.56,2.4,2.24,2.48,2.4,0.03,1.18,0.55,2.84,2.72,0.05,0.05,0.07,0.07,-0.01,1.4,0.81,12.43,12.35,8208.64,10.56,10.88,13.78,16.41,2826.62,3001.26,3315.01,3588.31,78.71,82.43,103.34,91.73,177.02,181.66,231.79,277.12,52.17,51.61,41.25,34.56,558.55,544.15,620.08,692.3,0.19,0.19,0.2,0.2,7.92,10.61,10.78,8.69,8.94,8.57,17.05,15.42,11.8,12.14,12.23,21.82,19.31,18.41,18.41,355.85,46.43,42.47,7.07,6.7,5.21,6.04,5.95,5.98,3.5,3.29,2.97,2.68,3.13,2.98,-0.07,0.85,0.65,2.07,2.67,0.07,0.07,0.08,0.09,0.15,0.68,0.62,5.84,6.5
REDTAPE,CONSUMER GOODS,FOOTWEAR,SMALL CAP,REDTAPE,134.13,8208.64,,,,,,,,,,,,,,,,,,,,,,,,,,,,,,,,,,,,,,,,,,,,,,,,,,,,,,,,,,,,,,,,,,,,,,,,8208.64,10.56,10.88,13.78,16.41,2826.62,3001.26,3315.01,3588.31,78.71,82.43,103.34,91.73,177.02,181.66,231.79,277.12,52.17,51.61,41.25,34.56,558.55,544.15,620.08,692.3,0.19,0.19,0.2,0.2,7.92,10.61,10.78,8.69,8.94,8.57,17.05,15.42,11.8,12.14,12.23,21.82,19.31,18.41,18.41,355.85,46.43,42.47,7.07,6.7,5.21,6.04,5.95,5.98,3.5,3.29,2.97,2.68,3.13,2.98,-0.07,0.85,0.65,2.07,2.67,0.07,0.07,0.08,0.09,0.15,0.68,0.62,5.84,6.5
CAMPUS ACTIVEWEAR,CONSUMER GOODS,FOOTWEAR,SMALL CAP,CAMPUS,237.45,7655.11,4.91,5.82,7.09,8.35,1774.12,2044.48,2296.64,2567.92,29.66,31.31,44.85,35.97,150.09,178.8,214.29,254.74,48.36,40.81,33.51,28.45,291.89,342.46,402.12,463.56,0.16,0.17,0.18,0.18,15.24,12.33,11.81,13.78,13.12,17.33,17.42,15.28,17.37,16.67,18.51,21.79,17.76,20.14,19.34,37.16,34.25,8.01,7.58,5.29,6.6,6.44,6.49,4.31,3.74,3.33,2.98,3.54,3.35,0.3,0.76,0.54,3.16,3.14,0.08,0.09,0.09,0.1,0.29,0.58,0.59,5.02,5.45,8208.64,10.56,10.88,13.78,16.41,2826.62,3001.26,3315.01,3588.31,78.71,82.43,103.34,91.73,177.02,181.66,231.79,277.12,52.17,51.61,41.25,34.56,558.55,544.15,620.08,692.3,0.19,0.19,0.2,0.2,7.92,10.61,10.78,8.69,8.94,8.57,17.05,15.42,11.8,12.14,12.23,21.82,19.31,18.41,18.41,355.85,46.43,42.47,7.07,6.7,5.21,6.04,5.95,5.98,3.5,3.29,2.97,2.68,3.13,2.98,-0.07,0.85,0.65,2.07,2.67,0.07,0.07,0.08,0.09,0.15,0.68,0.62,5.84,6.5
DIXON TECHNOLOGIES (INDIA),CONSUMER GOODS,ELECTRONICS,MID CAP,DIXON,12517.0,71305.59,269.35,172.36,257.84,306.2,48872.8,65913.57,83310.59,94523.17,769.16,925.23,1504.99,1185.1,1438.64,1041.9,1570.46,1850.44,46.47,72.62,48.55,40.88,1887.97,2274.72,3246.5,3809.22,0.04,0.03,0.04,0.04,34.87,26.39,13.46,30.56,24.59,20.49,42.72,17.33,31.13,26.36,-36.01,49.6,18.75,-2.16,4.37,60.58,54.02,16.27,13.53,8.32,10.56,10.92,10.8,1.46,1.08,0.86,0.75,0.97,0.9,-0.41,0.45,0.13,0.44,1.42,0.03,0.02,0.02,0.02,-1.36,0.3,0.07,-19.98,-12.71,20366.24,17.16,23.1,32.16,45.22,3626.35,5200.34,7080.99,9251.51,417.94,174.64,344.13,218.88,216.72,407.75,537.9,720.17,77.74,61.83,40.06,31.67,544.51,680.57,898.97,1154.3,0.1,0.11,0.11,0.11,32.13,27.22,17.46,30.56,27.29,37.39,36.06,28.4,32.44,29.0,30.18,39.73,32.09,34.31,33.57,1744.6,50.95,44.52,5.47,5.51,4.16,4.85,4.83,4.84,2.72,2.16,1.73,1.53,1.94,1.81,0.08,0.45,0.32,5.3,4.72,0.06,0.06,0.07,0.07,0.2,0.6,0.47,6.65,7.4
KAYNES TECHNOLOGY INDIA,CONSUMER GOODS,ELECTRONICS,MID CAP,KAYNES,3253.1,22114.73,54.84,70.8,98.92,130.67,3626.35,5200.34,7080.99,9251.51,708.34,797.11,1060.8,903.57,366.47,489.68,658.37,883.89,59.32,45.95,32.88,24.9,574.06,807.06,1128.33,1499.03,0.16,0.16,0.16,0.16,43.4,36.16,30.65,39.74,36.64,40.59,39.81,32.85,40.2,37.71,29.1,39.73,32.09,34.31,33.57,39.42,34.58,4.59,4.08,3.07,3.6,3.57,3.58,6.1,4.25,3.12,2.39,3.69,3.26,-0.31,0.42,0.27,0.33,0.78,0.1,0.09,0.09,0.1,-0.69,-0.12,0.26,-4.08,-1.85,20366.24,17.16,23.1,32.16,45.22,3626.35,5200.34,7080.99,9251.51,417.94,174.64,344.13,218.88,216.72,407.75,537.9,720.17,77.74,61.83,40.06,31.67,544.51,680.57,898.97,1154.3,0.1,0.11,0.11,0.11,32.13,27.22,17.46,30.56,27.29,37.39,36.06,28.4,32.44,29.0,30.18,39.73,32.09,34.31,33.57,1744.6,50.95,44.52,5.47,5.51,4.16,4.85,4.83,4.84,2.72,2.16,1.73,1.53,1.94,1.81,0.08,0.45,0.32,5.3,4.72,0.06,0.06,0.07,0.07,0.2,0.6,0.47,6.65,7.4
SYRMA SGS TECHNOLOGY,CONSUMER GOODS,ELECTRONICS,SMALL CAP,SYRMA,1334.0,20366.24,17.16,21.39,28.33,37.97,4819.06,6367.64,8256.27,10311.85,,174.64,243.44,202.54,322.35,407.75,537.9,720.17,77.74,62.36,47.09,35.13,544.51,680.57,898.97,1154.3,0.11,0.11,0.11,0.11,32.13,29.66,24.9,30.89,28.86,24.99,32.09,28.4,28.49,28.46,24.66,32.44,34.02,28.49,30.31,54.72,48.19,,7.64,5.48,6.59,6.56,6.57,4.23,3.2,2.47,1.98,2.83,2.55,-0.61,0.2,0.31,-1.83,-0.31,0.07,0.06,0.07,0.07,-0.29,0.11,0.47,-1.31,1.45,20366.24,17.16,23.1,32.16,45.22,3626.35,5200.34,7080.99,9251.51,417.94,174.64,344.13,218.88,216.72,407.75,537.9,720.17,77.74,61.83,40.06,31.67,544.51,680.57,898.97,1154.3,0.1,0.11,0.11,0.11,32.13,27.22,17.46,30.56,27.29,37.39,36.06,28.4,32.44,29.0,30.18,39.73,32.09,34.31,33.57,1744.6,50.95,44.52,5.47,5.51,4.16,4.85,4.83,4.84,2.72,2.16,1.73,1.53,1.94,1.81,0.08,0.45,0.32,5.3,4.72,0.06,0.06,0.07,0.07,0.2,0.6,0.47,6.65,7.4
AMBER ENTERPRISES INDIA,CONSUMER GOODS,ELECTRONICS,SMALL CAP,AMBER,7889.0,25752.69,61.34,127.58,196.92,249.08,12186.48,15276.69,18678.99,21940.21,1243.0,1432.85,1894.9,1627.63,216.72,465.74,712.73,907.54,128.61,61.83,40.06,31.67,952.32,1206.26,1618.5,2044.51,0.08,0.08,0.09,0.09,25.36,22.27,17.46,23.8,21.65,26.67,34.18,26.32,30.37,29.0,107.99,54.35,26.49,79.17,59.54,50.95,44.52,6.35,5.51,4.16,4.85,4.83,4.84,2.11,1.69,1.38,1.17,1.53,1.41,0.08,0.77,0.65,5.3,6.04,0.02,0.03,0.04,0.04,1.27,0.77,0.32,46.48,32.5,20366.24,17.16,23.1,32.16,45.22,3626.35,5200.34,7080.99,9251.51,417.94,174.64,344.13,218.88,216.72,407.75,537.9,720.17,77.74,61.83,40.06,31.67,544.51,680.57,898.97,1154.3,0.1,0.11,0.11,0.11,32.13,27.22,17.46,30.56,27.29,37.39,36.06,28.4,32.44,29.0,30.18,39.73,32.09,34.31,33.57,1744.6,50.95,44.52,5.47,5.51,4.16,4.85,4.83,4.84,2.72,2.16,1.73,1.53,1.94,1.81,0.08,0.45,0.32,5.3,4.72,0.06,0.06,0.07,0.07,0.2,0.6,0.47,6.65,7.4
CYIENT DLM,CONSUMER GOODS,ELECTRONICS,SMALL CAP,CYIENTDLM,473.65,3430.53,9.23,12.02,16.35,19.86,1261.49,1591.72,1982.75,2236.2,127.53,141.29,176.45,158.3,73.28,95.72,131.15,163.57,51.32,39.42,28.96,23.85,126.82,174.24,222.46,258.16,0.1,0.11,0.11,0.12,26.18,24.57,12.78,25.37,21.03,37.39,27.67,16.05,32.44,26.74,30.18,36.1,21.46,33.11,29.11,34.19,30.74,3.71,3.35,2.68,2.99,3.02,3.01,2.72,2.16,1.73,1.53,1.94,1.81,0.89,0.27,0.32,5.64,4.72,0.06,0.06,0.07,0.07,0.2,0.6,0.7,6.71,7.98,20366.24,17.16,23.1,32.16,45.22,3626.35,5200.34,7080.99,9251.51,417.94,174.64,344.13,218.88,216.72,407.75,537.9,720.17,77.74,61.83,40.06,31.67,544.51,680.57,898.97,1154.3,0.1,0.11,0.11,0.11,32.13,27.22,17.46,30.56,27.29,37.39,36.06,28.4,32.44,29.0,30.18,39.73,32.09,34.31,33.57,1744.6,50.95,44.52,5.47,5.51,4.16,4.85,4.83,4.84,2.72,2.16,1.73,1.53,1.94,1.81,0.08,0.45,0.32,5.3,4.72,0.06,0.06,0.07,0.07,0.2,0.6,0.47,6.65,7.4
AVALON TECHNOLOGIES,CONSUMER GOODS,ELECTRONICS,SMALL CAP,AVALON,1744.6,9756.53,16.86,23.1,32.16,45.22,1603.2,2070.55,2661.9,3306.37,108.09,132.16,344.13,218.88,112.95,153.2,213.31,288.58,103.48,75.52,54.24,38.58,173.33,242.91,330.51,446.41,0.11,0.12,0.12,0.14,29.15,28.56,24.21,28.85,27.29,40.14,36.06,35.07,38.09,37.07,37.02,39.23,40.59,38.12,38.94,64.88,56.11,16.14,13.2,5.07,7.97,9.13,8.75,6.09,4.71,3.67,2.95,4.19,3.78,0.92,0.68,1.09,7.16,7.69,0.07,0.07,0.08,0.09,0.35,0.61,0.71,6.65,7.4,20366.24,17.16,23.1,32.16,45.22,3626.35,5200.34,7080.99,9251.51,417.94,174.64,344.13,218.88,216.72,407.75,537.9,720.17,77.74,61.83,40.06,31.67,544.51,680.57,898.97,1154.3,0.1,0.11,0.11,0.11,32.13,27.22,17.46,30.56,27.29,37.39,36.06,28.4,32.44,29.0,30.18,39.73,32.09,34.31,33.57,1744.6,50.95,44.52,5.47,5.51,4.16,4.85,4.83,4.84,2.72,2.16,1.73,1.53,1.94,1.81,0.08,0.45,0.32,5.3,4.72,0.06,0.06,0.07,0.07,0.2,0.6,0.47,6.65,7.4
EPACK DURABLE,CONSUMER GOODS,ELECTRONICS,SMALL CAP,EPACK,230.39,2263.78,0.34,6.35,11.2,20.3,1894.46,2719.14,3459.28,3979.9,99.8,108.86,140.8,120.82,3.26,64.64,110.48,195.1,677.62,36.28,20.57,11.35,113.92,206.74,286.54,380.3,0.06,0.08,0.08,0.1,43.53,27.22,15.05,35.13,28.07,81.48,38.6,32.72,58.6,49.46,1767.65,76.38,81.25,473.94,290.85,28.43,22.73,2.31,2.12,1.64,1.91,1.88,1.89,1.19,0.83,0.65,0.57,0.74,0.69,1.59,0.68,1.27,17.37,16.69,0.0,0.02,0.03,0.05,2.21,0.82,1.71,330.89,205.45,20366.24,17.16,23.1,32.16,45.22,3626.35,5200.34,7080.99,9251.51,417.94,174.64,344.13,218.88,216.72,407.75,537.9,720.17,77.74,61.83,40.06,31.67,544.51,680.57,898.97,1154.3,0.1,0.11,0.11,0.11,32.13,27.22,17.46,30.56,27.29,37.39,36.06,28.4,32.44,29.0,30.18,39.73,32.09,34.31,33.57,1744.6,50.95,44.52,5.47,5.51,4.16,4.85,4.83,4.84,2.72,2.16,1.73,1.53,1.94,1.81,0.08,0.45,0.32,5.3,4.72,0.06,0.06,0.07,0.07,0.2,0.6,0.47,6.65,7.4
VOLTAS,CONSUMER GOODS,AIR CONDITIONERS,MID CAP,VOLTAS,1343.4,42054.23,12.16,26.46,35.28,40.85,14244.5,17215.0,19945.33,22402.56,192.7,219.28,258.82,245.89,402.37,913.78,1206.58,1349.89,110.48,50.76,38.08,32.89,646.9,1154.62,1489.63,1662.04,0.05,0.07,0.07,0.07,20.85,15.86,12.32,18.33,16.29,78.48,29.02,11.57,51.75,36.96,117.64,33.31,15.78,70.33,49.77,44.42,40.58,6.97,6.13,5.19,5.46,5.66,5.59,2.95,2.44,2.11,1.88,2.28,2.14,2.17,0.76,-0.05,28.24,17.77,0.03,0.05,0.06,0.06,2.48,0.74,-0.02,46.34,28.73,33735.69,19.84,29.82,38.43,44.15,12401.99,15903.13,18426.27,20661.53,180.05,205.84,256.2,234.89,484.44,796.81,1040.21,1159.83,85.54,50.53,39.1,34.02,646.9,1127.39,1416.8,1574.25,0.05,0.07,0.08,0.08,19.25,15.87,12.11,17.54,15.71,48.37,25.59,11.09,35.97,26.93,69.06,29.32,14.96,46.61,34.83,1505.85,44.82,41.22,8.47,7.4,5.88,6.46,6.64,6.58,2.72,2.38,2.05,1.83,2.21,2.09,1.1,0.59,-0.07,15.59,9.66,0.04,0.05,0.06,0.06,1.29,0.63,-0.03,26.36,16.32
BLUE STAR,CONSUMER GOODS,AIR CONDITIONERS,MID CAP,BLUESTARCO,1668.3,33735.69,27.53,33.17,41.57,47.45,12401.99,14591.26,16907.21,18920.5,167.4,192.39,253.58,223.9,566.51,679.85,873.85,969.77,60.6,50.3,40.13,35.16,930.4,1100.17,1343.98,1486.46,0.08,0.08,0.08,0.08,17.65,15.87,11.91,16.76,15.12,18.25,22.16,10.6,20.19,16.9,20.48,25.33,14.14,22.88,19.9,45.21,41.86,9.97,8.67,6.58,7.45,7.63,7.57,2.72,2.31,2.0,1.78,2.15,2.03,0.04,0.41,-0.09,2.94,1.55,0.05,0.05,0.05,0.05,0.09,0.51,-0.04,6.37,3.91,33735.69,19.84,29.82,38.43,44.15,12401.99,15903.13,18426.27,20661.53,180.05,205.84,256.2,234.89,484.44,796.81,1040.21,1159.83,85.54,50.53,39.1,34.02,646.9,1127.39,1416.8,1574.25,0.05,0.07,0.08,0.08,19.25,15.87,12.11,17.54,15.71,48.37,25.59,11.09,35.97,26.93,69.06,29.32,14.96,46.61,34.83,1505.85,44.82,41.22,8.47,7.4,5.88,6.46,6.64,6.58,2.72,2.38,2.05,1.83,2.21,2.09,1.1,0.59,-0.07,15.59,9.66,0.04,0.05,0.06,0.06,1.29,0.63,-0.03,26.36,16.32
JOHNSON CONTR.,CONSUMER GOODS,AIR CONDITIONERS,SMALL CAP,JCHAC,,3727.33,,,,,2698.69,,,,,,,,,,,,,,,,67.5,,,,0.03,,,,,,,,,,,,,,,,,,,,,,,,,,,1.38,,,,,,,,,,,,,,,,,,,,33735.69,19.84,29.82,38.43,44.15,12401.99,15903.13,18426.27,20661.53,180.05,205.84,256.2,234.89,484.44,796.81,1040.21,1159.83,85.54,50.53,39.1,34.02,646.9,1127.39,1416.8,1574.25,0.05,0.07,0.08,0.08,19.25,15.87,12.11,17.54,15.71,48.37,25.59,11.09,35.97,26.93,69.06,29.32,14.96,46.61,34.83,1505.85,44.82,41.22,8.47,7.4,5.88,6.46,6.64,6.58,2.72,2.38,2.05,1.83,2.21,2.09,1.1,0.59,-0.07,15.59,9.66,0.04,0.05,0.06,0.06,1.29,0.63,-0.03,26.36,16.32
CRMPTN.GREAVES CSM.ELEC,CONSUMER GOODS,APPLIANCES,SMALL CAP,CROMPTON,275.25,18612.36,7.98,9.68,11.66,12.92,8095.52,9218.45,10396.23,11580.78,46.07,57.29,68.2,64.09,514.27,625.63,754.0,824.15,34.49,28.42,23.61,21.31,827.36,982.19,1146.58,1254.19,0.1,0.11,0.11,0.11,13.87,12.78,11.39,13.32,12.68,18.71,16.74,9.38,17.72,14.87,21.37,20.35,10.8,20.86,17.41,26.02,24.45,5.97,4.8,4.04,4.29,4.42,4.38,2.3,2.02,1.79,1.61,1.9,1.81,0.43,0.37,-0.2,3.88,1.95,0.06,0.07,0.07,0.07,0.43,0.47,-0.14,6.85,3.86,7022.84,10.44,14.59,17.31,20.39,2709.06,3076.52,3488.34,3984.76,108.32,113.2,119.0,127.56,187.94,218.27,287.1,412.02,36.4,28.42,22.59,19.57,313.29,366.32,453.11,612.96,0.11,0.12,0.13,0.16,11.88,12.78,11.86,11.4,11.66,16.93,21.76,10.6,20.25,16.91,17.98,22.65,15.38,21.88,19.16,390.2,25.93,24.45,3.98,3.51,3.61,3.23,3.51,3.37,2.36,2.16,1.92,1.94,2.06,1.94,0.48,0.7,-0.09,6.55,4.06,0.06,0.07,0.08,0.1,0.36,0.66,0.33,8.42,4.27
WHIRLPOOL OF INDIA,CONSUMER GOODS,APPLIANCES,SMALL CAP,WHIRLPOOL,794.95,10848.81,25.43,32.56,39.85,44.25,8034.2,8988.62,9930.64,10637.67,328.95,350.57,425.88,380.94,322.68,413.84,513.79,541.45,31.26,24.41,19.95,17.96,481.14,613.35,746.82,788.5,0.06,0.07,0.08,0.07,11.88,10.48,7.12,11.18,9.81,27.48,21.76,5.58,24.59,17.9,28.06,22.36,11.06,25.18,20.28,22.18,20.78,2.42,2.27,1.87,2.09,2.07,2.07,1.35,1.21,1.09,1.02,1.15,1.11,0.83,0.7,-0.11,12.06,7.37,0.04,0.05,0.05,0.05,0.59,0.57,-0.08,13.5,8.22,7022.84,10.44,14.59,17.31,20.39,2709.06,3076.52,3488.34,3984.76,108.32,113.2,119.0,127.56,187.94,218.27,287.1,412.02,36.4,28.42,22.59,19.57,313.29,366.32,453.11,612.96,0.11,0.12,0.13,0.16,11.88,12.78,11.86,11.4,11.66,16.93,21.76,10.6,20.25,16.91,17.98,22.65,15.38,21.88,19.16,390.2,25.93,24.45,3.98,3.51,3.61,3.23,3.51,3.37,2.36,2.16,1.92,1.94,2.06,1.94,0.48,0.7,-0.09,6.55,4.06,0.06,0.07,0.08,0.1,0.36,0.66,0.33,8.42,4.27
CELLO WORLD,CONSUMER GOODS,APPLIANCES,SMALL CAP,CELLO,390.2,8839.81,15.5,14.59,17.31,20.13,2136.39,2294.69,2584.44,2900.24,98.12,113.2,145.14,127.56,338.82,319.06,383.94,447.0,25.17,26.75,22.54,19.38,510.38,475.79,557.14,644.77,0.24,0.21,0.22,0.22,7.41,12.63,12.22,9.99,10.73,-6.78,17.1,15.73,4.48,8.1,-5.9,18.7,16.26,5.69,9.1,24.64,22.89,3.98,3.45,2.69,3.06,3.07,3.06,4.14,3.85,3.42,3.05,3.64,3.44,-3.16,0.82,0.67,-5.01,-2.37,0.16,0.14,0.15,0.15,-1.96,0.95,0.56,-3.21,-0.95,7022.84,10.44,14.59,17.31,20.39,2709.06,3076.52,3488.34,3984.76,108.32,113.2,119.0,127.56,187.94,218.27,287.1,412.02,36.4,28.42,22.59,19.57,313.29,366.32,453.11,612.96,0.11,0.12,0.13,0.16,11.88,12.78,11.86,11.4,11.66,16.93,21.76,10.6,20.25,16.91,17.98,22.65,15.38,21.88,19.16,390.2,25.93,24.45,3.98,3.51,3.61,3.23,3.51,3.37,2.36,2.16,1.92,1.94,2.06,1.94,0.48,0.7,-0.09,6.55,4.06,0.06,0.07,0.08,0.1,0.36,0.66,0.33,8.42,4.27
V-GUARD INDUSTRIES,CONSUMER GOODS,APPLIANCES,SMALL CAP,VGUARD,311.25,13735.29,7.51,9.3,11.33,12.35,5965.78,6747.21,7598.78,8473.17,54.33,61.73,79.4,70.1,330.44,407.13,494.74,538.4,41.44,33.47,27.47,25.2,526.76,639.34,761.73,827.62,0.09,0.09,0.1,0.1,13.1,12.62,11.51,12.86,12.41,21.37,19.14,8.65,20.25,16.25,23.83,21.82,9.01,22.82,18.03,30.47,28.71,5.73,5.04,3.92,4.44,4.48,4.47,2.3,2.04,1.81,1.62,1.92,1.82,0.65,0.55,-0.26,6.55,3.42,0.06,0.06,0.07,0.06,0.5,0.48,-0.16,8.42,4.68,7022.84,10.44,14.59,17.31,20.39,2709.06,3076.52,3488.34,3984.76,108.32,113.2,119.0,127.56,187.94,218.27,287.1,412.02,36.4,28.42,22.59,19.57,313.29,366.32,453.11,612.96,0.11,0.12,0.13,0.16,11.88,12.78,11.86,11.4,11.66,16.93,21.76,10.6,20.25,16.91,17.98,22.65,15.38,21.88,19.16,390.2,25.93,24.45,3.98,3.51,3.61,3.23,3.51,3.37,2.36,2.16,1.92,1.94,2.06,1.94,0.48,0.7,-0.09,6.55,4.06,0.06,0.07,0.08,0.1,0.36,0.66,0.33,8.42,4.27
TTK PRESTIGE,CONSUMER GOODS,APPLIANCES,SMALL CAP,TTKPRESTIG,541.3,7022.84,13.71,16.18,20.62,,2973.57,3248.58,3530.35,,144.57,154.2,,167.5,187.94,218.27,287.1,,39.48,33.47,26.24,,275.7,321.42,397.72,,0.09,0.1,0.11,,9.25,8.67,,8.96,,16.59,23.74,,20.11,,17.98,27.51,,22.65,,29.86,29.86,3.74,3.51,,3.23,3.51,3.37,2.36,2.16,1.99,,2.08,2.08,0.62,1.37,,10.23,,0.06,0.07,0.08,,0.4,1.41,,13.43,,7022.84,10.44,14.59,17.31,20.39,2709.06,3076.52,3488.34,3984.76,108.32,113.2,119.0,127.56,187.94,218.27,287.1,412.02,36.4,28.42,22.59,19.57,313.29,366.32,453.11,612.96,0.11,0.12,0.13,0.16,11.88,12.78,11.86,11.4,11.66,16.93,21.76,10.6,20.25,16.91,17.98,22.65,15.38,21.88,19.16,390.2,25.93,24.45,3.98,3.51,3.61,3.23,3.51,3.37,2.36,2.16,1.92,1.94,2.06,1.94,0.48,0.7,-0.09,6.55,4.06,0.06,0.07,0.08,0.1,0.36,0.66,0.33,8.42,4.27
DOMS INDUSTRIES,CONSUMER GOODS,APPLIANCES,SMALL CAP,DOMS,2274.1,13367.82,37.79,44.3,56.13,68.36,2326.37,2780.62,3342.1,3909.6,200.98,243.64,333.1,284.2,230.18,271.2,344.02,428.9,60.18,51.34,40.51,33.26,402.6,469.04,584.5,687.35,0.17,0.17,0.17,0.18,19.53,20.19,16.98,19.86,18.89,16.5,24.62,17.6,20.49,19.52,17.22,26.71,21.79,21.88,21.85,45.92,41.7,11.31,9.33,6.83,8.0,8.08,8.05,5.75,4.81,4.0,3.42,4.4,4.08,-0.44,0.62,0.09,0.53,0.53,0.1,0.1,0.1,0.11,-0.14,0.54,0.68,2.0,3.5,7022.84,10.44,14.59,17.31,20.39,2709.06,3076.52,3488.34,3984.76,108.32,113.2,119.0,127.56,187.94,218.27,287.1,412.02,36.4,28.42,22.59,19.57,313.29,366.32,453.11,612.96,0.11,0.12,0.13,0.16,11.88,12.78,11.86,11.4,11.66,16.93,21.76,10.6,20.25,16.91,17.98,22.65,15.38,21.88,19.16,390.2,25.93,24.45,3.98,3.51,3.61,3.23,3.51,3.37,2.36,2.16,1.92,1.94,2.06,1.94,0.48,0.7,-0.09,6.55,4.06,0.06,0.07,0.08,0.1,0.36,0.66,0.33,8.42,4.27
SYMPHONY,CONSUMER GOODS,APPLIANCES,SMALL CAP,SYMPHONY,697.15,4900.39,9.76,28.28,33.98,35.3,1131.0,1218.52,1376.94,1474.0,79.36,87.0,119.0,101.0,67.0,166.8,213.87,244.7,71.43,24.65,20.52,19.75,124.0,220.82,269.74,287.55,0.11,0.18,0.2,0.2,7.74,13.0,7.05,10.34,9.23,78.08,22.15,6.6,47.49,32.36,189.75,20.16,3.88,86.59,53.5,22.58,21.64,8.78,8.01,5.86,6.9,6.94,6.92,4.33,4.02,3.56,3.32,3.79,3.64,7.16,1.47,-0.08,33.67,21.18,0.06,0.14,0.16,0.17,7.76,1.84,1.07,61.92,40.99,7022.84,10.44,14.59,17.31,20.39,2709.06,3076.52,3488.34,3984.76,108.32,113.2,119.0,127.56,187.94,218.27,287.1,412.02,36.4,28.42,22.59,19.57,313.29,366.32,453.11,612.96,0.11,0.12,0.13,0.16,11.88,12.78,11.86,11.4,11.66,16.93,21.76,10.6,20.25,16.91,17.98,22.65,15.38,21.88,19.16,390.2,25.93,24.45,3.98,3.51,3.61,3.23,3.51,3.37,2.36,2.16,1.92,1.94,2.06,1.94,0.48,0.7,-0.09,6.55,4.06,0.06,0.07,0.08,0.1,0.36,0.66,0.33,8.42,4.27
EUREKA FORBES,CONSUMER GOODS,APPLIANCES,SMALL CAP,EUREKAFORB,468.75,8881.27,10.44,12.22,15.94,20.66,2709.06,3076.52,3488.34,4059.92,237.69,248.09,281.97,263.14,203.07,238.0,312.39,395.15,44.9,38.37,29.42,22.69,313.29,366.32,453.11,581.14,0.12,0.12,0.13,0.14,13.56,13.39,16.39,13.48,14.44,16.93,23.69,28.26,20.26,22.87,17.0,30.45,29.65,23.55,25.55,33.9,30.16,1.97,1.89,1.66,1.78,1.78,1.78,3.28,2.89,2.55,2.19,2.72,2.54,0.34,1.08,1.32,5.98,7.37,0.07,0.08,0.09,0.1,0.24,1.22,0.78,9.3,9.09,7022.84,10.44,14.59,17.31,20.39,2709.06,3076.52,3488.34,3984.76,108.32,113.2,119.0,127.56,187.94,218.27,287.1,412.02,36.4,28.42,22.59,19.57,313.29,366.32,453.11,612.96,0.11,0.12,0.13,0.16,11.88,12.78,11.86,11.4,11.66,16.93,21.76,10.6,20.25,16.91,17.98,22.65,15.38,21.88,19.16,390.2,25.93,24.45,3.98,3.51,3.61,3.23,3.51,3.37,2.36,2.16,1.92,1.94,2.06,1.94,0.48,0.7,-0.09,6.55,4.06,0.06,0.07,0.08,0.1,0.36,0.66,0.33,8.42,4.27
ORIENT ELECTRIC,CONSUMER GOODS,APPLIANCES,SMALL CAP,ORIENTELEC,180.53,4008.93,4.96,6.12,8.06,9.56,3326.39,3708.6,4127.79,4538.28,35.62,39.63,50.03,44.99,106.0,131.47,173.41,206.65,36.4,29.47,22.4,18.88,229.06,273.07,332.84,372.14,0.07,0.07,0.08,0.08,11.49,11.3,9.94,11.4,10.91,19.21,21.89,11.81,20.54,17.56,23.49,31.61,18.62,27.48,24.46,25.93,23.58,5.07,4.56,3.61,4.01,4.08,4.06,1.21,1.08,0.97,0.88,1.03,0.98,0.48,0.7,0.14,8.21,5.99,0.03,0.04,0.04,0.05,0.36,0.66,0.35,14.82,12.63,7022.84,10.44,14.59,17.31,20.39,2709.06,3076.52,3488.34,3984.76,108.32,113.2,119.0,127.56,187.94,218.27,287.1,412.02,36.4,28.42,22.59,19.57,313.29,366.32,453.11,612.96,0.11,0.12,0.13,0.16,11.88,12.78,11.86,11.4,11.66,16.93,21.76,10.6,20.25,16.91,17.98,22.65,15.38,21.88,19.16,390.2,25.93,24.45,3.98,3.51,3.61,3.23,3.51,3.37,2.36,2.16,1.92,1.94,2.06,1.94,0.48,0.7,-0.09,6.55,4.06,0.06,0.07,0.08,0.1,0.36,0.66,0.33,8.42,4.27
LA OPALA RG,CONSUMER GOODS,APPLIANCES,SMALL CAP,LAOPALA,183.46,1958.26,8.7,9.33,11.03,12.63,331.86,320.6,376.03,434.43,,78.65,94.35,85.95,96.59,103.7,122.37,140.23,21.09,19.66,16.63,14.52,108.29,119.83,141.83,162.7,0.33,0.37,0.38,0.37,-3.39,17.29,15.53,6.45,9.39,10.66,18.36,14.71,14.44,14.53,7.28,18.21,14.5,12.61,13.24,18.14,16.94,,2.33,1.94,2.13,2.14,2.14,5.9,6.11,5.21,4.51,5.66,5.27,4.75,0.34,-0.27,7.51,4.7,0.29,0.32,0.33,0.32,3.24,0.2,-0.26,5.74,3.51,7022.84,10.44,14.59,17.31,20.39,2709.06,3076.52,3488.34,3984.76,108.32,113.2,119.0,127.56,187.94,218.27,287.1,412.02,36.4,28.42,22.59,19.57,313.29,366.32,453.11,612.96,0.11,0.12,0.13,0.16,11.88,12.78,11.86,11.4,11.66,16.93,21.76,10.6,20.25,16.91,17.98,22.65,15.38,21.88,19.16,390.2,25.93,24.45,3.98,3.51,3.61,3.23,3.51,3.37,2.36,2.16,1.92,1.94,2.06,1.94,0.48,0.7,-0.09,6.55,4.06,0.06,0.07,0.08,0.1,0.36,0.66,0.33,8.42,4.27
IFB INDUSTRIES,CONSUMER GOODS,APPLIANCES,SMALL CAP,IFBIND,1284.5,4651.15,38.87,46.35,56.85,,5619.48,6386.95,7262.25,,,284.3,,341.1,157.52,191.4,234.55,,33.05,27.71,22.59,,318.12,393.1,470.65,,0.06,0.06,0.06,,13.66,13.7,,13.68,,23.57,19.73,,21.63,,19.24,22.65,,20.94,,25.15,25.15,,4.52,,3.77,4.52,4.14,0.83,0.73,0.64,,0.68,0.68,0.49,0.33,,7.0,,0.03,0.03,0.03,,0.19,0.23,,7.34,,7022.84,10.44,14.59,17.31,20.39,2709.06,3076.52,3488.34,3984.76,108.32,113.2,119.0,127.56,187.94,218.27,287.1,412.02,36.4,28.42,22.59,19.57,313.29,366.32,453.11,612.96,0.11,0.12,0.13,0.16,11.88,12.78,11.86,11.4,11.66,16.93,21.76,10.6,20.25,16.91,17.98,22.65,15.38,21.88,19.16,390.2,25.93,24.45,3.98,3.51,3.61,3.23,3.51,3.37,2.36,2.16,1.92,1.94,2.06,1.94,0.48,0.7,-0.09,6.55,4.06,0.06,0.07,0.08,0.1,0.36,0.66,0.33,8.42,4.27
BOROSIL,CONSUMER GOODS,APPLIANCES,SMALL CAP,BOROLTD,231.25,2633.8,5.9,6.15,8.5,,1195.92,1297.4,1460.25,,148.34,81.4,,89.6,70.62,73.55,101.6,,39.19,37.6,27.21,,168.72,181.9,229.1,,0.14,0.14,0.16,,8.49,12.55,,10.5,,7.81,25.95,,16.53,,4.24,38.21,,20.03,,32.4,32.4,1.56,2.84,,2.58,2.84,2.71,2.2,2.03,1.8,,1.92,1.92,-0.09,1.67,,5.45,,0.06,0.06,0.07,,-0.24,1.29,,8.55,,7022.84,10.44,14.59,17.31,20.39,2709.06,3076.52,3488.34,3984.76,108.32,113.2,119.0,127.56,187.94,218.27,287.1,412.02,36.4,28.42,22.59,19.57,313.29,366.32,453.11,612.96,0.11,0.12,0.13,0.16,11.88,12.78,11.86,11.4,11.66,16.93,21.76,10.6,20.25,16.91,17.98,22.65,15.38,21.88,19.16,390.2,25.93,24.45,3.98,3.51,3.61,3.23,3.51,3.37,2.36,2.16,1.92,1.94,2.06,1.94,0.48,0.7,-0.09,6.55,4.06,0.06,0.07,0.08,0.1,0.36,0.66,0.33,8.42,4.27
FLAIR WRITING INDUSTRIES,CONSUMER GOODS,APPLIANCES,SMALL CAP,FLAIR,279.4,3184.0,13.26,14.87,18.58,21.7,1250.11,1443.02,1657.77,1885.6,108.32,122.27,,140.1,139.79,156.72,195.98,228.8,21.07,18.79,15.04,12.88,224.53,250.45,304.93,332.3,0.18,0.17,0.18,0.18,15.43,14.88,13.74,15.16,14.68,11.54,21.75,8.97,16.54,13.96,12.12,24.99,16.77,18.38,17.84,16.91,15.57,2.58,2.29,,1.99,2.29,2.14,2.55,2.21,1.92,1.69,2.06,1.94,-0.61,1.04,-0.77,1.2,-0.63,0.11,0.11,0.12,0.12,-0.32,0.96,0.31,2.82,2.76,7022.84,10.44,14.59,17.31,20.39,2709.06,3076.52,3488.34,3984.76,108.32,113.2,119.0,127.56,187.94,218.27,287.1,412.02,36.4,28.42,22.59,19.57,313.29,366.32,453.11,612.96,0.11,0.12,0.13,0.16,11.88,12.78,11.86,11.4,11.66,16.93,21.76,10.6,20.25,16.91,17.98,22.65,15.38,21.88,19.16,390.2,25.93,24.45,3.98,3.51,3.61,3.23,3.51,3.37,2.36,2.16,1.92,1.94,2.06,1.94,0.48,0.7,-0.09,6.55,4.06,0.06,0.07,0.08,0.1,0.36,0.66,0.33,8.42,4.27
SAFARI INDUSTRIES INDIA,CONSUMER GOODS,LUGGAGE,SMALL CAP,SAFARI,1675.5,7548.49,34.24,41.69,52.71,59.2,2047.02,2363.96,2731.28,3161.95,227.51,267.51,364.7,316.26,167.76,203.22,256.96,289.55,48.93,40.19,31.79,28.3,270.78,319.54,392.66,450.55,0.13,0.14,0.14,0.14,15.48,15.54,15.77,15.51,15.6,18.01,22.88,14.74,20.42,18.5,21.76,26.43,12.31,24.07,20.02,35.99,33.43,7.36,6.26,4.59,5.3,5.43,5.39,3.69,3.19,2.76,2.39,2.98,2.78,0.29,0.86,-0.13,4.25,2.51,0.08,0.09,0.09,0.09,0.4,0.81,-0.25,7.14,3.77,5917.45,2.48,22.42,29.74,32.18,1952.57,2210.46,2515.53,2745.2,227.51,144.97,194.35,172.82,-124.21,109.05,164.05,181.15,19.05,70.49,39.38,44.98,6.04,262.17,326.24,351.58,-0.0,0.12,0.13,0.13,13.09,13.67,8.51,13.38,11.7,-80.58,24.87,5.98,20.42,18.5,-44.5,70.52,-5.75,24.07,20.02,996.5,54.93,51.62,7.36,10.21,8.91,8.05,9.56,9.06,3.0,2.64,2.31,2.11,2.48,2.36,12.08,1.1,-0.29,4.25,2.51,-0.07,0.05,0.06,0.06,11.76,1.59,-0.11,7.14,3.77
VIP INDUSTRIES,CONSUMER GOODS,LUGGAGE,SMALL CAP,VIPIND,317.5,4286.41,-29.29,3.15,6.76,5.15,1858.13,2056.95,2299.78,2328.45,,22.42,24.0,29.38,-416.19,14.88,71.13,72.75,-10.84,100.79,46.97,61.65,-258.71,204.8,259.82,252.6,-0.14,0.1,0.11,0.11,10.7,11.81,1.25,11.25,7.81,-179.16,26.86,-2.78,,,-110.75,114.6,-23.82,,,73.88,69.8,,14.16,13.23,10.81,13.69,12.73,2.31,2.08,1.86,1.84,1.97,1.93,23.88,1.34,-0.45,,,-0.22,0.01,0.03,0.03,23.12,2.37,0.03,,,5917.45,2.48,22.42,29.74,32.18,1952.57,2210.46,2515.53,2745.2,227.51,144.97,194.35,172.82,-124.21,109.05,164.05,181.15,19.05,70.49,39.38,44.98,6.04,262.17,326.24,351.58,-0.0,0.12,0.13,0.13,13.09,13.67,8.51,13.38,11.7,-80.58,24.87,5.98,20.42,18.5,-44.5,70.52,-5.75,24.07,20.02,996.5,54.93,51.62,7.36,10.21,8.91,8.05,9.56,9.06,3.0,2.64,2.31,2.11,2.48,2.36,12.08,1.1,-0.29,4.25,2.51,-0.07,0.05,0.06,0.06,11.76,1.59,-0.11,7.14,3.77
JK PAPER,CONSUMER GOODS,PAPER,SMALL CAP,JKPAPER,349.9,6997.99,15.62,38.45,61.3,,7076.03,7772.95,8208.95,,304.46,325.0,,368.2,283.2,680.45,1086.1,,22.4,9.1,5.71,,924.05,1368.3,1862.15,,0.13,0.18,0.23,,9.85,5.61,,7.71,,48.08,36.09,,41.96,,146.16,59.43,,98.1,,7.4,7.4,1.15,1.08,,0.95,1.08,1.01,0.99,0.9,0.85,,0.88,0.88,4.54,5.08,,31.8,,0.04,0.09,0.13,,4.75,4.48,,81.82,,3142.11,10.02,23.08,35.0,,4398.52,4840.48,5142.98,,198.39,208.9,,233.55,190.1,425.48,639.55,,27.0,13.6,10.86,,597.02,838.9,1106.12,,0.14,0.17,0.2,,10.36,7.23,,8.78,,31.35,24.61,,27.91,,110.38,36.21,,69.28,,145.39,12.23,12.23,1.33,1.29,,1.18,1.29,1.23,1.41,1.27,1.18,,1.23,1.23,2.54,2.86,,17.73,,0.05,0.09,0.11,,4.03,2.42,,55.11,
WEST COAST PAPER,CONSUMER GOODS,PAPER,SMALL CAP,WSTCSTPAPR,513.35,3335.8,,,,,,,,,,,,,,,,,,,,,,,,,,,,,,,,,,,,,,,,,,,,,,,,,,,,,,,,,,,,,,,,,,,,,,,,3142.11,10.02,23.08,35.0,,4398.52,4840.48,5142.98,,198.39,208.9,,233.55,190.1,425.48,639.55,,27.0,13.6,10.86,,597.02,838.9,1106.12,,0.14,0.17,0.2,,10.36,7.23,,8.78,,31.35,24.61,,27.91,,110.38,36.21,,69.28,,145.39,12.23,12.23,1.33,1.29,,1.18,1.29,1.23,1.41,1.27,1.18,,1.23,1.23,2.54,2.86,,17.73,,0.05,0.09,0.11,,4.03,2.42,,55.11,
NAVNEET EDUCATION,CONSUMER GOODS,PAPER,SMALL CAP,NAVNETEDUL,139.31,3142.11,4.41,7.7,8.7,,1721.0,1908.0,2077.0,,92.31,92.8,,98.9,97.0,170.5,193.0,,31.59,18.09,16.01,,270.0,309.5,350.1,,0.16,0.16,0.17,,10.87,8.86,,9.86,,14.63,13.12,,13.87,,74.6,12.99,,40.46,,17.05,17.05,1.51,1.5,,1.41,1.5,1.45,1.83,1.65,1.51,,1.58,1.58,0.53,0.63,,3.65,,0.06,0.09,0.09,,3.3,0.36,,28.4,,3142.11,10.02,23.08,35.0,,4398.52,4840.48,5142.98,,198.39,208.9,,233.55,190.1,425.48,639.55,,27.0,13.6,10.86,,597.02,838.9,1106.12,,0.14,0.17,0.2,,10.36,7.23,,8.78,,31.35,24.61,,27.91,,110.38,36.21,,69.28,,145.39,12.23,12.23,1.33,1.29,,1.18,1.29,1.23,1.41,1.27,1.18,,1.23,1.23,2.54,2.86,,17.73,,0.05,0.09,0.11,,4.03,2.42,,55.11,
ANDHRA PAPER,CONSUMER GOODS,PAPER,SMALL CAP,ANDHRAPAP,63.26,1249.58,,,,,,,,,,,,,,,,,,,,,,,,,,,,,,,,,,,,,,,,,,,,,,,,,,,,,,,,,,,,,,,,,,,,,,,,3142.11,10.02,23.08,35.0,,4398.52,4840.48,5142.98,,198.39,208.9,,233.55,190.1,425.48,639.55,,27.0,13.6,10.86,,597.02,838.9,1106.12,,0.14,0.17,0.2,,10.36,7.23,,8.78,,31.35,24.61,,27.91,,110.38,36.21,,69.28,,145.39,12.23,12.23,1.33,1.29,,1.18,1.29,1.23,1.41,1.27,1.18,,1.23,1.23,2.54,2.86,,17.73,,0.05,0.09,0.11,,4.03,2.42,,55.11,
TAMIL NADU NWPT.& PAPERS,CONSUMER GOODS,PAPER,SMALL CAP,TNPL,145.39,1024.11,,,,,,,,,,,,,,,,,,,,,,,,,,,,,,,,,,,,,,,,,,,,,,,,,,,,,,,,,,,,,,,,,,,,,,,,3142.11,10.02,23.08,35.0,,4398.52,4840.48,5142.98,,198.39,208.9,,233.55,190.1,425.48,639.55,,27.0,13.6,10.86,,597.02,838.9,1106.12,,0.14,0.17,0.2,,10.36,7.23,,8.78,,31.35,24.61,,27.91,,110.38,36.21,,69.28,,145.39,12.23,12.23,1.33,1.29,,1.18,1.29,1.23,1.41,1.27,1.18,,1.23,1.23,2.54,2.86,,17.73,,0.05,0.09,0.11,,4.03,2.42,,55.11,
AVENUE SUPERMARTS,CONSUMER SERVICES,RETAIL,LARGE CAP,DMART,4286.9,267622.0,45.63,55.74,66.94,83.02,68820.74,82254.58,97424.18,118066.5,,427.66,591.84,501.45,2970.49,3757.3,4371.52,5599.77,93.95,76.9,64.04,51.64,5186.59,6302.95,7508.88,9255.16,0.08,0.08,0.08,0.08,19.52,18.44,21.19,18.98,19.71,21.52,19.13,23.26,20.32,21.29,22.17,20.08,24.02,21.12,22.08,70.47,64.19,,10.02,7.24,8.55,8.63,8.61,3.89,3.25,2.75,2.27,3.0,2.76,0.13,0.04,0.13,1.13,1.32,0.04,0.05,0.04,0.05,0.25,-0.08,0.26,1.96,3.19,4431.15,9.87,18.08,23.58,30.25,5043.32,5786.63,6612.5,15891.87,70.7,120.74,158.8,140.8,118.45,160.4,209.2,305.9,65.29,44.59,36.07,29.48,475.83,591.55,706.14,1972.18,0.08,0.09,0.1,0.12,18.19,15.6,17.36,16.21,18.66,21.52,19.5,22.22,20.32,20.44,35.59,30.37,24.02,33.4,29.83,360.5,40.33,36.72,7.07,6.57,4.82,5.7,5.69,5.7,1.39,1.2,1.04,1.77,1.12,1.22,0.3,0.29,0.36,3.43,3.61,0.03,0.03,0.04,0.06,0.27,0.33,0.25,7.61,5.35
TRENT,CONSUMER SERVICES,RETAIL,LARGE CAP,TRENT,3205.8,150712.8,49.1,59.3,73.61,89.34,20074.21,24293.9,29251.61,34158.08,196.48,251.85,382.96,316.32,1745.76,2164.8,2673.25,3309.95,65.29,54.06,43.55,35.88,3673.39,4295.27,5288.93,6414.49,0.18,0.18,0.18,0.19,21.02,20.41,16.77,20.71,19.39,16.93,23.13,21.28,19.99,20.42,20.78,24.12,21.37,22.44,22.08,48.81,44.5,16.32,12.73,8.37,10.13,10.55,10.41,7.51,6.2,5.15,4.41,5.68,5.26,-0.62,0.4,0.7,-0.6,0.87,0.09,0.09,0.09,0.1,0.21,0.23,0.55,2.51,3.67,4431.15,9.87,18.08,23.58,30.25,5043.32,5786.63,6612.5,15891.87,70.7,120.74,158.8,140.8,118.45,160.4,209.2,305.9,65.29,44.59,36.07,29.48,475.83,591.55,706.14,1972.18,0.08,0.09,0.1,0.12,18.19,15.6,17.36,16.21,18.66,21.52,19.5,22.22,20.32,20.44,35.59,30.37,24.02,33.4,29.83,360.5,40.33,36.72,7.07,6.57,4.82,5.7,5.69,5.7,1.39,1.2,1.04,1.77,1.12,1.22,0.3,0.29,0.36,3.43,3.61,0.03,0.03,0.04,0.06,0.27,0.33,0.25,7.61,5.35
VISHAL MEGA MART,CONSUMER SERVICES,RETAIL,MID CAP,VMM,118.66,56615.78,1.79,2.16,2.7,3.3,12906.32,15270.44,17954.09,21174.94,15.86,15.63,22.08,17.71,839.23,1006.35,1256.67,1504.42,66.29,55.04,43.96,35.97,1883.62,2215.82,2653.66,3150.96,0.15,0.15,0.15,0.15,18.32,17.57,17.94,17.95,17.94,17.64,19.76,18.74,18.69,18.71,20.45,25.19,22.23,22.79,22.61,49.5,44.99,7.48,7.59,5.37,6.7,6.48,6.56,4.39,3.71,3.15,2.67,3.43,3.18,-0.08,0.27,0.1,0.63,0.65,0.07,0.07,0.07,0.07,0.09,0.41,0.11,3.75,3.0,4431.15,9.87,18.08,23.58,30.25,5043.32,5786.63,6612.5,15891.87,70.7,120.74,158.8,140.8,118.45,160.4,209.2,305.9,65.29,44.59,36.07,29.48,475.83,591.55,706.14,1972.18,0.08,0.09,0.1,0.12,18.19,15.6,17.36,16.21,18.66,21.52,19.5,22.22,20.32,20.44,35.59,30.37,24.02,33.4,29.83,360.5,40.33,36.72,7.07,6.57,4.82,5.7,5.69,5.7,1.39,1.2,1.04,1.77,1.12,1.22,0.3,0.29,0.36,3.43,3.61,0.03,0.03,0.04,0.06,0.27,0.33,0.25,7.61,5.35
REDINGTON,CONSUMER SERVICES,RETAIL,SMALL CAP,REDINGTON,280.76,17551.61,21.01,24.2,28.5,32.6,119162.4,131818.7,146094.7,157971.5,,,,,1642.53,1892.2,2228.75,2547.5,13.36,11.6,9.85,8.61,2227.42,2852.9,3304.6,3836.6,0.02,0.02,0.02,0.02,10.62,10.83,8.13,10.73,9.85,28.08,15.83,16.1,21.8,19.87,15.18,17.77,14.39,16.47,15.77,10.73,10.02,,,,,,,0.15,0.13,0.12,0.11,0.13,0.12,0.3,0.1,0.17,10.0,9.12,0.01,0.01,0.02,0.02,0.06,0.09,0.09,5.2,5.37,4431.15,9.87,18.08,23.58,30.25,5043.32,5786.63,6612.5,15891.87,70.7,120.74,158.8,140.8,118.45,160.4,209.2,305.9,65.29,44.59,36.07,29.48,475.83,591.55,706.14,1972.18,0.08,0.09,0.1,0.12,18.19,15.6,17.36,16.21,18.66,21.52,19.5,22.22,20.32,20.44,35.59,30.37,24.02,33.4,29.83,360.5,40.33,36.72,7.07,6.57,4.82,5.7,5.69,5.7,1.39,1.2,1.04,1.77,1.12,1.22,0.3,0.29,0.36,3.43,3.61,0.03,0.03,0.04,0.06,0.27,0.33,0.25,7.61,5.35
ELECTRONICS MART INDIA,CONSUMER SERVICES,RETAIL,SMALL CAP,EMIL,120.86,4431.15,2.6,4.18,5.53,8.0,7183.26,8268.57,9319.82,10608.8,42.26,46.2,56.0,50.95,100.29,161.45,212.68,305.9,46.48,28.89,21.84,15.11,438.21,531.55,621.9,765.9,0.06,0.06,0.07,0.07,15.11,12.71,13.83,13.91,13.88,21.3,17.0,23.15,19.13,20.46,60.88,32.27,44.59,45.88,45.45,25.37,21.95,2.86,2.62,2.16,2.37,2.39,2.38,0.62,0.54,0.48,0.42,0.51,0.48,0.33,0.24,0.55,4.59,5.77,0.01,0.02,0.02,0.03,0.56,0.33,0.6,27.85,27.35,4431.15,9.87,18.08,23.58,30.25,5043.32,5786.63,6612.5,15891.87,70.7,120.74,158.8,140.8,118.45,160.4,209.2,305.9,65.29,44.59,36.07,29.48,475.83,591.55,706.14,1972.18,0.08,0.09,0.1,0.12,18.19,15.6,17.36,16.21,18.66,21.52,19.5,22.22,20.32,20.44,35.59,30.37,24.02,33.4,29.83,360.5,40.33,36.72,7.07,6.57,4.82,5.7,5.69,5.7,1.39,1.2,1.04,1.77,1.12,1.22,0.3,0.29,0.36,3.43,3.61,0.03,0.03,0.04,0.06,0.27,0.33,0.25,7.61,5.35
SHOPPER'S STOP,CONSUMER SERVICES,RETAIL,SMALL CAP,SHOPERSTOP,360.5,3674.31,-5.0,2.65,5.15,,5043.32,5444.74,6044.36,,26.43,30.87,,36.9,-55.08,29.22,56.7,,-72.03,136.04,70.0,,744.05,838.84,942.18,,0.15,0.15,0.16,,7.96,11.01,,9.48,,12.74,12.32,,12.53,,-152.95,94.34,,,,103.02,103.02,13.64,11.68,,9.77,11.68,10.72,0.73,0.67,0.61,,0.64,0.64,0.65,0.18,,2.79,,-0.01,0.01,0.01,,1.63,0.4,,,,4431.15,9.87,18.08,23.58,30.25,5043.32,5786.63,6612.5,15891.87,70.7,120.74,158.8,140.8,118.45,160.4,209.2,305.9,65.29,44.59,36.07,29.48,475.83,591.55,706.14,1972.18,0.08,0.09,0.1,0.12,18.19,15.6,17.36,16.21,18.66,21.52,19.5,22.22,20.32,20.44,35.59,30.37,24.02,33.4,29.83,360.5,40.33,36.72,7.07,6.57,4.82,5.7,5.69,5.7,1.39,1.2,1.04,1.77,1.12,1.22,0.3,0.29,0.36,3.43,3.61,0.03,0.03,0.04,0.06,0.27,0.33,0.25,7.61,5.35
ETHOS,CONSUMER SERVICES,RETAIL,SMALL CAP,ETHOSLTD,2380.9,6420.24,36.9,53.4,66.0,80.75,1612.24,2034.5,2490.63,3044.45,556.07,628.4,788.2,689.73,96.59,142.9,174.4,213.1,64.52,44.59,36.07,29.48,207.77,275.1,354.17,450.35,0.13,0.14,0.14,0.15,26.19,22.42,22.24,24.29,23.6,32.4,28.74,27.16,30.56,29.42,44.72,23.6,22.35,33.74,29.83,40.33,36.72,4.28,3.79,3.02,3.45,3.4,3.42,3.98,3.16,2.58,2.11,2.87,2.61,0.63,0.7,0.57,5.04,4.7,0.06,0.07,0.07,0.07,1.03,-0.02,-0.0,8.11,5.32,4431.15,9.87,18.08,23.58,30.25,5043.32,5786.63,6612.5,15891.87,70.7,120.74,158.8,140.8,118.45,160.4,209.2,305.9,65.29,44.59,36.07,29.48,475.83,591.55,706.14,1972.18,0.08,0.09,0.1,0.12,18.19,15.6,17.36,16.21,18.66,21.52,19.5,22.22,20.32,20.44,35.59,30.37,24.02,33.4,29.83,360.5,40.33,36.72,7.07,6.57,4.82,5.7,5.69,5.7,1.39,1.2,1.04,1.77,1.12,1.22,0.3,0.29,0.36,3.43,3.61,0.03,0.03,0.04,0.06,0.27,0.33,0.25,7.61,5.35
SAI SILKS (KALAMANDIR),CONSUMER SERVICES,RETAIL,SMALL CAP,KALAMANDIR,109.31,1601.25,,,,,,,,,,,,,,,,,,,,,279.44,,,,,,,,,,,,,,,,,,,,,,,,,,,,,,,,,,,,,,,,,,,,,,,,,,,4431.15,9.87,18.08,23.58,30.25,5043.32,5786.63,6612.5,15891.87,70.7,120.74,158.8,140.8,118.45,160.4,209.2,305.9,65.29,44.59,36.07,29.48,475.83,591.55,706.14,1972.18,0.08,0.09,0.1,0.12,18.19,15.6,17.36,16.21,18.66,21.52,19.5,22.22,20.32,20.44,35.59,30.37,24.02,33.4,29.83,360.5,40.33,36.72,7.07,6.57,4.82,5.7,5.69,5.7,1.39,1.2,1.04,1.77,1.12,1.22,0.3,0.29,0.36,3.43,3.61,0.03,0.03,0.04,0.06,0.27,0.33,0.25,7.61,5.35
V-MART RETAIL,CONSUMER SERVICES,RETAIL,SMALL CAP,VMART,797.8,5277.22,11.85,18.08,23.58,30.25,3789.36,4386.86,5071.23,3689.65,119.7,143.88,187.0,169.6,125.19,149.01,200.74,265.45,67.32,44.11,33.84,26.37,513.46,591.55,706.14,793.4,0.14,0.13,0.14,0.22,15.77,15.6,-27.24,15.68,-0.88,15.21,19.37,12.36,17.27,15.61,52.62,30.37,28.3,41.05,36.67,38.98,34.78,6.67,5.54,4.27,4.7,4.91,4.84,1.39,1.2,1.04,1.43,1.12,1.22,-0.07,0.44,7.58,1.37,16.64,0.03,0.03,0.04,0.07,0.09,0.56,3.24,9.46,29.62,4431.15,9.87,18.08,23.58,30.25,5043.32,5786.63,6612.5,15891.87,70.7,120.74,158.8,140.8,118.45,160.4,209.2,305.9,65.29,44.59,36.07,29.48,475.83,591.55,706.14,1972.18,0.08,0.09,0.1,0.12,18.19,15.6,17.36,16.21,18.66,21.52,19.5,22.22,20.32,20.44,35.59,30.37,24.02,33.4,29.83,360.5,40.33,36.72,7.07,6.57,4.82,5.7,5.69,5.7,1.39,1.2,1.04,1.77,1.12,1.22,0.3,0.29,0.36,3.43,3.61,0.03,0.03,0.04,0.06,0.27,0.33,0.25,7.61,5.35
ADITYA VISION,CONSUMER SERVICES,RETAIL,SMALL CAP,AVL,629.9,6935.36,9.16,12.42,16.22,21.0,2671.62,3406.92,4112.52,5092.1,53.31,64.27,99.0,78.6,118.45,160.4,209.2,271.6,68.77,50.72,38.83,30.0,224.46,295.12,369.66,461.0,0.08,0.09,0.09,0.09,27.52,20.71,23.82,24.07,23.99,31.48,25.26,24.71,28.33,27.11,35.59,30.6,29.47,33.07,31.86,44.78,39.85,11.82,9.8,6.36,8.01,8.08,8.06,2.6,2.04,1.69,1.36,1.86,1.69,0.26,0.33,0.06,3.43,2.52,0.04,0.05,0.05,0.05,0.27,0.38,0.25,7.11,6.35,4431.15,9.87,18.08,23.58,30.25,5043.32,5786.63,6612.5,15891.87,70.7,120.74,158.8,140.8,118.45,160.4,209.2,305.9,65.29,44.59,36.07,29.48,475.83,591.55,706.14,1972.18,0.08,0.09,0.1,0.12,18.19,15.6,17.36,16.21,18.66,21.52,19.5,22.22,20.32,20.44,35.59,30.37,24.02,33.4,29.83,360.5,40.33,36.72,7.07,6.57,4.82,5.7,5.69,5.7,1.39,1.2,1.04,1.77,1.12,1.22,0.3,0.29,0.36,3.43,3.61,0.03,0.03,0.04,0.06,0.27,0.33,0.25,7.61,5.35
HINDWARE HOME INNOVATION,CONSUMER SERVICES,RETAIL,SMALL CAP,HINDWAREAP,248.65,1948.29,1.54,9.5,14.4,18.6,2510.28,2938.6,3296.4,,88.1,97.6,130.6,112.0,12.9,90.0,40.0,160.0,161.46,26.17,17.27,13.37,197.57,276.1,339.1,,0.08,0.09,0.1,,17.06,12.18,,14.59,,39.75,22.82,,31.01,,516.88,51.58,29.17,205.79,129.44,21.72,18.94,2.82,2.55,1.9,2.22,2.23,2.22,0.78,0.66,0.59,,0.63,0.63,1.53,0.89,,14.33,,0.01,0.03,0.01,,2.55,-1.85,,53.67,,4431.15,9.87,18.08,23.58,30.25,5043.32,5786.63,6612.5,15891.87,70.7,120.74,158.8,140.8,118.45,160.4,209.2,305.9,65.29,44.59,36.07,29.48,475.83,591.55,706.14,1972.18,0.08,0.09,0.1,0.12,18.19,15.6,17.36,16.21,18.66,21.52,19.5,22.22,20.32,20.44,35.59,30.37,24.02,33.4,29.83,360.5,40.33,36.72,7.07,6.57,4.82,5.7,5.69,5.7,1.39,1.2,1.04,1.77,1.12,1.22,0.3,0.29,0.36,3.43,3.61,0.03,0.03,0.04,0.06,0.27,0.33,0.25,7.61,5.35
LANDMARK CARS,CONSUMER SERVICES,RETAIL,SMALL CAP,LANDMARK,426.05,1581.06,9.87,26.87,36.33,,4896.23,5786.63,6612.5,,,172.4,,209.7,40.89,108.67,146.83,,43.17,15.86,11.73,,264.8,369.37,441.4,,0.05,0.06,0.07,,18.19,14.27,,16.21,,39.49,19.5,,29.11,,172.21,35.23,,91.86,,13.79,13.79,,2.47,,2.03,2.47,2.25,0.32,0.27,0.24,,0.26,0.26,0.97,0.29,,11.1,,0.01,0.02,0.02,,1.04,0.34,,63.06,,4431.15,9.87,18.08,23.58,30.25,5043.32,5786.63,6612.5,15891.87,70.7,120.74,158.8,140.8,118.45,160.4,209.2,305.9,65.29,44.59,36.07,29.48,475.83,591.55,706.14,1972.18,0.08,0.09,0.1,0.12,18.19,15.6,17.36,16.21,18.66,21.52,19.5,22.22,20.32,20.44,35.59,30.37,24.02,33.4,29.83,360.5,40.33,36.72,7.07,6.57,4.82,5.7,5.69,5.7,1.39,1.2,1.04,1.77,1.12,1.22,0.3,0.29,0.36,3.43,3.61,0.03,0.03,0.04,0.06,0.27,0.33,0.25,7.61,5.35
OPTIEMUS INFRACOM,CONSUMER SERVICES,RETAIL,SMALL CAP,OPTIEMUS,440.85,3713.4,,,,,,,,,,,,,,,,,,,,,,,,,,,,,,,,,,,,,,,,,,,,,,,,,,,,,,,,,,,,,,,,,,,,,,,,4431.15,9.87,18.08,23.58,30.25,5043.32,5786.63,6612.5,15891.87,70.7,120.74,158.8,140.8,118.45,160.4,209.2,305.9,65.29,44.59,36.07,29.48,475.83,591.55,706.14,1972.18,0.08,0.09,0.1,0.12,18.19,15.6,17.36,16.21,18.66,21.52,19.5,22.22,20.32,20.44,35.59,30.37,24.02,33.4,29.83,360.5,40.33,36.72,7.07,6.57,4.82,5.7,5.69,5.7,1.39,1.2,1.04,1.77,1.12,1.22,0.3,0.29,0.36,3.43,3.61,0.03,0.03,0.04,0.06,0.27,0.33,0.25,7.61,5.35
STATE TRDG.CORP.OF INDIA,CONSUMER SERVICES,RETAIL,SMALL CAP,STCINDIA,135.95,706.14,,,,,,,,,,,,,,,,,,,,,,,,,,,,,,,,,,,,,,,,,,,,,,,,,,,,,,,,,,,,,,,,,,,,,,,,4431.15,9.87,18.08,23.58,30.25,5043.32,5786.63,6612.5,15891.87,70.7,120.74,158.8,140.8,118.45,160.4,209.2,305.9,65.29,44.59,36.07,29.48,475.83,591.55,706.14,1972.18,0.08,0.09,0.1,0.12,18.19,15.6,17.36,16.21,18.66,21.52,19.5,22.22,20.32,20.44,35.59,30.37,24.02,33.4,29.83,360.5,40.33,36.72,7.07,6.57,4.82,5.7,5.69,5.7,1.39,1.2,1.04,1.77,1.12,1.22,0.3,0.29,0.36,3.43,3.61,0.03,0.03,0.04,0.06,0.27,0.33,0.25,7.61,5.35
ELIN ELECTRONICS,CONSUMER SERVICES,RETAIL,SMALL CAP,ELIN,106.47,592.04,,,,,,,,,,,,,,,,,,,,,,,,,,,,,,,,,,,,,,,,,,,,,,,,,,,,,,,,,,,,,,,,,,,,,,,,4431.15,9.87,18.08,23.58,30.25,5043.32,5786.63,6612.5,15891.87,70.7,120.74,158.8,140.8,118.45,160.4,209.2,305.9,65.29,44.59,36.07,29.48,475.83,591.55,706.14,1972.18,0.08,0.09,0.1,0.12,18.19,15.6,17.36,16.21,18.66,21.52,19.5,22.22,20.32,20.44,35.59,30.37,24.02,33.4,29.83,360.5,40.33,36.72,7.07,6.57,4.82,5.7,5.69,5.7,1.39,1.2,1.04,1.77,1.12,1.22,0.3,0.29,0.36,3.43,3.61,0.03,0.03,0.04,0.06,0.27,0.33,0.25,7.61,5.35
INDIAN HOTELS,CONSUMER SERVICES,HOTEL,MID CAP,INDHOTEL,724.75,93540.78,12.99,15.82,18.52,20.69,9689.22,10953.67,12288.69,13879.82,,108.1,136.94,121.94,1848.9,2297.45,2672.58,2887.17,55.79,45.8,39.12,35.02,3194.65,3721.23,4273.24,4814.52,0.33,0.34,0.35,0.35,13.05,12.19,12.95,12.62,12.73,16.48,14.83,12.67,15.66,14.65,21.82,17.06,11.71,19.42,16.79,42.46,39.98,,6.7,5.29,5.94,6.0,5.98,9.65,8.54,7.61,6.74,8.08,7.63,1.0,0.8,-0.09,2.7,1.71,0.19,0.21,0.22,0.21,1.89,0.77,-0.95,6.76,2.92,6996.06,12.16,12.5,13.76,15.5,2461.05,1740.25,2072.8,2314.13,91.19,102.88,136.94,118.11,409.53,477.33,578.51,776.75,30.86,25.74,19.36,18.41,813.34,845.02,1005.42,1093.56,0.35,0.37,0.39,0.4,13.05,13.59,11.85,12.89,12.45,13.8,18.18,13.13,15.8,14.7,20.07,25.24,26.14,21.17,16.79,218.38,22.55,20.54,3.28,3.23,2.9,2.81,3.23,3.03,6.24,6.39,5.66,4.61,6.02,5.72,1.0,0.8,0.77,2.7,1.75,0.19,0.2,0.22,0.24,1.18,0.98,1.94,7.72,3.82
ITC Hotels Limited,CONSUMER SERVICES,HOTEL,MID CAP,ITCHOTELS,170.92,32192.39,,,,,4139.4,4588.74,5185.68,5708.93,,,,,897.06,1015.04,1197.93,1267.32,,,,,1409.62,1616.56,1892.82,2130.01,0.34,0.35,0.37,0.37,10.86,13.01,10.09,11.93,11.31,14.68,17.09,12.53,15.88,14.75,,,,,,,,,,,,,,7.78,7.02,6.21,5.64,6.61,6.29,1.18,1.27,0.81,3.53,3.09,0.22,0.22,0.23,0.22,0.45,0.98,-0.9,3.25,0.81,6996.06,12.16,12.5,13.76,15.5,2461.05,1740.25,2072.8,2314.13,91.19,102.88,136.94,118.11,409.53,477.33,578.51,776.75,30.86,25.74,19.36,18.41,813.34,845.02,1005.42,1093.56,0.35,0.37,0.39,0.4,13.05,13.59,11.85,12.89,12.45,13.8,18.18,13.13,15.8,14.7,20.07,25.24,26.14,21.17,16.79,218.38,22.55,20.54,3.28,3.23,2.9,2.81,3.23,3.03,6.24,6.39,5.66,4.61,6.02,5.72,1.0,0.8,0.77,2.7,1.75,0.19,0.2,0.22,0.24,1.18,0.98,1.94,7.72,3.82
Schloss Bangalore Limited,CONSUMER SERVICES,HOTEL,SMALL CAP,THELEELA,494.2,14017.88,,,,,1527.29,1740.25,2072.8,2588.45,,,,,409.53,477.33,578.51,776.75,,,,,813.34,845.02,1005.42,1260.13,0.53,0.49,0.49,0.49,13.94,19.11,24.88,16.5,19.23,3.89,18.98,25.33,11.18,15.71,,,,,,,,,,,,,,9.18,8.06,6.76,5.42,7.41,6.74,-4.7,-0.05,0.18,-4.56,-2.95,0.27,0.27,0.28,0.3,0.61,0.48,2.1,2.02,3.82,6996.06,12.16,12.5,13.76,15.5,2461.05,1740.25,2072.8,2314.13,91.19,102.88,136.94,118.11,409.53,477.33,578.51,776.75,30.86,25.74,19.36,18.41,813.34,845.02,1005.42,1093.56,0.35,0.37,0.39,0.4,13.05,13.59,11.85,12.89,12.45,13.8,18.18,13.13,15.8,14.7,20.07,25.24,26.14,21.17,16.79,218.38,22.55,20.54,3.28,3.23,2.9,2.81,3.23,3.03,6.24,6.39,5.66,4.61,6.02,5.72,1.0,0.8,0.77,2.7,1.75,0.19,0.2,0.22,0.24,1.18,0.98,1.94,7.72,3.82
EIH,CONSUMER SERVICES,HOTEL,SMALL CAP,EIHOTEL,321.85,20005.39,12.16,14.6,16.9,,2939.63,3068.6,3516.5,,84.15,99.0,,114.7,760.36,912.4,1055.4,,26.47,22.04,19.04,,1023.75,1112.2,1372.7,,0.35,0.36,0.39,,4.39,14.6,,9.37,,8.64,23.42,,15.8,,20.07,15.75,,17.89,,20.54,20.54,3.82,3.25,,2.81,3.25,3.03,6.81,6.52,5.69,,6.1,6.1,1.42,2.79,,5.87,,0.26,0.3,0.3,,3.87,0.28,,7.72,,6996.06,12.16,12.5,13.76,15.5,2461.05,1740.25,2072.8,2314.13,91.19,102.88,136.94,118.11,409.53,477.33,578.51,776.75,30.86,25.74,19.36,18.41,813.34,845.02,1005.42,1093.56,0.35,0.37,0.39,0.4,13.05,13.59,11.85,12.89,12.45,13.8,18.18,13.13,15.8,14.7,20.07,25.24,26.14,21.17,16.79,218.38,22.55,20.54,3.28,3.23,2.9,2.81,3.23,3.03,6.24,6.39,5.66,4.61,6.02,5.72,1.0,0.8,0.77,2.7,1.75,0.19,0.2,0.22,0.24,1.18,0.98,1.94,7.72,3.82
CHALET HOTELS,CONSUMER SERVICES,HOTEL,SMALL CAP,CHALET,802.35,17272.06,29.51,28.61,32.11,41.37,2769.75,2528.79,2823.95,3291.68,168.85,199.03,276.54,231.3,646.13,619.86,711.7,893.46,27.19,28.04,24.99,19.39,1187.4,1168.55,1319.35,1595.9,0.43,0.46,0.47,0.48,-8.7,11.67,16.56,0.97,5.92,-1.59,12.91,20.96,5.41,10.36,-3.05,12.22,28.85,4.31,11.92,26.52,24.14,4.75,4.03,2.9,3.47,3.47,3.47,6.24,6.83,6.12,5.25,6.47,6.06,3.34,0.51,1.76,4.39,4.19,0.23,0.25,0.25,0.27,1.18,0.69,1.94,3.94,5.18,6996.06,12.16,12.5,13.76,15.5,2461.05,1740.25,2072.8,2314.13,91.19,102.88,136.94,118.11,409.53,477.33,578.51,776.75,30.86,25.74,19.36,18.41,813.34,845.02,1005.42,1093.56,0.35,0.37,0.39,0.4,13.05,13.59,11.85,12.89,12.45,13.8,18.18,13.13,15.8,14.7,20.07,25.24,26.14,21.17,16.79,218.38,22.55,20.54,3.28,3.23,2.9,2.81,3.23,3.03,6.24,6.39,5.66,4.61,6.02,5.72,1.0,0.8,0.77,2.7,1.75,0.19,0.2,0.22,0.24,1.18,0.98,1.94,7.72,3.82
VENTIVE HOSPITALITY,CONSUMER SERVICES,HOTEL,SMALL CAP,VENTIVE,647.15,14697.94,18.58,20.06,27.28,35.15,2461.05,2782.98,3256.76,3583.61,235.76,265.2,345.06,292.34,433.74,491.5,679.2,914.95,34.83,32.25,23.72,18.41,1094.11,1245.1,1478.86,1680.01,0.44,0.45,0.45,0.47,13.08,17.02,10.04,15.04,13.34,13.8,18.77,13.6,16.26,15.37,7.99,35.96,28.84,21.17,23.67,27.99,24.8,2.74,2.44,1.88,2.21,2.16,2.18,5.97,5.28,4.51,4.1,4.9,4.63,0.28,0.67,1.47,1.06,1.78,0.18,0.18,0.21,0.26,0.04,3.19,4.68,8.78,13.15,6996.06,12.16,12.5,13.76,15.5,2461.05,1740.25,2072.8,2314.13,91.19,102.88,136.94,118.11,409.53,477.33,578.51,776.75,30.86,25.74,19.36,18.41,813.34,845.02,1005.42,1093.56,0.35,0.37,0.39,0.4,13.05,13.59,11.85,12.89,12.45,13.8,18.18,13.13,15.8,14.7,20.07,25.24,26.14,21.17,16.79,218.38,22.55,20.54,3.28,3.23,2.9,2.81,3.23,3.03,6.24,6.39,5.66,4.61,6.02,5.72,1.0,0.8,0.77,2.7,1.75,0.19,0.2,0.22,0.24,1.18,0.98,1.94,7.72,3.82
LEMON TREE HOTELS,CONSUMER SERVICES,HOTEL,SMALL CAP,LEMONTREE,113.04,9281.24,2.48,3.27,4.21,5.31,1286.08,1453.42,1639.14,1815.39,14.69,19.3,29.18,23.72,196.58,265.64,345.76,435.25,45.58,34.53,26.86,21.3,634.12,701.28,811.14,926.99,0.49,0.48,0.49,0.51,13.01,12.78,10.75,12.89,12.18,10.59,15.67,14.28,13.1,13.49,32.02,28.53,26.14,30.26,28.87,30.69,27.56,7.69,5.86,3.87,4.77,4.87,4.83,7.22,6.39,5.66,5.11,6.02,5.72,-1.06,1.24,1.58,0.18,1.17,0.15,0.18,0.21,0.24,2.99,2.82,2.88,17.47,16.19,6996.06,12.16,12.5,13.76,15.5,2461.05,1740.25,2072.8,2314.13,91.19,102.88,136.94,118.11,409.53,477.33,578.51,776.75,30.86,25.74,19.36,18.41,813.34,845.02,1005.42,1093.56,0.35,0.37,0.39,0.4,13.05,13.59,11.85,12.89,12.45,13.8,18.18,13.13,15.8,14.7,20.07,25.24,26.14,21.17,16.79,218.38,22.55,20.54,3.28,3.23,2.9,2.81,3.23,3.03,6.24,6.39,5.66,4.61,6.02,5.72,1.0,0.8,0.77,2.7,1.75,0.19,0.2,0.22,0.24,1.18,0.98,1.94,7.72,3.82
MAHA.HOLS.& RSTS.,CONSUMER SERVICES,HOTEL,SMALL CAP,MHRIL,235.01,4452.09,3.98,12.5,13.3,,2991.74,1610.0,1800.0,2039.8,38.57,72.8,,83.1,80.57,252.8,269.1,,59.05,18.8,17.67,,572.44,490.0,540.0,599.1,0.19,0.3,0.3,0.29,-46.19,11.8,13.32,-22.43,-11.99,-14.4,10.2,10.94,-2.88,1.53,214.07,6.4,,82.8,,18.24,18.24,6.09,3.23,,2.83,3.23,3.03,1.49,2.77,2.47,2.18,2.62,2.47,11.3,-0.43,-0.63,25.21,15.35,0.03,0.16,0.15,,13.01,-0.75,,135.6,,6996.06,12.16,12.5,13.76,15.5,2461.05,1740.25,2072.8,2314.13,91.19,102.88,136.94,118.11,409.53,477.33,578.51,776.75,30.86,25.74,19.36,18.41,813.34,845.02,1005.42,1093.56,0.35,0.37,0.39,0.4,13.05,13.59,11.85,12.89,12.45,13.8,18.18,13.13,15.8,14.7,20.07,25.24,26.14,21.17,16.79,218.38,22.55,20.54,3.28,3.23,2.9,2.81,3.23,3.03,6.24,6.39,5.66,4.61,6.02,5.72,1.0,0.8,0.77,2.7,1.75,0.19,0.2,0.22,0.24,1.18,0.98,1.94,7.72,3.82
DELTA CORPORATION,CONSUMER SERVICES,HOTEL,SMALL CAP,DELTACORP,65.95,1986.06,,,,,,,,,,,,,,,,,,,,,,,,,,,,,,,,,,,,,,,,,,,,,,,,,,,,,,,,,,,,,,,,,,,,,,,,6996.06,12.16,12.5,13.76,15.5,2461.05,1740.25,2072.8,2314.13,91.19,102.88,136.94,118.11,409.53,477.33,578.51,776.75,30.86,25.74,19.36,18.41,813.34,845.02,1005.42,1093.56,0.35,0.37,0.39,0.4,13.05,13.59,11.85,12.89,12.45,13.8,18.18,13.13,15.8,14.7,20.07,25.24,26.14,21.17,16.79,218.38,22.55,20.54,3.28,3.23,2.9,2.81,3.23,3.03,6.24,6.39,5.66,4.61,6.02,5.72,1.0,0.8,0.77,2.7,1.75,0.19,0.2,0.22,0.24,1.18,0.98,1.94,7.72,3.82
INDIA TOURISM DEVELOPMENT CORPORATION,CONSUMER SERVICES,HOTEL,SMALL CAP,ITDC,619.0,4710.88,,,,,,,,,,,,,,,,,,,,,,,,,,,,,,,,,,,,,,,,,,,,,,,,,,,,,,,,,,,,,,,,,,,,,,,,6996.06,12.16,12.5,13.76,15.5,2461.05,1740.25,2072.8,2314.13,91.19,102.88,136.94,118.11,409.53,477.33,578.51,776.75,30.86,25.74,19.36,18.41,813.34,845.02,1005.42,1093.56,0.35,0.37,0.39,0.4,13.05,13.59,11.85,12.89,12.45,13.8,18.18,13.13,15.8,14.7,20.07,25.24,26.14,21.17,16.79,218.38,22.55,20.54,3.28,3.23,2.9,2.81,3.23,3.03,6.24,6.39,5.66,4.61,6.02,5.72,1.0,0.8,0.77,2.7,1.75,0.19,0.2,0.22,0.24,1.18,0.98,1.94,7.72,3.82
SAMHI HOTELS,CONSUMER SERVICES,HOTEL,SMALL CAP,SAMHI,175.81,3775.18,20.03,9.81,13.76,15.5,1247.8,1415.72,1608.18,1728.5,98.24,102.88,,118.11,395.46,218.12,301.88,410.2,8.78,17.92,12.78,11.34,431.36,522.06,617.0,618.6,0.35,0.37,0.38,0.36,13.46,13.59,7.48,13.53,11.47,21.03,18.18,0.26,19.6,12.77,-51.01,40.24,12.65,-17.12,-8.19,15.35,14.01,1.79,1.71,,1.49,1.71,1.6,3.03,2.67,2.35,2.18,2.51,2.4,2.31,1.49,-2.58,5.35,1.16,0.32,0.15,0.19,0.24,-16.29,3.36,4.96,-23.04,-9.19,6996.06,12.16,12.5,13.76,15.5,2461.05,1740.25,2072.8,2314.13,91.19,102.88,136.94,118.11,409.53,477.33,578.51,776.75,30.86,25.74,19.36,18.41,813.34,845.02,1005.42,1093.56,0.35,0.37,0.39,0.4,13.05,13.59,11.85,12.89,12.45,13.8,18.18,13.13,15.8,14.7,20.07,25.24,26.14,21.17,16.79,218.38,22.55,20.54,3.28,3.23,2.9,2.81,3.23,3.03,6.24,6.39,5.66,4.61,6.02,5.72,1.0,0.8,0.77,2.7,1.75,0.19,0.2,0.22,0.24,1.18,0.98,1.94,7.72,3.82
JUNIPER HOTELS,CONSUMER SERVICES,HOTEL,SMALL CAP,JUNIPER,201.76,4395.98,8.31,10.83,13.57,13.2,1047.68,1208.43,1390.3,1526.5,128.92,143.3,,158.55,184.94,240.67,310.17,292.8,24.28,18.62,14.87,15.28,422.65,487.97,579.0,647.0,0.4,0.4,0.42,0.42,15.34,15.05,9.8,15.2,13.37,15.45,18.66,11.74,17.04,15.25,30.36,25.24,-2.71,27.77,16.68,16.75,16.26,1.57,1.41,,1.27,1.41,1.34,4.2,3.64,3.16,2.88,3.4,3.23,0.04,1.27,0.74,1.6,1.66,0.18,0.2,0.22,0.19,2.26,2.39,-3.13,12.42,2.81,6996.06,12.16,12.5,13.76,15.5,2461.05,1740.25,2072.8,2314.13,91.19,102.88,136.94,118.11,409.53,477.33,578.51,776.75,30.86,25.74,19.36,18.41,813.34,845.02,1005.42,1093.56,0.35,0.37,0.39,0.4,13.05,13.59,11.85,12.89,12.45,13.8,18.18,13.13,15.8,14.7,20.07,25.24,26.14,21.17,16.79,218.38,22.55,20.54,3.28,3.23,2.9,2.81,3.23,3.03,6.24,6.39,5.66,4.61,6.02,5.72,1.0,0.8,0.77,2.7,1.75,0.19,0.2,0.22,0.24,1.18,0.98,1.94,7.72,3.82
APEEJAY SURRENDRA PARK HOTELS,CONSUMER SERVICES,HOTEL,SMALL CAP,PARKHOTELS,120.99,2631.54,3.92,4.7,6.25,8.4,627.18,718.85,840.05,1017.35,60.26,64.35,76.5,69.55,83.59,99.2,132.4,178.35,30.86,25.74,19.36,14.4,200.98,234.8,281.05,358.95,0.32,0.33,0.33,0.35,14.62,16.86,21.11,15.73,17.5,16.83,19.7,27.72,18.25,21.33,19.9,32.98,34.4,26.27,28.92,22.55,19.83,2.01,1.88,1.58,1.74,1.73,1.73,4.2,3.66,3.13,2.59,3.4,3.13,0.62,0.79,1.83,2.18,3.26,0.13,0.14,0.16,0.18,0.47,1.96,1.77,8.75,9.57,6996.06,12.16,12.5,13.76,15.5,2461.05,1740.25,2072.8,2314.13,91.19,102.88,136.94,118.11,409.53,477.33,578.51,776.75,30.86,25.74,19.36,18.41,813.34,845.02,1005.42,1093.56,0.35,0.37,0.39,0.4,13.05,13.59,11.85,12.89,12.45,13.8,18.18,13.13,15.8,14.7,20.07,25.24,26.14,21.17,16.79,218.38,22.55,20.54,3.28,3.23,2.9,2.81,3.23,3.03,6.24,6.39,5.66,4.61,6.02,5.72,1.0,0.8,0.77,2.7,1.75,0.19,0.2,0.22,0.24,1.18,0.98,1.94,7.72,3.82
HLV,CONSUMER SERVICES,HOTEL,SMALL CAP,HLVLTD,7.83,530.04,,,,,,,,,,,,,,,,,,,,,,,,,,,,,,,,,,,,,,,,,,,,,,,,,,,,,,,,,,,,,,,,,,,,,,,,6996.06,12.16,12.5,13.76,15.5,2461.05,1740.25,2072.8,2314.13,91.19,102.88,136.94,118.11,409.53,477.33,578.51,776.75,30.86,25.74,19.36,18.41,813.34,845.02,1005.42,1093.56,0.35,0.37,0.39,0.4,13.05,13.59,11.85,12.89,12.45,13.8,18.18,13.13,15.8,14.7,20.07,25.24,26.14,21.17,16.79,218.38,22.55,20.54,3.28,3.23,2.9,2.81,3.23,3.03,6.24,6.39,5.66,4.61,6.02,5.72,1.0,0.8,0.77,2.7,1.75,0.19,0.2,0.22,0.24,1.18,0.98,1.94,7.72,3.82
INTERGLOBE AVIATION,CONSUMER SERVICES,AVIATION,LARGE CAP,INDIGO,5021.5,173248.8,187.67,41.63,134.83,216.04,80802.9,85677.36,100414.7,112931.5,242.43,243.64,591.03,384.51,7258.4,1692.7,6554.31,8700.12,26.76,120.61,37.24,23.24,18058.3,16765.51,20577.37,26779.82,0.22,0.2,0.2,0.24,6.03,17.2,12.47,11.48,11.81,-7.16,22.74,30.14,6.75,14.04,-77.82,223.84,60.24,-15.24,4.8,78.93,60.37,20.71,20.61,8.5,13.06,14.55,14.06,2.14,2.02,1.73,1.53,1.87,1.76,-2.78,0.92,3.22,-4.24,2.0,0.09,0.02,0.07,0.08,-7.01,4.55,1.18,-14.76,-4.99,87605.68,94.13,13.8,59.14,102.27,43064.3,45445.96,54042.24,60857.04,114.35,107.74,267.4,169.89,3660.58,202.7,2963.05,4419.01,26.76,120.61,37.24,23.24,8808.46,8481.04,10240.09,13547.9,0.07,0.12,0.1,0.14,1.97,32.14,13.49,15.74,14.98,-75.85,-63.35,-197.5,-23.16,14.04,-1278.14,120.91,14.85,-15.24,4.8,5021.5,78.93,60.37,20.71,20.61,8.5,13.06,14.55,14.06,1.26,1.2,0.99,0.88,1.09,1.02,4.64,-2.06,4.04,-32.57,2.0,0.05,-0.11,-0.01,0.05,-16.44,10.52,5.47,-14.76,2.52
SPICEJET,CONSUMER SERVICES,AVIATION,SMALL CAP,SPICEJET,,1962.56,0.59,-14.03,-16.56,-11.5,5325.69,5214.56,7669.78,8782.58,-13.74,-28.16,-56.22,-44.72,62.77,-1287.3,-628.2,137.9,,,,,-441.38,196.57,-97.19,315.99,-0.08,0.04,-0.01,0.04,-2.09,47.08,14.51,20.01,18.14,-144.54,-149.44,-425.14,-53.08,,-2478.47,17.99,-30.53,,,,,,,,,,,0.37,0.38,0.26,0.22,0.32,0.29,12.06,-5.04,4.87,-60.9,,0.01,-0.25,-0.08,0.02,-25.87,16.5,9.76,,10.03,87605.68,94.13,13.8,59.14,102.27,43064.3,45445.96,54042.24,60857.04,114.35,107.74,267.4,169.89,3660.58,202.7,2963.05,4419.01,26.76,120.61,37.24,23.24,8808.46,8481.04,10240.09,13547.9,0.07,0.12,0.1,0.14,1.97,32.14,13.49,15.74,14.98,-75.85,-63.35,-197.5,-23.16,14.04,-1278.14,120.91,14.85,-15.24,4.8,5021.5,78.93,60.37,20.71,20.61,8.5,13.06,14.55,14.06,1.26,1.2,0.99,0.88,1.09,1.02,4.64,-2.06,4.04,-32.57,2.0,0.05,-0.11,-0.01,0.05,-16.44,10.52,5.47,-14.76,2.52
ZOMATO,CONSUMER SERVICES,E-COMMERCE,LARGE CAP,ZOMATO,,230003.5,0.39,2.02,4.01,6.55,54364.0,95827.62,138351.4,183942.9,33.7,35.31,46.83,39.65,366.0,1959.74,3880.15,6830.29,,,,,1208.0,3547.82,6193.07,9606.34,0.02,0.04,0.04,0.05,76.27,44.38,32.95,59.53,50.13,193.69,74.56,55.11,126.42,99.6,417.95,98.51,63.34,220.66,156.09,,,,,,,,,4.23,2.4,1.66,1.25,2.03,1.77,1.48,0.77,0.75,41.93,32.96,0.01,0.02,0.03,0.04,1.37,0.76,0.91,104.1,76.68,12570.14,6.27,7.36,9.02,8.55,2653.61,3033.99,3402.92,5811.47,70.28,91.74,62.87,97.96,216.84,472.81,603.72,938.93,24.21,39.44,33.06,45.55,357.52,512.11,644.05,1286.38,0.1,0.11,0.11,0.12,16.53,13.73,13.18,14.43,13.88,12.84,15.59,18.88,18.9,22.46,17.34,18.38,11.66,22.94,20.42,389.15,36.25,33.8,3.76,3.61,5.24,3.28,4.1,4.08,4.23,3.49,3.28,3.56,3.38,3.44,0.82,0.77,1.04,4.07,6.73,0.07,0.09,0.09,0.08,1.58,0.76,1.41,9.9,8.27
SWIGGY,CONSUMER SERVICES,E-COMMERCE,LARGE CAP,SWIGGY,254.05,66167.73,-16.87,-8.25,-2.26,4.41,23053.0,29979.24,37825.85,45217.83,70.28,62.36,62.87,61.54,-4154.0,-2188.76,-501.03,1189.67,-15.06,-30.8,-112.51,57.59,-3231.0,-1546.4,183.44,2239.98,-0.14,-0.05,0.0,0.05,30.04,26.17,19.54,28.09,25.18,-52.14,-111.86,1121.08,,,-51.1,-72.63,-295.35,-63.41,,-71.65,-28.57,3.62,4.07,4.04,4.13,4.06,4.08,2.87,2.21,1.75,1.46,1.98,1.81,8.86,5.64,4.47,,,-0.18,-0.07,-0.01,0.03,10.72,5.98,3.96,-72.89,,12570.14,6.27,7.36,9.02,8.55,2653.61,3033.99,3402.92,5811.47,70.28,91.74,62.87,97.96,216.84,472.81,603.72,938.93,24.21,39.44,33.06,45.55,357.52,512.11,644.05,1286.38,0.1,0.11,0.11,0.12,16.53,13.73,13.18,14.43,13.88,12.84,15.59,18.88,18.9,22.46,17.34,18.38,11.66,22.94,20.42,389.15,36.25,33.8,3.76,3.61,5.24,3.28,4.1,4.08,4.23,3.49,3.28,3.56,3.38,3.44,0.82,0.77,1.04,4.07,6.73,0.07,0.09,0.09,0.08,1.58,0.76,1.41,9.9,8.27
INFO EDGE (INDIA),CONSUMER SERVICES,E-COMMERCE,LARGE CAP,NAUKRI,984.25,63523.61,11.92,16.84,18.91,21.61,2653.61,3033.99,3402.92,3830.19,427.54,407.98,532.6,519.06,717.01,3485.69,1241.82,1426.03,82.57,58.46,52.05,45.55,1072.55,1210.28,1398.94,1613.06,0.4,0.4,0.41,0.42,14.33,12.16,12.56,13.24,13.01,12.84,15.59,15.31,14.21,14.57,41.25,12.3,14.28,25.95,21.93,55.26,52.02,2.3,2.41,1.85,1.9,2.13,2.05,23.94,20.94,18.67,16.58,19.8,18.73,-0.53,1.22,1.0,0.85,1.38,0.27,1.15,0.36,0.37,87.87,-78.4,0.74,16.21,11.28,12570.14,6.27,7.36,9.02,8.55,2653.61,3033.99,3402.92,5811.47,70.28,91.74,62.87,97.96,216.84,472.81,603.72,938.93,24.21,39.44,33.06,45.55,357.52,512.11,644.05,1286.38,0.1,0.11,0.11,0.12,16.53,13.73,13.18,14.43,13.88,12.84,15.59,18.88,18.9,22.46,17.34,18.38,11.66,22.94,20.42,389.15,36.25,33.8,3.76,3.61,5.24,3.28,4.1,4.08,4.23,3.49,3.28,3.56,3.38,3.44,0.82,0.77,1.04,4.07,6.73,0.07,0.09,0.09,0.08,1.58,0.76,1.41,9.9,8.27
FSN E-COMMERCE VENTURES,CONSUMER SERVICES,E-COMMERCE,MID CAP,NYKAA,302.3,76269.55,0.76,1.63,2.64,4.05,10022.35,12641.69,15719.1,19218.56,5.02,6.89,13.22,9.55,216.84,472.81,773.05,1271.34,397.76,185.46,114.42,74.64,752.31,1118.2,1549.31,2099.96,0.08,0.09,0.1,0.11,26.13,24.34,22.26,25.24,24.24,48.63,38.55,35.54,43.51,40.8,114.47,62.09,53.29,86.45,74.67,149.94,124.84,60.2,43.86,22.87,31.64,33.36,32.79,7.61,6.03,4.85,3.97,5.44,4.95,1.34,1.01,1.07,14.59,13.33,0.02,0.04,0.05,0.07,1.58,1.18,1.7,50.77,45.14,12570.14,6.27,7.36,9.02,8.55,2653.61,3033.99,3402.92,5811.47,70.28,91.74,62.87,97.96,216.84,472.81,603.72,938.93,24.21,39.44,33.06,45.55,357.52,512.11,644.05,1286.38,0.1,0.11,0.11,0.12,16.53,13.73,13.18,14.43,13.88,12.84,15.59,18.88,18.9,22.46,17.34,18.38,11.66,22.94,20.42,389.15,36.25,33.8,3.76,3.61,5.24,3.28,4.1,4.08,4.23,3.49,3.28,3.56,3.38,3.44,0.82,0.77,1.04,4.07,6.73,0.07,0.09,0.09,0.08,1.58,0.76,1.41,9.9,8.27
BRAINBEES SOLUTIONS,CONSUMER SERVICES,E-COMMERCE,SMALL CAP,FIRSTCRY,215.75,11501.72,-1.86,1.78,4.28,4.0,8547.94,9750.91,11136.21,7792.75,,91.74,26.0,97.96,-90.21,71.57,191.2,221.1,-115.99,121.41,50.44,53.94,262.36,512.11,816.46,959.7,0.03,0.05,0.07,0.12,14.07,14.21,-30.02,14.14,-3.04,95.19,59.43,17.54,76.41,54.08,-195.54,140.69,-6.48,,,85.93,75.26,,2.35,8.3,2.2,5.32,4.28,1.35,1.18,1.03,1.48,1.11,1.23,2.18,2.08,4.98,54.55,58.9,-0.01,0.01,0.02,0.03,1.79,0.98,1.12,,,12570.14,6.27,7.36,9.02,8.55,2653.61,3033.99,3402.92,5811.47,70.28,91.74,62.87,97.96,216.84,472.81,603.72,938.93,24.21,39.44,33.06,45.55,357.52,512.11,644.05,1286.38,0.1,0.11,0.11,0.12,16.53,13.73,13.18,14.43,13.88,12.84,15.59,18.88,18.9,22.46,17.34,18.38,11.66,22.94,20.42,389.15,36.25,33.8,3.76,3.61,5.24,3.28,4.1,4.08,4.23,3.49,3.28,3.56,3.38,3.44,0.82,0.77,1.04,4.07,6.73,0.07,0.09,0.09,0.08,1.58,0.76,1.41,9.9,8.27
INDIAMART INTERMESH,CONSUMER SERVICES,E-COMMERCE,SMALL CAP,INDIAMART,2089.4,12255.65,87.15,94.37,105.26,114.77,1442.8,1681.28,1889.09,1923.2,,474.85,539.7,523.65,525.2,566.86,639.89,688.2,23.97,22.14,19.85,18.21,520.3,579.58,644.05,655.33,0.36,0.34,0.34,0.34,16.53,12.36,1.81,14.43,10.05,11.39,11.12,1.75,11.26,7.99,8.28,11.54,9.03,9.9,9.61,21.0,20.07,,4.4,3.87,3.99,4.14,4.09,8.49,7.29,6.49,6.37,6.89,6.72,-1.59,-0.38,-0.02,-2.77,-1.87,0.36,0.34,0.34,0.36,-2.69,0.16,1.91,-3.54,-0.57,12570.14,6.27,7.36,9.02,8.55,2653.61,3033.99,3402.92,5811.47,70.28,91.74,62.87,97.96,216.84,472.81,603.72,938.93,24.21,39.44,33.06,45.55,357.52,512.11,644.05,1286.38,0.1,0.11,0.11,0.12,16.53,13.73,13.18,14.43,13.88,12.84,15.59,18.88,18.9,22.46,17.34,18.38,11.66,22.94,20.42,389.15,36.25,33.8,3.76,3.61,5.24,3.28,4.1,4.08,4.23,3.49,3.28,3.56,3.38,3.44,0.82,0.77,1.04,4.07,6.73,0.07,0.09,0.09,0.08,1.58,0.76,1.41,9.9,8.27
HONASA CONSUMER,CONSUMER SERVICES,E-COMMERCE,SMALL CAP,HONASA,417.4,12884.64,6.27,7.36,9.02,10.54,2391.94,2791.48,3174.76,3612.99,43.42,48.64,64.9,49.12,204.74,241.15,291.59,360.73,66.57,56.74,46.27,39.59,236.16,298.47,360.73,433.64,0.1,0.11,0.11,0.12,16.7,13.73,13.8,15.21,14.74,26.39,20.86,20.21,23.59,22.46,17.34,22.6,16.88,19.94,18.91,51.51,47.53,9.61,8.58,6.43,8.5,7.51,7.84,5.39,4.62,4.06,3.57,4.34,4.08,0.82,0.67,0.64,7.28,6.73,0.09,0.09,0.09,0.1,0.08,0.55,0.8,3.59,5.27,12570.14,6.27,7.36,9.02,8.55,2653.61,3033.99,3402.92,5811.47,70.28,91.74,62.87,97.96,216.84,472.81,603.72,938.93,24.21,39.44,33.06,45.55,357.52,512.11,644.05,1286.38,0.1,0.11,0.11,0.12,16.53,13.73,13.18,14.43,13.88,12.84,15.59,18.88,18.9,22.46,17.34,18.38,11.66,22.94,20.42,389.15,36.25,33.8,3.76,3.61,5.24,3.28,4.1,4.08,4.23,3.49,3.28,3.56,3.38,3.44,0.82,0.77,1.04,4.07,6.73,0.07,0.09,0.09,0.08,1.58,0.76,1.41,9.9,8.27
RATTANINDIA ENTERPRISES,CONSUMER SERVICES,E-COMMERCE,SMALL CAP,RTNINDIA,35.07,4826.2,,,,,,,,,,,,,,,,,,,,,,,,,,,,,,,,,,,,,,,,,,,,,,,,,,,,,,,,,,,,,,,,,,,,,,,,12570.14,6.27,7.36,9.02,8.55,2653.61,3033.99,3402.92,5811.47,70.28,91.74,62.87,97.96,216.84,472.81,603.72,938.93,24.21,39.44,33.06,45.55,357.52,512.11,644.05,1286.38,0.1,0.11,0.11,0.12,16.53,13.73,13.18,14.43,13.88,12.84,15.59,18.88,18.9,22.46,17.34,18.38,11.66,22.94,20.42,389.15,36.25,33.8,3.76,3.61,5.24,3.28,4.1,4.08,4.23,3.49,3.28,3.56,3.38,3.44,0.82,0.77,1.04,4.07,6.73,0.07,0.09,0.09,0.08,1.58,0.76,1.41,9.9,8.27
JUST DIAL,CONSUMER SERVICES,E-COMMERCE,SMALL CAP,JUSTDIAL,539.9,4527.77,60.92,64.46,69.57,63.05,1213.86,1297.68,1381.15,1274.7,600.45,675.87,,752.58,518.1,562.35,603.72,621.55,8.86,8.38,7.76,8.56,357.52,377.33,404.0,387.75,0.29,0.29,0.29,0.3,6.91,6.43,-7.71,6.67,1.64,5.54,7.07,-4.02,6.3,2.74,5.81,7.93,-9.38,6.87,1.15,8.07,8.23,0.9,0.8,,0.72,0.8,0.76,3.73,3.49,3.28,3.55,3.38,3.44,-0.38,0.17,1.17,-0.34,1.08,0.43,0.43,0.44,0.49,0.65,0.38,5.05,1.2,4.54,12570.14,6.27,7.36,9.02,8.55,2653.61,3033.99,3402.92,5811.47,70.28,91.74,62.87,97.96,216.84,472.81,603.72,938.93,24.21,39.44,33.06,45.55,357.52,512.11,644.05,1286.38,0.1,0.11,0.11,0.12,16.53,13.73,13.18,14.43,13.88,12.84,15.59,18.88,18.9,22.46,17.34,18.38,11.66,22.94,20.42,389.15,36.25,33.8,3.76,3.61,5.24,3.28,4.1,4.08,4.23,3.49,3.28,3.56,3.38,3.44,0.82,0.77,1.04,4.07,6.73,0.07,0.09,0.09,0.08,1.58,0.76,1.41,9.9,8.27
MATRIMONY COM,CONSUMER SERVICES,E-COMMERCE,SMALL CAP,MATRIMONY,389.15,864.66,15.92,23.4,27.7,,459.99,511.5,555.6,,99.84,123.3,,151.0,34.17,48.4,57.2,,24.44,16.63,14.05,,74.35,70.5,79.8,,0.16,0.14,0.14,,11.2,8.62,,9.9,,-5.18,13.19,,3.6,,46.98,18.38,,31.91,,15.34,15.34,3.9,3.16,,2.58,3.16,2.87,1.88,1.69,1.56,,1.62,1.62,-2.38,0.58,,-5.73,,0.07,0.09,0.1,,2.03,0.83,,17.72,,12570.14,6.27,7.36,9.02,8.55,2653.61,3033.99,3402.92,5811.47,70.28,91.74,62.87,97.96,216.84,472.81,603.72,938.93,24.21,39.44,33.06,45.55,357.52,512.11,644.05,1286.38,0.1,0.11,0.11,0.12,16.53,13.73,13.18,14.43,13.88,12.84,15.59,18.88,18.9,22.46,17.34,18.38,11.66,22.94,20.42,389.15,36.25,33.8,3.76,3.61,5.24,3.28,4.1,4.08,4.23,3.49,3.28,3.56,3.38,3.44,0.82,0.77,1.04,4.07,6.73,0.07,0.09,0.09,0.08,1.58,0.76,1.41,9.9,8.27
INDN.RY.CATER.&. TSM. CORP.,CONSUMER SERVICES,TRAVEL,MID CAP,IRCTC,519.6,42975.99,17.21,20.34,22.97,22.5,5214.86,5734.35,6478.51,6526.5,53.86,61.52,,67.54,1376.67,1567.92,1733.32,1800.2,30.19,25.55,22.62,23.09,1665.96,2002.96,2227.17,2143.3,0.32,0.35,0.34,0.33,9.96,12.98,0.74,11.46,7.77,20.23,11.19,-3.77,15.62,8.76,18.18,12.94,-2.05,15.53,9.35,24.08,23.75,9.65,8.45,,7.69,8.45,8.07,8.24,7.49,6.63,6.58,7.06,6.9,2.98,-0.55,-1.54,3.74,0.92,0.26,0.27,0.27,0.28,0.94,-0.59,0.83,0.67,1.47,3616.3,16.64,19.6,21.5,30.77,1823.55,3037.31,3669.8,4005.78,56.5,69.1,219.87,82.1,224.84,293.45,380.67,499.04,30.19,23.53,17.43,22.66,338.63,480.4,620.38,719.74,0.19,0.14,0.18,0.18,11.56,10.81,5.11,11.46,18.1,18.15,17.05,7.87,21.03,23.9,18.18,24.3,26.62,17.46,30.0,247.24,20.48,18.82,4.47,3.41,6.78,2.74,3.41,3.08,3.64,2.84,2.56,2.67,2.7,2.58,0.66,0.53,0.57,3.5,1.48,0.12,0.1,0.11,0.12,0.94,0.93,1.39,3.67,0.68
BLS INTERNATIONAL SER.,CONSUMER SERVICES,TRAVEL,SMALL CAP,BLS,267.45,10919.74,16.64,19.6,21.5,,2998.22,3344.8,3669.8,,59.83,78.5,,97.5,686.7,808.6,903.4,,16.07,13.65,12.44,,819.54,968.3,1061.5,,0.27,0.29,0.29,,11.56,9.72,,10.63,,18.15,9.63,,13.81,,17.79,9.69,,13.67,,13.04,13.04,4.47,3.41,,2.74,3.41,3.08,3.64,3.26,2.98,,3.12,3.12,1.62,-0.02,,2.87,,0.23,0.24,0.25,,1.27,0.44,,3.67,,3616.3,16.64,19.6,21.5,30.77,1823.55,3037.31,3669.8,4005.78,56.5,69.1,219.87,82.1,224.84,293.45,380.67,499.04,30.19,23.53,17.43,22.66,338.63,480.4,620.38,719.74,0.19,0.14,0.18,0.18,11.56,10.81,5.11,11.46,18.1,18.15,17.05,7.87,21.03,23.9,18.18,24.3,26.62,17.46,30.0,247.24,20.48,18.82,4.47,3.41,6.78,2.74,3.41,3.08,3.64,2.84,2.56,2.67,2.7,2.58,0.66,0.53,0.57,3.5,1.48,0.12,0.1,0.11,0.12,0.94,0.93,1.39,3.67,0.68
TBO TEK,CONSUMER SERVICES,TRAVEL,SMALL CAP,TBOTEK,1489.8,12974.25,20.29,23.99,36.0,48.46,1737.47,2720.38,3721.5,4327.12,110.05,134.1,219.87,170.13,217.18,263.11,403.57,536.99,73.43,62.09,41.39,30.74,338.63,391.62,570.07,715.35,0.19,0.14,0.15,0.17,56.57,36.8,16.27,46.35,35.55,15.65,45.57,25.48,29.75,28.31,18.25,50.04,34.62,33.2,33.67,51.74,44.74,13.54,11.11,6.78,8.76,8.94,8.88,7.47,4.77,3.49,3.0,4.13,3.75,-5.09,0.92,1.21,-11.34,-5.34,0.12,0.1,0.11,0.12,-2.83,1.17,1.57,-6.86,-0.24,3616.3,16.64,19.6,21.5,30.77,1823.55,3037.31,3669.8,4005.78,56.5,69.1,219.87,82.1,224.84,293.45,380.67,499.04,30.19,23.53,17.43,22.66,338.63,480.4,620.38,719.74,0.19,0.14,0.18,0.18,11.56,10.81,5.11,11.46,18.1,18.15,17.05,7.87,21.03,23.9,18.18,24.3,26.62,17.46,30.0,247.24,20.48,18.82,4.47,3.41,6.78,2.74,3.41,3.08,3.64,2.84,2.56,2.67,2.7,2.58,0.66,0.53,0.57,3.5,1.48,0.12,0.1,0.11,0.12,0.94,0.93,1.39,3.67,0.68
RATEGAIN TRAVEL TECHNOLOGY,CONSUMER SERVICES,TRAVEL,SMALL CAP,RATEGAIN,867.7,8627.04,19.36,24.84,32.39,39.03,1823.55,3037.31,3365.7,3684.43,169.85,191.1,,218.3,229.01,298.61,380.67,461.1,44.82,34.94,26.79,22.23,337.45,582.15,664.2,724.13,0.19,0.19,0.2,0.2,66.56,10.81,9.47,35.86,26.42,72.51,14.09,9.02,40.29,28.98,28.29,30.4,20.52,29.34,26.33,30.86,27.99,5.11,4.54,,3.97,4.54,4.26,4.73,2.84,2.56,2.34,2.7,2.58,0.66,0.57,-0.08,3.27,2.03,0.13,0.1,0.11,0.13,-2.73,1.48,1.2,-5.1,-0.12,3616.3,16.64,19.6,21.5,30.77,1823.55,3037.31,3669.8,4005.78,56.5,69.1,219.87,82.1,224.84,293.45,380.67,499.04,30.19,23.53,17.43,22.66,338.63,480.4,620.38,719.74,0.19,0.14,0.18,0.18,11.56,10.81,5.11,11.46,18.1,18.15,17.05,7.87,21.03,23.9,18.18,24.3,26.62,17.46,30.0,247.24,20.48,18.82,4.47,3.41,6.78,2.74,3.41,3.08,3.64,2.84,2.56,2.67,2.7,2.58,0.66,0.53,0.57,3.5,1.48,0.12,0.1,0.11,0.12,0.94,0.93,1.39,3.67,0.68
EASY TRIP PLANNERS,CONSUMER SERVICES,TRAVEL,SMALL CAP,EASEMYTRIP,7.95,2909.48,,,,,,,,,,,,,,,,,,,,,,,,,,,,,,,,,,,,,,,,,,,,,,,,,,,,,,,,,,,,,,,,,,,,,,,,3616.3,16.64,19.6,21.5,30.77,1823.55,3037.31,3669.8,4005.78,56.5,69.1,219.87,82.1,224.84,293.45,380.67,499.04,30.19,23.53,17.43,22.66,338.63,480.4,620.38,719.74,0.19,0.14,0.18,0.18,11.56,10.81,5.11,11.46,18.1,18.15,17.05,7.87,21.03,23.9,18.18,24.3,26.62,17.46,30.0,247.24,20.48,18.82,4.47,3.41,6.78,2.74,3.41,3.08,3.64,2.84,2.56,2.67,2.7,2.58,0.66,0.53,0.57,3.5,1.48,0.12,0.1,0.11,0.12,0.94,0.93,1.39,3.67,0.68
THOMAS COOK (INDIA),CONSUMER SERVICES,TRAVEL,SMALL CAP,THOMASCOOK,111.6,4323.12,4.82,5.35,6.65,,8398.17,8971.1,9849.55,,54.66,58.0,,63.1,224.84,293.45,360.95,,23.15,20.86,16.78,,432.27,480.4,576.55,,0.05,0.05,0.06,,6.82,9.79,,8.3,,11.13,20.01,,15.49,,11.0,24.3,,17.46,,18.82,18.82,2.04,1.92,,1.77,1.92,1.85,0.51,0.48,0.44,,0.46,0.46,0.21,0.5,,6.64,,0.03,0.03,0.04,,0.59,0.39,,17.0,,3616.3,16.64,19.6,21.5,30.77,1823.55,3037.31,3669.8,4005.78,56.5,69.1,219.87,82.1,224.84,293.45,380.67,499.04,30.19,23.53,17.43,22.66,338.63,480.4,620.38,719.74,0.19,0.14,0.18,0.18,11.56,10.81,5.11,11.46,18.1,18.15,17.05,7.87,21.03,23.9,18.18,24.3,26.62,17.46,30.0,247.24,20.48,18.82,4.47,3.41,6.78,2.74,3.41,3.08,3.64,2.84,2.56,2.67,2.7,2.58,0.66,0.53,0.57,3.5,1.48,0.12,0.1,0.11,0.12,0.94,0.93,1.39,3.67,0.68
DREAMFOLKS SERVICES,CONSUMER SERVICES,TRAVEL,SMALL CAP,DREAMFOLKS,70.73,417.74,12.17,12.29,12.64,,1291.88,886.4,620.6,,56.5,69.1,,82.1,65.43,67.1,69.0,,5.81,5.76,5.6,,88.74,78.7,,,0.07,0.09,,,-31.39,-29.99,,-30.69,,-11.32,,,,,0.99,2.85,,1.91,,5.68,5.68,1.25,1.02,,0.86,1.02,0.94,0.32,0.47,0.67,,0.57,0.57,2.01,,,,,0.05,0.08,0.11,,2.51,3.55,,48.16,,3616.3,16.64,19.6,21.5,30.77,1823.55,3037.31,3669.8,4005.78,56.5,69.1,219.87,82.1,224.84,293.45,380.67,499.04,30.19,23.53,17.43,22.66,338.63,480.4,620.38,719.74,0.19,0.14,0.18,0.18,11.56,10.81,5.11,11.46,18.1,18.15,17.05,7.87,21.03,23.9,18.18,24.3,26.62,17.46,30.0,247.24,20.48,18.82,4.47,3.41,6.78,2.74,3.41,3.08,3.64,2.84,2.56,2.67,2.7,2.58,0.66,0.53,0.57,3.5,1.48,0.12,0.1,0.11,0.12,0.94,0.93,1.39,3.67,0.68
YATRA ONLINE,CONSUMER SERVICES,TRAVEL,SMALL CAP,YATRA,112.96,1587.21,3.22,4.8,6.48,8.6,1006.51,1216.62,1424.82,1331.6,52.91,58.05,,64.75,50.6,74.68,100.76,127.2,35.08,23.53,17.43,13.13,80.36,100.66,128.46,137.1,0.08,0.08,0.09,0.1,20.88,17.11,-6.54,18.98,9.78,25.26,27.62,6.73,26.44,19.49,49.07,35.0,32.72,41.86,38.74,20.48,18.03,2.14,1.95,,1.74,1.95,1.85,1.58,1.3,1.11,1.19,1.21,1.2,0.29,0.74,1.28,6.27,8.85,0.05,0.06,0.07,0.1,1.11,0.93,2.48,18.6,23.86,3616.3,16.64,19.6,21.5,30.77,1823.55,3037.31,3669.8,4005.78,56.5,69.1,219.87,82.1,224.84,293.45,380.67,499.04,30.19,23.53,17.43,22.66,338.63,480.4,620.38,719.74,0.19,0.14,0.18,0.18,11.56,10.81,5.11,11.46,18.1,18.15,17.05,7.87,21.03,23.9,18.18,24.3,26.62,17.46,30.0,247.24,20.48,18.82,4.47,3.41,6.78,2.74,3.41,3.08,3.64,2.84,2.56,2.67,2.7,2.58,0.66,0.53,0.57,3.5,1.48,0.12,0.1,0.11,0.12,0.94,0.93,1.39,3.67,0.68
ACCELYA SOLUTIONS INDIA,CONSUMER SERVICES,TRAVEL,SMALL CAP,ACCELYA,1127.7,1688.46,,,,,,,,,,,,,,,,,,,,,,,,,,,,,,,,,,,,,,,,,,,,,,,,,,,,,,,,,,,,,,,,,,,,,,,,3616.3,16.64,19.6,21.5,30.77,1823.55,3037.31,3669.8,4005.78,56.5,69.1,219.87,82.1,224.84,293.45,380.67,499.04,30.19,23.53,17.43,22.66,338.63,480.4,620.38,719.74,0.19,0.14,0.18,0.18,11.56,10.81,5.11,11.46,18.1,18.15,17.05,7.87,21.03,23.9,18.18,24.3,26.62,17.46,30.0,247.24,20.48,18.82,4.47,3.41,6.78,2.74,3.41,3.08,3.64,2.84,2.56,2.67,2.7,2.58,0.66,0.53,0.57,3.5,1.48,0.12,0.1,0.11,0.12,0.94,0.93,1.39,3.67,0.68
BLS E-SERVICES,CONSUMER SERVICES,TRAVEL,SMALL CAP,BLSE,227.03,1984.24,,,,,,,,,,,,,,,,,,,,,,,,,,,,,,,,,,,,,,,,,,,,,,,,,,,,,,,,,,,,,,,,,,,,,,,,3616.3,16.64,19.6,21.5,30.77,1823.55,3037.31,3669.8,4005.78,56.5,69.1,219.87,82.1,224.84,293.45,380.67,499.04,30.19,23.53,17.43,22.66,338.63,480.4,620.38,719.74,0.19,0.14,0.18,0.18,11.56,10.81,5.11,11.46,18.1,18.15,17.05,7.87,21.03,23.9,18.18,24.3,26.62,17.46,30.0,247.24,20.48,18.82,4.47,3.41,6.78,2.74,3.41,3.08,3.64,2.84,2.56,2.67,2.7,2.58,0.66,0.53,0.57,3.5,1.48,0.12,0.1,0.11,0.12,0.94,0.93,1.39,3.67,0.68
JUBILANT FOODWORKS,CONSUMER SERVICES,QSR,MID CAP,JUBLFOOD,419.0,28283.29,7.0,7.12,9.63,9.92,9512.51,10056.79,11489.17,11946.44,34.85,45.13,52.39,51.17,462.19,507.18,662.06,744.5,59.86,58.86,43.5,42.23,1887.84,2017.29,2398.51,2498.0,0.2,0.2,0.21,0.21,5.72,14.24,3.98,9.9,7.89,6.86,18.9,4.15,12.72,9.79,1.7,35.3,3.0,17.3,12.33,51.18,48.2,12.02,9.28,8.0,8.19,8.64,8.49,2.97,2.81,2.46,2.37,2.64,2.55,0.21,0.82,0.03,2.56,1.76,0.05,0.05,0.06,0.06,0.18,0.72,0.47,8.9,8.65,6610.91,-0.47,0.85,1.93,4.29,2973.98,3366.22,3846.93,4672.06,37.37,41.44,49.95,44.23,-13.96,34.6,73.65,152.77,-676.96,166.11,75.85,53.64,405.23,496.84,607.59,774.23,0.15,0.16,0.17,0.17,12.87,12.83,12.9,12.51,12.56,21.52,18.76,15.16,20.35,17.8,-190.92,77.15,29.26,-15.02,12.33,187.87,120.98,95.26,9.35,9.28,7.0,8.19,8.05,8.48,2.23,1.97,1.76,1.81,1.87,1.77,1.16,0.85,0.34,7.45,4.83,-0.0,0.01,0.02,0.03,1.35,0.96,0.98,-22.63,8.65
DEVYANI INTERNATIONAL,CONSUMER SERVICES,QSR,SMALL CAP,DEVYANI,116.91,14349.39,-0.14,0.57,1.37,1.78,5611.48,6359.68,7159.28,7935.46,12.51,12.04,18.28,12.54,-17.13,66.18,153.68,240.95,-835.07,206.19,85.09,65.83,849.75,1040.38,1234.18,1384.15,0.15,0.16,0.17,0.17,13.33,12.57,10.84,12.95,12.24,22.43,18.63,12.15,20.52,17.66,-505.0,142.33,29.26,,,145.64,119.04,9.35,9.71,6.4,9.33,8.05,8.48,2.56,2.26,2.0,1.81,2.13,2.02,1.22,0.88,0.2,6.7,4.83,-0.0,0.01,0.02,0.03,1.35,1.11,0.89,,,6610.91,-0.47,0.85,1.93,4.29,2973.98,3366.22,3846.93,4672.06,37.37,41.44,49.95,44.23,-13.96,34.6,73.65,152.77,-676.96,166.11,75.85,53.64,405.23,496.84,607.59,774.23,0.15,0.16,0.17,0.17,12.87,12.83,12.9,12.51,12.56,21.52,18.76,15.16,20.35,17.8,-190.92,77.15,29.26,-15.02,12.33,187.87,120.98,95.26,9.35,9.28,7.0,8.19,8.05,8.48,2.23,1.97,1.76,1.81,1.87,1.77,1.16,0.85,0.34,7.45,4.83,-0.0,0.01,0.02,0.03,1.35,0.96,0.98,-22.63,8.65
WESTLIFE FOODWORLD,CONSUMER SERVICES,QSR,SMALL CAP,WESTLIFE,467.1,7274.96,-0.69,1.62,4.9,8.71,2625.56,2946.37,3332.02,3761.73,39.89,40.87,51.29,44.77,-10.79,39.04,79.32,126.31,-676.96,289.23,95.23,53.64,336.84,406.12,500.44,588.35,0.13,0.14,0.15,0.16,12.22,13.09,12.9,12.65,12.73,20.57,23.22,17.57,21.89,20.43,-334.06,203.72,77.53,,,192.23,146.03,11.71,11.43,9.11,10.43,10.27,10.32,2.77,2.47,2.18,1.93,2.33,2.2,0.95,1.24,0.62,8.2,6.83,-0.0,0.01,0.02,0.03,1.74,1.06,0.98,,,6610.91,-0.47,0.85,1.93,4.29,2973.98,3366.22,3846.93,4672.06,37.37,41.44,49.95,44.23,-13.96,34.6,73.65,152.77,-676.96,166.11,75.85,53.64,405.23,496.84,607.59,774.23,0.15,0.16,0.17,0.17,12.87,12.83,12.9,12.51,12.56,21.52,18.76,15.16,20.35,17.8,-190.92,77.15,29.26,-15.02,12.33,187.87,120.98,95.26,9.35,9.28,7.0,8.19,8.05,8.48,2.23,1.97,1.76,1.81,1.87,1.77,1.16,0.85,0.34,7.45,4.83,-0.0,0.01,0.02,0.03,1.35,0.96,0.98,-22.63,8.65
SAPPHIRE FOODS INDIA,CONSUMER SERVICES,QSR,SMALL CAP,SAPPHIRE,187.87,5946.87,-0.25,1.13,2.48,4.29,3125.32,3512.89,3946.29,4456.72,43.27,42.0,49.95,43.68,-8.0,30.17,67.98,152.77,-751.48,166.11,75.85,43.81,473.62,571.18,672.31,774.23,0.15,0.16,0.17,0.17,12.4,12.34,12.93,12.37,12.56,20.6,17.7,15.16,19.14,17.8,-552.4,119.01,73.11,,,120.98,95.26,4.34,4.47,3.76,4.3,4.12,4.18,1.9,1.69,1.51,1.33,1.6,1.51,1.11,0.78,0.34,6.03,4.66,-0.0,0.01,0.02,0.03,1.11,0.86,1.71,,,6610.91,-0.47,0.85,1.93,4.29,2973.98,3366.22,3846.93,4672.06,37.37,41.44,49.95,44.23,-13.96,34.6,73.65,152.77,-676.96,166.11,75.85,53.64,405.23,496.84,607.59,774.23,0.15,0.16,0.17,0.17,12.87,12.83,12.9,12.51,12.56,21.52,18.76,15.16,20.35,17.8,-190.92,77.15,29.26,-15.02,12.33,187.87,120.98,95.26,9.35,9.28,7.0,8.19,8.05,8.48,2.23,1.97,1.76,1.81,1.87,1.77,1.16,0.85,0.34,7.45,4.83,-0.0,0.01,0.02,0.03,1.35,0.96,0.98,-22.63,8.65
RESTAURANT BRANDS ASIA,CONSUMER SERVICES,QSR,SMALL CAP,RBA,73.67,3960.64,-3.15,-2.87,-2.28,0.9,2822.64,3219.56,3747.57,4672.06,12.37,10.78,10.53,10.56,-184.83,-167.38,-146.9,52.52,-23.39,-25.65,-32.38,81.76,328.26,422.5,542.87,731.05,0.12,0.13,0.14,0.16,14.06,16.4,24.67,15.23,18.29,28.71,28.49,34.66,28.6,30.59,-8.83,-20.79,-139.6,-15.02,,-29.02,7.91,5.96,6.84,7.0,6.98,6.92,6.94,1.4,1.23,1.06,0.85,1.14,1.04,1.49,1.36,1.16,11.61,10.4,-0.07,-0.05,-0.04,0.01,1.35,1.28,5.04,-22.63,,6610.91,-0.47,0.85,1.93,4.29,2973.98,3366.22,3846.93,4672.06,37.37,41.44,49.95,44.23,-13.96,34.6,73.65,152.77,-676.96,166.11,75.85,53.64,405.23,496.84,607.59,774.23,0.15,0.16,0.17,0.17,12.87,12.83,12.9,12.51,12.56,21.52,18.76,15.16,20.35,17.8,-190.92,77.15,29.26,-15.02,12.33,187.87,120.98,95.26,9.35,9.28,7.0,8.19,8.05,8.48,2.23,1.97,1.76,1.81,1.87,1.77,1.16,0.85,0.34,7.45,4.83,-0.0,0.01,0.02,0.03,1.35,0.96,0.98,-22.63,8.65
BARBEQUE-NATION HOSPITALITY,CONSUMER SERVICES,QSR,SMALL CAP,BARBEQUE,,1858.17,-15.13,-7.9,-7.2,,1338.7,1521.7,1629.8,,79.39,71.5,,64.3,-59.13,-30.8,-28.2,,,,,,192.95,255.6,278.7,,0.14,0.17,0.17,,13.67,7.1,,10.34,,32.47,9.04,,20.18,,-47.79,-8.86,,-31.02,,,,,,,,,,1.39,1.22,1.14,,1.18,1.18,2.38,0.3,,8.92,,-0.04,-0.02,-0.02,,2.39,0.29,,-37.41,,6610.91,-0.47,0.85,1.93,4.29,2973.98,3366.22,3846.93,4672.06,37.37,41.44,49.95,44.23,-13.96,34.6,73.65,152.77,-676.96,166.11,75.85,53.64,405.23,496.84,607.59,774.23,0.15,0.16,0.17,0.17,12.87,12.83,12.9,12.51,12.56,21.52,18.76,15.16,20.35,17.8,-190.92,77.15,29.26,-15.02,12.33,187.87,120.98,95.26,9.35,9.28,7.0,8.19,8.05,8.48,2.23,1.97,1.76,1.81,1.87,1.77,1.16,0.85,0.34,7.45,4.83,-0.0,0.01,0.02,0.03,1.35,0.96,0.98,-22.63,8.65
ULTRATECH CEMENT,CEMENT,CEMENT,LARGE CAP,ULTRACEMCO,11367.0,341913.3,282.16,330.83,420.36,466.08,88511.53,99363.78,110782.4,121261.3,2604.74,2794.76,3296.32,3068.44,8304.19,9731.98,12266.23,13384.64,40.29,34.36,27.04,24.39,17020.23,19370.69,23314.81,25877.19,0.19,0.19,0.21,0.21,12.26,11.49,9.46,11.88,11.06,13.81,20.36,10.99,17.04,14.99,17.25,27.06,10.87,22.06,18.21,30.7,28.6,4.36,4.07,3.45,3.7,3.76,3.74,3.86,3.44,3.09,2.82,3.26,3.12,0.27,1.55,0.29,4.62,3.53,0.09,0.1,0.11,0.11,0.41,1.28,-0.03,8.64,5.57,10199.43,16.75,15.54,19.96,87.19,9655.61,10262.63,11168.38,19656.11,318.28,351.77,1065.02,374.83,431.14,479.47,639.62,1533.73,24.41,34.36,23.07,19.7,1770.53,1505.55,1977.49,3583.88,0.16,0.15,0.18,0.18,12.26,9.97,8.29,10.65,10.03,12.01,18.17,10.34,13.21,11.35,2.43,25.29,17.14,13.35,17.73,423.95,30.7,26.85,1.85,1.72,1.46,1.59,1.59,1.59,2.26,2.04,1.86,1.84,1.95,1.87,-0.09,1.17,0.21,3.75,2.1,0.06,0.07,0.08,0.08,-0.11,0.82,0.12,3.79,3.85
GRASIM INDUSTRIES,CEMENT,CEMENT,LARGE CAP,GRASIM,3149.5,214649.1,7.04,42.3,23.41,30.42,41039.48,48270.56,53866.32,54929.7,,839.28,971.0,858.56,477.92,2503.98,1679.28,,447.37,74.45,134.53,103.54,1770.53,2534.55,3192.13,3607.83,0.04,0.05,0.06,0.07,17.62,11.59,1.97,14.57,10.21,43.15,25.94,13.02,34.27,26.78,500.87,-44.65,29.93,82.36,62.88,104.49,104.17,,3.75,3.24,3.67,3.5,3.55,5.23,4.45,3.98,3.91,4.22,4.11,0.94,0.68,0.64,17.2,15.04,0.01,0.05,0.03,,4.02,-2.07,,63.62,,10199.43,16.75,15.54,19.96,87.19,9655.61,10262.63,11168.38,19656.11,318.28,351.77,1065.02,374.83,431.14,479.47,639.62,1533.73,24.41,34.36,23.07,19.7,1770.53,1505.55,1977.49,3583.88,0.16,0.15,0.18,0.18,12.26,9.97,8.29,10.65,10.03,12.01,18.17,10.34,13.21,11.35,2.43,25.29,17.14,13.35,17.73,423.95,30.7,26.85,1.85,1.72,1.46,1.59,1.59,1.59,2.26,2.04,1.86,1.84,1.95,1.87,-0.09,1.17,0.21,3.75,2.1,0.06,0.07,0.08,0.08,-0.11,0.82,0.12,3.79,3.85
AMBUJA CEMENTS,CEMENT,CEMENT,LARGE CAP,AMBUJACEM,423.95,111742.1,20.26,11.53,16.5,23.42,40446.04,46776.28,51416.0,56019.16,,255.37,302.12,274.05,5028.72,3413.23,4374.09,6522.99,20.93,36.77,25.69,18.1,6538.94,8117.09,9866.11,12068.71,0.16,0.17,0.19,0.22,15.65,9.92,8.95,12.75,11.47,24.13,21.55,22.32,22.83,22.66,-43.09,43.14,41.91,-9.75,4.95,31.23,26.85,,1.66,1.4,1.55,1.53,1.54,2.76,2.39,2.17,1.99,2.28,2.19,1.19,1.84,2.36,8.95,10.04,0.12,0.07,0.09,0.12,-5.14,1.21,3.14,-17.28,-2.16,10199.43,16.75,15.54,19.96,87.19,9655.61,10262.63,11168.38,19656.11,318.28,351.77,1065.02,374.83,431.14,479.47,639.62,1533.73,24.41,34.36,23.07,19.7,1770.53,1505.55,1977.49,3583.88,0.16,0.15,0.18,0.18,12.26,9.97,8.29,10.65,10.03,12.01,18.17,10.34,13.21,11.35,2.43,25.29,17.14,13.35,17.73,423.95,30.7,26.85,1.85,1.72,1.46,1.59,1.59,1.59,2.26,2.04,1.86,1.84,1.95,1.87,-0.09,1.17,0.21,3.75,2.1,0.06,0.07,0.08,0.08,-0.11,0.82,0.12,3.79,3.85
SHREE CEMENT,CEMENT,CEMENT,MID CAP,SHREECEM,25075.0,90851.31,472.9,569.72,695.03,771.76,19310.52,21723.96,23643.73,25233.3,6239.23,6625.38,7673.84,7139.06,1706.25,2093.77,2513.07,2705.02,53.02,44.01,36.08,32.49,4191.24,4694.44,5371.39,5765.24,0.22,0.22,0.23,0.23,12.5,8.84,6.72,10.65,9.33,12.01,14.42,7.33,13.21,11.21,20.47,21.99,11.04,21.23,17.73,40.05,37.53,4.02,3.78,3.27,3.51,3.53,3.52,4.7,4.18,3.84,3.6,4.01,3.88,-0.09,1.11,0.13,2.31,1.73,0.09,0.1,0.11,0.11,0.8,0.99,0.09,9.68,6.66,10199.43,16.75,15.54,19.96,87.19,9655.61,10262.63,11168.38,19656.11,318.28,351.77,1065.02,374.83,431.14,479.47,639.62,1533.73,24.41,34.36,23.07,19.7,1770.53,1505.55,1977.49,3583.88,0.16,0.15,0.18,0.18,12.26,9.97,8.29,10.65,10.03,12.01,18.17,10.34,13.21,11.35,2.43,25.29,17.14,13.35,17.73,423.95,30.7,26.85,1.85,1.72,1.46,1.59,1.59,1.59,2.26,2.04,1.86,1.84,1.95,1.87,-0.09,1.17,0.21,3.75,2.1,0.06,0.07,0.08,0.08,-0.11,0.82,0.12,3.79,3.85
DALMIA BHARAT,CEMENT,CEMENT,MID CAP,DALBHARAT,1717.2,33491.77,62.12,58.64,74.43,87.19,14804.0,16410.7,18046.68,19594.7,968.57,1010.13,1159.03,1076.67,1165.0,1146.97,1400.96,1533.73,27.64,29.28,23.07,19.7,3083.0,3240.76,3852.74,4264.72,0.21,0.2,0.21,0.22,10.85,9.97,8.58,10.41,9.8,5.12,18.88,10.69,11.79,11.42,-5.6,26.91,17.14,9.46,11.96,26.18,24.02,1.77,1.7,1.48,1.59,1.59,1.59,2.26,2.04,1.86,1.71,1.95,1.87,-1.08,1.6,0.42,1.25,1.48,0.08,0.07,0.08,0.08,-0.88,0.77,0.06,-0.68,-0.18,10199.43,16.75,15.54,19.96,87.19,9655.61,10262.63,11168.38,19656.11,318.28,351.77,1065.02,374.83,431.14,479.47,639.62,1533.73,24.41,34.36,23.07,19.7,1770.53,1505.55,1977.49,3583.88,0.16,0.15,0.18,0.18,12.26,9.97,8.29,10.65,10.03,12.01,18.17,10.34,13.21,11.35,2.43,25.29,17.14,13.35,17.73,423.95,30.7,26.85,1.85,1.72,1.46,1.59,1.59,1.59,2.26,2.04,1.86,1.84,1.95,1.87,-0.09,1.17,0.21,3.75,2.1,0.06,0.07,0.08,0.08,-0.11,0.82,0.12,3.79,3.85
ACC,CEMENT,CEMENT,MID CAP,ACC,1343.3,26526.81,113.36,96.86,110.15,116.71,25566.33,27504.84,29430.03,27527.66,1087.21,1175.1,1393.49,1277.53,2134.3,1852.31,2170.88,2474.92,11.85,13.87,12.2,11.51,2902.43,3274.95,3671.41,3559.93,0.11,0.12,0.12,0.13,7.58,7.0,-6.46,7.29,2.49,12.83,12.11,-3.04,12.47,7.04,-14.56,13.73,5.95,-1.43,0.97,13.03,12.52,1.24,1.14,0.96,1.05,1.05,1.05,1.04,0.96,0.9,0.96,0.93,0.94,0.55,0.57,0.46,4.83,4.44,0.08,0.07,0.07,0.09,-1.61,0.64,1.61,-6.0,2.5,10199.43,16.75,15.54,19.96,87.19,9655.61,10262.63,11168.38,19656.11,318.28,351.77,1065.02,374.83,431.14,479.47,639.62,1533.73,24.41,34.36,23.07,19.7,1770.53,1505.55,1977.49,3583.88,0.16,0.15,0.18,0.18,12.26,9.97,8.29,10.65,10.03,12.01,18.17,10.34,13.21,11.35,2.43,25.29,17.14,13.35,17.73,423.95,30.7,26.85,1.85,1.72,1.46,1.59,1.59,1.59,2.26,2.04,1.86,1.84,1.95,1.87,-0.09,1.17,0.21,3.75,2.1,0.06,0.07,0.08,0.08,-0.11,0.82,0.12,3.79,3.85
JK CEMENT,CEMENT,CEMENT,MID CAP,JKCEMENT,5503.5,41068.07,134.63,149.75,187.63,220.21,13722.3,15545.36,17427.67,19717.52,910.76,1038.27,1402.92,1222.77,1040.29,1161.07,1450.62,1596.2,40.88,36.75,29.33,24.99,2374.25,2775.41,3315.84,3655.46,0.17,0.18,0.19,0.19,13.29,12.11,13.14,12.7,12.84,16.9,19.47,10.24,18.18,15.47,11.23,25.29,17.37,18.05,17.82,33.04,30.36,6.04,5.3,3.92,4.5,4.61,4.57,2.99,2.64,2.36,2.08,2.5,2.36,0.55,1.17,-0.49,4.86,2.33,0.08,0.07,0.08,0.08,-0.11,0.85,-0.23,4.78,2.21,10199.43,16.75,15.54,19.96,87.19,9655.61,10262.63,11168.38,19656.11,318.28,351.77,1065.02,374.83,431.14,479.47,639.62,1533.73,24.41,34.36,23.07,19.7,1770.53,1505.55,1977.49,3583.88,0.16,0.15,0.18,0.18,12.26,9.97,8.29,10.65,10.03,12.01,18.17,10.34,13.21,11.35,2.43,25.29,17.14,13.35,17.73,423.95,30.7,26.85,1.85,1.72,1.46,1.59,1.59,1.59,2.26,2.04,1.86,1.84,1.95,1.87,-0.09,1.17,0.21,3.75,2.1,0.06,0.07,0.08,0.08,-0.11,0.82,0.12,3.79,3.85
THE RAMCO CEMENTS,CEMENT,CEMENT,SMALL CAP,RAMCOCEM,885.3,21067.83,5.94,15.54,27.81,28.39,9012.57,9989.16,11168.38,12363.57,,353.4,408.67,374.83,140.4,342.88,645.88,729.42,149.04,56.99,31.84,31.18,1991.43,1498.57,1977.49,2180.71,0.22,0.15,0.18,0.18,10.84,11.8,10.7,11.32,11.11,-24.75,31.96,10.28,-0.35,3.07,161.53,79.01,2.1,116.37,68.45,44.41,40.0,,2.51,2.17,2.36,2.34,2.34,2.34,2.11,1.89,1.7,2.0,1.9,-7.09,2.7,-0.07,-10.48,-7.24,0.02,0.03,0.06,0.06,1.87,2.35,0.12,92.67,55.87,10199.43,16.75,15.54,19.96,87.19,9655.61,10262.63,11168.38,19656.11,318.28,351.77,1065.02,374.83,431.14,479.47,639.62,1533.73,24.41,34.36,23.07,19.7,1770.53,1505.55,1977.49,3583.88,0.16,0.15,0.18,0.18,12.26,9.97,8.29,10.65,10.03,12.01,18.17,10.34,13.21,11.35,2.43,25.29,17.14,13.35,17.73,423.95,30.7,26.85,1.85,1.72,1.46,1.59,1.59,1.59,2.26,2.04,1.86,1.84,1.95,1.87,-0.09,1.17,0.21,3.75,2.1,0.06,0.07,0.08,0.08,-0.11,0.82,0.12,3.79,3.85
NUVOCO VISTAS,CEMENT,CEMENT,SMALL CAP,NUVOCO,312.75,11696.86,11.42,10.53,14.82,19.25,11338.29,12440.36,13719.43,15035.63,286.4,295.83,327.82,314.27,407.48,394.55,546.98,705.34,27.39,29.71,21.1,16.24,1856.86,1892.75,2207.25,2436.82,0.16,0.15,0.16,0.16,9.72,10.28,9.59,10.0,9.86,1.93,16.62,10.4,9.03,9.48,-7.83,40.8,29.91,13.92,19.02,25.41,22.35,1.09,1.06,0.95,1.0,1.01,1.0,1.03,0.94,0.85,0.78,0.9,0.86,-1.16,0.87,0.12,-0.88,-0.35,0.04,0.03,0.04,0.05,-0.42,0.82,0.7,5.33,9.29,10199.43,16.75,15.54,19.96,87.19,9655.61,10262.63,11168.38,19656.11,318.28,351.77,1065.02,374.83,431.14,479.47,639.62,1533.73,24.41,34.36,23.07,19.7,1770.53,1505.55,1977.49,3583.88,0.16,0.15,0.18,0.18,12.26,9.97,8.29,10.65,10.03,12.01,18.17,10.34,13.21,11.35,2.43,25.29,17.14,13.35,17.73,423.95,30.7,26.85,1.85,1.72,1.46,1.59,1.59,1.59,2.26,2.04,1.86,1.84,1.95,1.87,-0.09,1.17,0.21,3.75,2.1,0.06,0.07,0.08,0.08,-0.11,0.82,0.12,3.79,3.85
BIRLA CORPORATION,CEMENT,CEMENT,SMALL CAP,BIRLACORPN,1018.3,7713.62,73.26,74.37,84.1,99.6,9655.61,10262.63,10856.66,11724.45,956.39,1027.25,1187.95,1093.82,564.14,564.63,639.62,767.15,13.9,13.69,12.11,10.22,1454.44,1505.55,1662.88,1803.95,0.15,0.15,0.15,0.15,6.29,5.79,7.99,6.04,6.69,3.51,10.45,8.48,6.93,7.44,1.52,13.07,18.44,7.14,10.78,12.9,12.01,1.06,0.99,0.86,0.93,0.92,0.93,0.8,0.75,0.71,0.66,0.73,0.71,-0.39,0.65,0.07,0.84,0.71,0.06,0.06,0.06,0.07,-0.34,0.39,0.65,0.42,3.85,10199.43,16.75,15.54,19.96,87.19,9655.61,10262.63,11168.38,19656.11,318.28,351.77,1065.02,374.83,431.14,479.47,639.62,1533.73,24.41,34.36,23.07,19.7,1770.53,1505.55,1977.49,3583.88,0.16,0.15,0.18,0.18,12.26,9.97,8.29,10.65,10.03,12.01,18.17,10.34,13.21,11.35,2.43,25.29,17.14,13.35,17.73,423.95,30.7,26.85,1.85,1.72,1.46,1.59,1.59,1.59,2.26,2.04,1.86,1.84,1.95,1.87,-0.09,1.17,0.21,3.75,2.1,0.06,0.07,0.08,0.08,-0.11,0.82,0.12,3.79,3.85
J K LAKSHMI CEMENT,CEMENT,CEMENT,SMALL CAP,JKLAKSHMI,605.5,7624.32,34.73,37.56,44.17,47.07,6762.63,7625.29,8197.51,8811.57,312.99,351.77,421.93,390.94,431.14,479.47,552.18,573.83,17.43,16.12,13.71,12.86,1010.63,1115.85,1318.56,1392.2,0.15,0.15,0.16,0.16,12.76,7.5,7.49,10.1,9.22,10.41,18.17,5.59,14.22,11.27,8.15,17.6,6.56,12.77,10.66,14.91,14.23,1.93,1.72,1.44,1.55,1.58,1.57,1.13,1.0,0.93,0.87,0.96,0.93,-0.31,1.45,-0.29,3.75,1.87,0.06,0.06,0.07,0.07,-0.09,0.45,-0.22,2.79,0.71,10199.43,16.75,15.54,19.96,87.19,9655.61,10262.63,11168.38,19656.11,318.28,351.77,1065.02,374.83,431.14,479.47,639.62,1533.73,24.41,34.36,23.07,19.7,1770.53,1505.55,1977.49,3583.88,0.16,0.15,0.18,0.18,12.26,9.97,8.29,10.65,10.03,12.01,18.17,10.34,13.21,11.35,2.43,25.29,17.14,13.35,17.73,423.95,30.7,26.85,1.85,1.72,1.46,1.59,1.59,1.59,2.26,2.04,1.86,1.84,1.95,1.87,-0.09,1.17,0.21,3.75,2.1,0.06,0.07,0.08,0.08,-0.11,0.82,0.12,3.79,3.85
PRISM JOHNSON,CEMENT,CEMENT,SMALL CAP,PRSMJOHNSN,119.26,6282.39,6.7,0.8,3.1,,7326.0,8342.67,8833.23,,30.36,33.7,,37.9,138.78,64.47,132.73,,17.79,149.07,38.47,,701.78,723.17,796.23,,0.1,0.09,0.09,,13.88,5.88,,9.81,,3.05,10.1,,6.52,,-88.07,287.5,,-32.0,,93.77,93.77,3.93,3.54,,3.15,3.54,3.34,0.86,0.75,0.71,,0.73,0.73,-0.91,0.35,,-3.0,,0.02,0.01,0.02,,-1.12,0.73,,-10.94,,10199.43,16.75,15.54,19.96,87.19,9655.61,10262.63,11168.38,19656.11,318.28,351.77,1065.02,374.83,431.14,479.47,639.62,1533.73,24.41,34.36,23.07,19.7,1770.53,1505.55,1977.49,3583.88,0.16,0.15,0.18,0.18,12.26,9.97,8.29,10.65,10.03,12.01,18.17,10.34,13.21,11.35,2.43,25.29,17.14,13.35,17.73,423.95,30.7,26.85,1.85,1.72,1.46,1.59,1.59,1.59,2.26,2.04,1.86,1.84,1.95,1.87,-0.09,1.17,0.21,3.75,2.1,0.06,0.07,0.08,0.08,-0.11,0.82,0.12,3.79,3.85
INDIA CEMENTS,CEMENT,CEMENT,SMALL CAP,INDIACEM,374.85,12538.44,3.02,7.7,15.57,,4484.69,5245.98,5947.88,6378.1,323.56,323.83,369.5,339.63,93.53,238.98,508.72,745.1,124.12,48.68,24.08,,397.95,710.5,1109.75,1347.1,0.09,0.14,0.19,0.21,16.98,13.38,7.23,15.16,12.46,78.54,56.19,21.39,66.99,50.15,154.97,102.17,,127.04,,36.38,36.38,1.16,1.16,1.01,1.1,1.09,1.09,2.8,2.39,2.11,1.97,2.25,2.15,4.67,5.11,2.46,45.01,33.52,0.02,0.05,0.09,0.12,2.47,4.0,3.13,102.51,77.6,10199.43,16.75,15.54,19.96,87.19,9655.61,10262.63,11168.38,19656.11,318.28,351.77,1065.02,374.83,431.14,479.47,639.62,1533.73,24.41,34.36,23.07,19.7,1770.53,1505.55,1977.49,3583.88,0.16,0.15,0.18,0.18,12.26,9.97,8.29,10.65,10.03,12.01,18.17,10.34,13.21,11.35,2.43,25.29,17.14,13.35,17.73,423.95,30.7,26.85,1.85,1.72,1.46,1.59,1.59,1.59,2.26,2.04,1.86,1.84,1.95,1.87,-0.09,1.17,0.21,3.75,2.1,0.06,0.07,0.08,0.08,-0.11,0.82,0.12,3.79,3.85
STAR CEMENT,CEMENT,CEMENT,SMALL CAP,STARCEMENT,213.25,8702.0,10.01,10.25,11.7,,3776.49,4172.19,4659.01,,78.96,90.0,,100.99,404.74,409.59,466.48,,21.3,20.8,18.23,,935.95,969.69,1089.88,,0.25,0.23,0.23,,10.48,11.67,,11.07,,3.6,12.39,,7.91,,2.43,14.11,,8.11,,19.51,19.51,2.7,2.37,,2.11,2.37,2.24,2.3,2.09,1.87,,1.98,1.98,-1.54,0.15,,-2.85,,0.11,0.1,0.1,,-0.9,0.2,,-3.34,,10199.43,16.75,15.54,19.96,87.19,9655.61,10262.63,11168.38,19656.11,318.28,351.77,1065.02,374.83,431.14,479.47,639.62,1533.73,24.41,34.36,23.07,19.7,1770.53,1505.55,1977.49,3583.88,0.16,0.15,0.18,0.18,12.26,9.97,8.29,10.65,10.03,12.01,18.17,10.34,13.21,11.35,2.43,25.29,17.14,13.35,17.73,423.95,30.7,26.85,1.85,1.72,1.46,1.59,1.59,1.59,2.26,2.04,1.86,1.84,1.95,1.87,-0.09,1.17,0.21,3.75,2.1,0.06,0.07,0.08,0.08,-0.11,0.82,0.12,3.79,3.85
HEIDELBERGCEMENT INDIA,CEMENT,CEMENT,SMALL CAP,HEIDELBERG,152.78,3640.31,6.26,7.58,9.42,,2329.59,2465.79,2663.88,,60.54,60.69,,62.84,142.01,173.8,213.72,,24.41,20.14,16.22,,286.9,323.19,380.61,,0.12,0.13,0.14,,5.85,8.03,,6.93,,12.65,17.77,,15.18,,21.17,24.15,,22.65,,18.18,18.18,2.52,2.52,,2.43,2.52,2.47,1.56,1.48,1.37,,1.42,1.42,0.79,1.18,,7.71,,0.06,0.07,0.08,,0.95,0.97,,14.72,,10199.43,16.75,15.54,19.96,87.19,9655.61,10262.63,11168.38,19656.11,318.28,351.77,1065.02,374.83,431.14,479.47,639.62,1533.73,24.41,34.36,23.07,19.7,1770.53,1505.55,1977.49,3583.88,0.16,0.15,0.18,0.18,12.26,9.97,8.29,10.65,10.03,12.01,18.17,10.34,13.21,11.35,2.43,25.29,17.14,13.35,17.73,423.95,30.7,26.85,1.85,1.72,1.46,1.59,1.59,1.59,2.26,2.04,1.86,1.84,1.95,1.87,-0.09,1.17,0.21,3.75,2.1,0.06,0.07,0.08,0.08,-0.11,0.82,0.12,3.79,3.85
KESORAM INDUSTRIES,CEMENT,CEMENT,SMALL CAP,KESORAMIND,,402.0,,,-33.37,,,,,,,,,,,,,,,,,,,,,,,,,,,,,,,,,,,,,,,,,,,,,,,,,,,,,,,,,,,,,,,,,,,,,10199.43,16.75,15.54,19.96,87.19,9655.61,10262.63,11168.38,19656.11,318.28,351.77,1065.02,374.83,431.14,479.47,639.62,1533.73,24.41,34.36,23.07,19.7,1770.53,1505.55,1977.49,3583.88,0.16,0.15,0.18,0.18,12.26,9.97,8.29,10.65,10.03,12.01,18.17,10.34,13.21,11.35,2.43,25.29,17.14,13.35,17.73,423.95,30.7,26.85,1.85,1.72,1.46,1.59,1.59,1.59,2.26,2.04,1.86,1.84,1.95,1.87,-0.09,1.17,0.21,3.75,2.1,0.06,0.07,0.08,0.08,-0.11,0.82,0.12,3.79,3.85
ORIENT CEMENT,CEMENT,CEMENT,SMALL CAP,ORIENTCEM,135.51,2886.5,16.75,12.85,14.0,,2793.12,2882.7,3035.35,,104.44,112.85,,124.3,344.01,264.05,287.2,,8.09,10.55,9.68,,545.39,553.35,615.55,,0.2,0.19,0.2,,3.21,5.3,,4.25,,1.46,11.24,,6.24,,-23.28,8.95,,-8.58,,10.11,10.11,1.3,1.2,,1.09,1.2,1.15,1.03,1.0,0.95,,0.98,0.98,-0.33,1.08,,1.91,,0.12,0.09,0.09,,-3.16,0.3,,-12.35,,10199.43,16.75,15.54,19.96,87.19,9655.61,10262.63,11168.38,19656.11,318.28,351.77,1065.02,374.83,431.14,479.47,639.62,1533.73,24.41,34.36,23.07,19.7,1770.53,1505.55,1977.49,3583.88,0.16,0.15,0.18,0.18,12.26,9.97,8.29,10.65,10.03,12.01,18.17,10.34,13.21,11.35,2.43,25.29,17.14,13.35,17.73,423.95,30.7,26.85,1.85,1.72,1.46,1.59,1.59,1.59,2.26,2.04,1.86,1.84,1.95,1.87,-0.09,1.17,0.21,3.75,2.1,0.06,0.07,0.08,0.08,-0.11,0.82,0.12,3.79,3.85
KCP,CEMENT,CEMENT,SMALL CAP,KCP,167.85,2086.85,,,,,,,,,,,,,,,,,,,,,,,,,,,,,,,,,,,,,,,,,,,,,,,,,,,,,,,,,,,,,,,,,,,,,,,,10199.43,16.75,15.54,19.96,87.19,9655.61,10262.63,11168.38,19656.11,318.28,351.77,1065.02,374.83,431.14,479.47,639.62,1533.73,24.41,34.36,23.07,19.7,1770.53,1505.55,1977.49,3583.88,0.16,0.15,0.18,0.18,12.26,9.97,8.29,10.65,10.03,12.01,18.17,10.34,13.21,11.35,2.43,25.29,17.14,13.35,17.73,423.95,30.7,26.85,1.85,1.72,1.46,1.59,1.59,1.59,2.26,2.04,1.86,1.84,1.95,1.87,-0.09,1.17,0.21,3.75,2.1,0.06,0.07,0.08,0.08,-0.11,0.82,0.12,3.79,3.85
SAGAR CEMENTS,CEMENT,CEMENT,SMALL CAP,SAGCEM,172.03,2353.91,-0.06,0.82,7.75,,2650.02,3031.24,3406.5,,129.52,127.8,,141.35,-11.07,60.87,146.7,,-2867.17,208.52,22.2,,291.99,414.44,520.3,,0.11,0.14,0.15,,14.39,12.38,,13.38,,41.94,25.54,,33.49,,-1475.0,839.39,,,,115.36,115.36,1.33,1.35,,1.22,1.35,1.28,0.89,0.78,0.69,,0.73,0.73,2.65,1.6,,17.74,,-0.0,0.02,0.04,,2.43,2.3,,,,10199.43,16.75,15.54,19.96,87.19,9655.61,10262.63,11168.38,19656.11,318.28,351.77,1065.02,374.83,431.14,479.47,639.62,1533.73,24.41,34.36,23.07,19.7,1770.53,1505.55,1977.49,3583.88,0.16,0.15,0.18,0.18,12.26,9.97,8.29,10.65,10.03,12.01,18.17,10.34,13.21,11.35,2.43,25.29,17.14,13.35,17.73,423.95,30.7,26.85,1.85,1.72,1.46,1.59,1.59,1.59,2.26,2.04,1.86,1.84,1.95,1.87,-0.09,1.17,0.21,3.75,2.1,0.06,0.07,0.08,0.08,-0.11,0.82,0.12,3.79,3.85
RAMCO INDUSTRIES,CEMENT,CEMENT,SMALL CAP,RAMCOIND,291.0,2589.18,,,,,,,,,,,,,,,,,,,,,,,,,,,,,,,,,,,,,,,,,,,,,,,,,,,,,,,,,,,,,,,,,,,,,,,,10199.43,16.75,15.54,19.96,87.19,9655.61,10262.63,11168.38,19656.11,318.28,351.77,1065.02,374.83,431.14,479.47,639.62,1533.73,24.41,34.36,23.07,19.7,1770.53,1505.55,1977.49,3583.88,0.16,0.15,0.18,0.18,12.26,9.97,8.29,10.65,10.03,12.01,18.17,10.34,13.21,11.35,2.43,25.29,17.14,13.35,17.73,423.95,30.7,26.85,1.85,1.72,1.46,1.59,1.59,1.59,2.26,2.04,1.86,1.84,1.95,1.87,-0.09,1.17,0.21,3.75,2.1,0.06,0.07,0.08,0.08,-0.11,0.82,0.12,3.79,3.85
ADANI PORTS AND SEZ.,SERVICES,PORTS,LARGE CAP,ADANIPORTS,1835.3,417293.0,59.17,65.99,78.4,85.91,38735.77,44407.99,51286.91,58448.71,417.22,459.95,604.3,527.45,13013.91,14822.76,17776.73,20521.39,31.02,27.81,23.41,21.36,22851.41,25787.9,29737.47,33744.51,0.59,0.58,0.58,0.58,14.64,15.49,13.96,15.07,14.7,12.85,15.32,13.47,14.08,13.88,11.53,18.8,9.59,15.1,13.24,25.61,24.2,4.4,3.99,3.04,3.48,3.51,3.5,10.77,9.4,8.14,7.14,8.77,8.22,-0.92,-0.09,-0.25,-0.86,-0.72,0.34,0.33,0.35,0.35,-0.22,1.28,0.45,1.57,1.48,58165.58,8.26,9.34,11.15,14.43,5361.44,6605.9,9906.86,13228.74,52.17,63.26,83.66,74.42,1603.04,1624.17,2317.98,2670.81,31.02,27.81,23.41,21.36,2603.73,2978.56,4674.9,6142.22,0.58,0.58,0.58,0.58,14.64,15.49,13.96,15.07,14.7,13.34,15.32,13.93,14.08,13.88,11.53,18.8,12.74,15.1,13.24,308.15,25.61,24.2,4.4,3.99,3.09,3.48,3.51,3.5,10.77,8.81,6.19,5.47,7.34,6.36,-0.92,-0.09,-0.25,-0.86,-0.72,0.34,0.33,0.35,0.35,-0.22,-1.19,0.04,-1.26,-0.81
JSW INFRASTRUCTURE,SERVICES,PORTS,MID CAP,JSWINFRA,308.15,58165.58,7.66,7.57,11.15,14.43,5361.44,6605.9,9906.86,13228.74,52.17,63.26,83.66,74.42,1603.04,1624.17,2317.98,2670.81,40.23,40.69,27.64,21.36,2603.73,2978.56,4674.9,6142.22,0.49,0.45,0.47,0.46,23.21,49.97,33.53,35.93,35.13,14.4,56.95,31.39,33.99,33.12,-1.14,47.22,29.39,20.64,23.49,34.16,29.9,5.91,4.87,3.68,4.14,4.28,4.23,10.85,8.81,5.87,4.4,7.34,6.36,-3.47,2.1,-0.76,-1.43,-1.49,0.3,0.25,0.23,0.2,-5.31,-1.19,-3.21,-11.54,-12.27,58165.58,8.26,9.34,11.15,14.43,5361.44,6605.9,9906.86,13228.74,52.17,63.26,83.66,74.42,1603.04,1624.17,2317.98,2670.81,31.02,27.81,23.41,21.36,2603.73,2978.56,4674.9,6142.22,0.58,0.58,0.58,0.58,14.64,15.49,13.96,15.07,14.7,13.34,15.32,13.93,14.08,13.88,11.53,18.8,12.74,15.1,13.24,308.15,25.61,24.2,4.4,3.99,3.09,3.48,3.51,3.5,10.77,8.81,6.19,5.47,7.34,6.36,-0.92,-0.09,-0.25,-0.86,-0.72,0.34,0.33,0.35,0.35,-0.22,-1.19,0.04,-1.26,-0.81
GUJARAT PIPAVAV PORT,SERVICES,PORTS,SMALL CAP,GPPL,153.08,7715.21,8.26,9.34,10.18,11.48,987.67,1115.5,1246.3,1409.7,43.83,44.36,49.5,46.48,399.16,457.12,491.07,556.0,18.53,16.4,15.03,13.33,577.58,654.65,723.72,824.52,0.58,0.59,0.58,0.58,12.94,11.73,13.11,12.33,12.59,13.34,10.55,13.93,11.94,12.6,13.01,9.08,12.74,11.03,11.6,15.72,14.92,3.49,3.45,3.09,3.29,3.27,3.28,7.81,6.92,6.19,5.47,6.55,6.19,0.21,-0.62,0.42,-0.35,0.01,0.4,0.41,0.39,0.39,0.56,-1.58,0.04,-1.26,-0.81,58165.58,8.26,9.34,11.15,14.43,5361.44,6605.9,9906.86,13228.74,52.17,63.26,83.66,74.42,1603.04,1624.17,2317.98,2670.81,31.02,27.81,23.41,21.36,2603.73,2978.56,4674.9,6142.22,0.58,0.58,0.58,0.58,14.64,15.49,13.96,15.07,14.7,13.34,15.32,13.93,14.08,13.88,11.53,18.8,12.74,15.1,13.24,308.15,25.61,24.2,4.4,3.99,3.09,3.48,3.51,3.5,10.77,8.81,6.19,5.47,7.34,6.36,-0.92,-0.09,-0.25,-0.86,-0.72,0.34,0.33,0.35,0.35,-0.22,-1.19,0.04,-1.26,-0.81
CONTAINER CORP.OF INDIA,SERVICES,LOGISTICS,MID CAP,CONCOR,471.75,36245.39,17.14,17.43,19.39,21.82,8863.37,9253.51,10238.46,11535.74,162.15,170.88,190.88,180.84,1305.3,1325.94,1482.74,1664.74,27.52,27.06,24.33,21.62,1898.55,2039.31,2265.16,2556.22,0.21,0.22,0.22,0.22,4.4,10.64,12.67,7.48,9.18,7.41,11.07,12.85,9.23,10.42,1.67,11.22,12.54,6.34,8.37,25.7,24.34,2.91,2.76,2.47,2.61,2.62,2.61,4.09,3.92,3.54,3.14,3.73,3.53,0.62,0.09,0.04,1.63,1.14,0.15,0.14,0.14,0.14,-0.4,0.15,-0.05,-0.83,-0.67,6906.17,15.34,15.6,18.22,22.69,5774.98,6807.62,6238.1,5850.6,118.4,149.22,160.84,156.86,272.71,325.73,518.6,568.4,24.54,25.17,20.29,16.04,647.17,698.15,860.0,950.0,0.16,0.17,0.17,0.17,12.67,10.64,11.13,11.56,9.94,15.56,12.66,12.85,10.91,11.41,7.79,11.37,18.83,11.06,12.42,312.15,23.55,21.07,3.0,2.78,2.47,2.65,2.63,2.63,1.77,1.7,1.54,1.39,1.62,1.54,0.48,0.09,0.13,0.5,0.94,0.08,0.09,0.09,0.1,-0.41,0.2,0.38,-1.49,0.12
DELHIVERY,SERVICES,LOGISTICS,SMALL CAP,DELHIVERY,461.1,34703.05,2.34,7.19,10.91,13.98,10508.31,12391.88,14438.6,16565.79,129.4,144.32,160.84,147.24,178.53,541.11,849.83,1077.22,197.05,64.1,42.26,32.99,647.17,1076.9,1507.54,1973.94,0.06,0.09,0.1,0.12,17.92,16.52,14.73,17.22,16.38,66.4,39.99,30.94,52.62,45.02,207.44,51.67,28.1,115.94,81.44,53.18,46.45,3.56,3.2,2.87,3.13,3.03,3.06,3.3,2.8,2.4,2.09,2.6,2.43,2.53,1.75,1.47,30.21,24.61,0.02,0.04,0.06,0.07,2.67,1.52,0.62,86.13,56.42,6906.17,15.34,15.6,18.22,22.69,5774.98,6807.62,6238.1,5850.6,118.4,149.22,160.84,156.86,272.71,325.73,518.6,568.4,24.54,25.17,20.29,16.04,647.17,698.15,860.0,950.0,0.16,0.17,0.17,0.17,12.67,10.64,11.13,11.56,9.94,15.56,12.66,12.85,10.91,11.41,7.79,11.37,18.83,11.06,12.42,312.15,23.55,21.07,3.0,2.78,2.47,2.65,2.63,2.63,1.77,1.7,1.54,1.39,1.62,1.54,0.48,0.09,0.13,0.5,0.94,0.08,0.09,0.09,0.1,-0.41,0.2,0.38,-1.49,0.12
BLUE DART EXPRESS,SERVICES,LOGISTICS,SMALL CAP,BLUEDART,4968.8,11559.06,122.82,137.35,167.08,204.63,6140.88,6807.62,7496.48,8330.67,,853.8,,985.0,291.42,325.73,396.85,485.57,40.46,36.18,29.74,24.28,950.57,966.18,1090.6,1219.3,0.15,0.14,0.15,0.15,10.86,10.12,11.13,10.49,10.7,1.64,12.88,11.8,7.11,8.65,11.83,21.64,22.48,16.63,18.55,32.96,30.07,,5.82,,5.04,5.82,5.43,1.88,1.7,1.54,1.39,1.62,1.54,-1.29,0.36,0.09,-3.05,-1.85,0.05,0.05,0.05,0.06,0.04,0.51,0.53,5.62,7.09,6906.17,15.34,15.6,18.22,22.69,5774.98,6807.62,6238.1,5850.6,118.4,149.22,160.84,156.86,272.71,325.73,518.6,568.4,24.54,25.17,20.29,16.04,647.17,698.15,860.0,950.0,0.16,0.17,0.17,0.17,12.67,10.64,11.13,11.56,9.94,15.56,12.66,12.85,10.91,11.41,7.79,11.37,18.83,11.06,12.42,312.15,23.55,21.07,3.0,2.78,2.47,2.65,2.63,2.63,1.77,1.7,1.54,1.39,1.62,1.54,0.48,0.09,0.13,0.5,0.94,0.08,0.09,0.09,0.1,-0.41,0.2,0.38,-1.49,0.12
GREAT EASTERN SHIPPING COMPANY,SERVICES,LOGISTICS,SMALL CAP,GESHIP,1437.7,23566.57,205.69,266.35,196.95,161.0,5409.09,7236.2,6194.8,5730.1,1188.12,1422.0,,1573.0,2942.52,3801.8,2813.5,2301.3,6.99,5.4,7.3,8.93,3147.88,4813.05,3597.9,3074.3,0.58,0.67,0.58,0.54,33.78,-14.39,-7.5,7.02,1.94,52.9,-25.25,-14.55,6.91,-0.79,29.49,-26.06,-18.25,-2.15,-7.84,6.35,7.21,1.21,1.01,,0.91,1.01,0.96,4.36,3.26,3.8,4.11,3.53,3.72,8.32,-8.43,-4.43,-0.1,-2.67,0.54,0.53,0.45,0.4,-1.86,-7.12,-5.26,-8.63,-9.62,6906.17,15.34,15.6,18.22,22.69,5774.98,6807.62,6238.1,5850.6,118.4,149.22,160.84,156.86,272.71,325.73,518.6,568.4,24.54,25.17,20.29,16.04,647.17,698.15,860.0,950.0,0.16,0.17,0.17,0.17,12.67,10.64,11.13,11.56,9.94,15.56,12.66,12.85,10.91,11.41,7.79,11.37,18.83,11.06,12.42,312.15,23.55,21.07,3.0,2.78,2.47,2.65,2.63,2.63,1.77,1.7,1.54,1.39,1.62,1.54,0.48,0.09,0.13,0.5,0.94,0.08,0.09,0.09,0.1,-0.41,0.2,0.38,-1.49,0.12
AEGIS LOGISTICS,SERVICES,LOGISTICS,SMALL CAP,AEGISLOG,1007.8,25100.01,18.9,20.65,24.13,29.76,6569.11,7529.1,8975.05,10721.43,,154.12,180.18,166.47,663.37,725.12,847.32,1044.07,53.32,48.8,41.77,33.87,1108.78,1311.55,1548.2,1850.43,0.17,0.17,0.17,0.17,14.61,19.2,19.46,16.89,17.74,18.29,18.04,19.52,18.17,18.62,9.27,16.83,23.33,12.99,16.33,45.28,41.48,,6.54,5.59,6.05,6.07,6.06,3.82,3.33,2.8,2.34,3.07,2.82,0.54,-0.17,0.01,1.09,0.75,0.1,0.1,0.09,0.1,-0.47,-0.19,0.3,-3.31,-1.2,6906.17,15.34,15.6,18.22,22.69,5774.98,6807.62,6238.1,5850.6,118.4,149.22,160.84,156.86,272.71,325.73,518.6,568.4,24.54,25.17,20.29,16.04,647.17,698.15,860.0,950.0,0.16,0.17,0.17,0.17,12.67,10.64,11.13,11.56,9.94,15.56,12.66,12.85,10.91,11.41,7.79,11.37,18.83,11.06,12.42,312.15,23.55,21.07,3.0,2.78,2.47,2.65,2.63,2.63,1.77,1.7,1.54,1.39,1.62,1.54,0.48,0.09,0.13,0.5,0.94,0.08,0.09,0.09,0.1,-0.41,0.2,0.38,-1.49,0.12
AEGIS VOPAK TERMINALS LIMITED,SERVICES,LOGISTICS,SMALL CAP,AEGISVOPAK,238.35,23082.78,,,,,,814.75,1391.35,1886.95,,,,,,273.6,552.0,836.7,,,,,,617.65,1067.5,1476.35,,0.76,0.77,0.78,,70.77,35.62,,,,72.83,38.3,,,,,,,,,,,,,,,,,28.33,16.59,12.23,22.46,19.05,,0.92,1.52,,,,0.34,0.4,0.44,,6.09,4.67,,,6906.17,15.34,15.6,18.22,22.69,5774.98,6807.62,6238.1,5850.6,118.4,149.22,160.84,156.86,272.71,325.73,518.6,568.4,24.54,25.17,20.29,16.04,647.17,698.15,860.0,950.0,0.16,0.17,0.17,0.17,12.67,10.64,11.13,11.56,9.94,15.56,12.66,12.85,10.91,11.41,7.79,11.37,18.83,11.06,12.42,312.15,23.55,21.07,3.0,2.78,2.47,2.65,2.63,2.63,1.77,1.7,1.54,1.39,1.62,1.54,0.48,0.09,0.13,0.5,0.94,0.08,0.09,0.09,0.1,-0.41,0.2,0.38,-1.49,0.12
RITES,SERVICES,LOGISTICS,SMALL CAP,RITES,213.32,9866.31,8.54,11.75,10.8,14.1,2415.08,2923.02,3341.23,4504.6,55.79,76.4,66.2,59.1,410.27,454.98,518.6,680.0,24.98,18.15,19.75,15.13,553.31,698.15,705.37,936.8,0.23,0.24,0.21,0.21,21.03,14.31,34.82,17.62,23.1,26.18,1.03,32.81,12.91,19.19,37.59,-8.09,30.56,12.46,18.19,18.95,17.68,3.82,2.79,3.22,3.61,3.01,3.21,4.09,3.38,2.95,2.19,3.16,2.84,0.97,-2.77,-0.31,-4.01,-3.18,0.17,0.16,0.16,0.15,-1.42,-0.04,-0.43,-4.41,-3.86,6906.17,15.34,15.6,18.22,22.69,5774.98,6807.62,6238.1,5850.6,118.4,149.22,160.84,156.86,272.71,325.73,518.6,568.4,24.54,25.17,20.29,16.04,647.17,698.15,860.0,950.0,0.16,0.17,0.17,0.17,12.67,10.64,11.13,11.56,9.94,15.56,12.66,12.85,10.91,11.41,7.79,11.37,18.83,11.06,12.42,312.15,23.55,21.07,3.0,2.78,2.47,2.65,2.63,2.63,1.77,1.7,1.54,1.39,1.62,1.54,0.48,0.09,0.13,0.5,0.94,0.08,0.09,0.09,0.1,-0.41,0.2,0.38,-1.49,0.12
TVS SUPPLY CHAIN SOLUTIONS,SERVICES,LOGISTICS,SMALL CAP,TVSSCS,140.31,5442.4,-0.31,3.4,3.7,5.1,9995.72,10622.1,11528.7,12510.0,40.84,45.0,54.0,49.0,-13.59,150.1,161.7,223.5,-452.61,41.27,37.92,27.51,691.33,780.0,860.0,950.0,0.07,0.07,0.07,0.08,6.27,8.54,8.51,7.39,7.77,12.83,10.26,10.47,11.53,11.18,-1196.77,8.82,37.84,,,39.59,35.57,3.44,3.12,2.6,2.86,2.86,2.86,0.54,0.51,0.47,0.44,0.49,0.47,0.43,0.12,0.13,3.85,3.16,-0.0,0.01,0.01,0.02,1.55,-0.01,0.38,,,6906.17,15.34,15.6,18.22,22.69,5774.98,6807.62,6238.1,5850.6,118.4,149.22,160.84,156.86,272.71,325.73,518.6,568.4,24.54,25.17,20.29,16.04,647.17,698.15,860.0,950.0,0.16,0.17,0.17,0.17,12.67,10.64,11.13,11.56,9.94,15.56,12.66,12.85,10.91,11.41,7.79,11.37,18.83,11.06,12.42,312.15,23.55,21.07,3.0,2.78,2.47,2.65,2.63,2.63,1.77,1.7,1.54,1.39,1.62,1.54,0.48,0.09,0.13,0.5,0.94,0.08,0.09,0.09,0.1,-0.41,0.2,0.38,-1.49,0.12
ALLCARGO LOGISTICS,SERVICES,LOGISTICS,SMALL CAP,ALLCARGO,8.67,1361.48,,,,,,,,,,,,,,,,,,,,,233.0,,,,,,,,,,,,,,,,,,,,,,,,,,,,,,,,,,,,,,,,,,,,,,,,,,,6906.17,15.34,15.6,18.22,22.69,5774.98,6807.62,6238.1,5850.6,118.4,149.22,160.84,156.86,272.71,325.73,518.6,568.4,24.54,25.17,20.29,16.04,647.17,698.15,860.0,950.0,0.16,0.17,0.17,0.17,12.67,10.64,11.13,11.56,9.94,15.56,12.66,12.85,10.91,11.41,7.79,11.37,18.83,11.06,12.42,312.15,23.55,21.07,3.0,2.78,2.47,2.65,2.63,2.63,1.77,1.7,1.54,1.39,1.62,1.54,0.48,0.09,0.13,0.5,0.94,0.08,0.09,0.09,0.1,-0.41,0.2,0.38,-1.49,0.12
SHIPPING CORP.OF INDIA,SERVICES,LOGISTICS,SMALL CAP,SCI,312.15,14348.94,,,,,,,,,,,,,,,,,,,,,,,,,,,,,,,,,,,,,,,,,,,,,,,,,,,,,,,,,,,,,,,,,,,,,,,,6906.17,15.34,15.6,18.22,22.69,5774.98,6807.62,6238.1,5850.6,118.4,149.22,160.84,156.86,272.71,325.73,518.6,568.4,24.54,25.17,20.29,16.04,647.17,698.15,860.0,950.0,0.16,0.17,0.17,0.17,12.67,10.64,11.13,11.56,9.94,15.56,12.66,12.85,10.91,11.41,7.79,11.37,18.83,11.06,12.42,312.15,23.55,21.07,3.0,2.78,2.47,2.65,2.63,2.63,1.77,1.7,1.54,1.39,1.62,1.54,0.48,0.09,0.13,0.5,0.94,0.08,0.09,0.09,0.1,-0.41,0.2,0.38,-1.49,0.12
VRL LOGISTICS,SERVICES,LOGISTICS,SMALL CAP,VRLLOG,240.01,4167.0,13.54,13.77,15.33,16.88,3221.11,3470.81,3753.84,4004.7,65.31,78.45,108.65,89.42,236.83,240.87,267.84,295.48,17.73,17.43,15.66,14.22,650.23,667.19,712.56,750.6,0.2,0.19,0.19,0.19,7.75,8.15,6.68,7.95,7.53,2.61,6.8,5.34,4.68,4.9,1.71,11.31,10.09,6.4,7.62,16.54,15.77,3.68,3.06,2.21,2.68,2.63,2.65,1.29,1.2,1.11,1.04,1.16,1.12,-0.96,-0.24,-0.24,-3.03,-2.44,0.07,0.07,0.07,0.07,-0.41,0.2,0.24,-1.49,0.12,6906.17,15.34,15.6,18.22,22.69,5774.98,6807.62,6238.1,5850.6,118.4,149.22,160.84,156.86,272.71,325.73,518.6,568.4,24.54,25.17,20.29,16.04,647.17,698.15,860.0,950.0,0.16,0.17,0.17,0.17,12.67,10.64,11.13,11.56,9.94,15.56,12.66,12.85,10.91,11.41,7.79,11.37,18.83,11.06,12.42,312.15,23.55,21.07,3.0,2.78,2.47,2.65,2.63,2.63,1.77,1.7,1.54,1.39,1.62,1.54,0.48,0.09,0.13,0.5,0.94,0.08,0.09,0.09,0.1,-0.41,0.2,0.38,-1.49,0.12
TRANSPORT CORPORATION OF INDIA,SERVICES,LOGISTICS,SMALL CAP,TCI,948.05,6906.17,59.38,63.12,70.33,72.9,4916.8,5489.2,6238.1,5850.6,,392.0,,452.05,456.3,485.25,541.77,568.4,15.97,15.02,13.48,13.0,517.1,558.15,628.83,700.5,0.11,0.1,0.1,0.12,11.64,13.64,-6.21,12.64,5.97,7.94,12.66,11.4,10.28,10.65,6.31,11.42,3.65,8.83,7.08,14.25,13.83,,2.42,,2.1,2.42,2.26,1.4,1.26,1.11,1.18,1.18,1.18,-0.35,-0.09,1.89,-2.1,4.42,0.09,0.09,0.09,0.1,-0.44,-0.16,1.03,-3.26,1.54,6906.17,15.34,15.6,18.22,22.69,5774.98,6807.62,6238.1,5850.6,118.4,149.22,160.84,156.86,272.71,325.73,518.6,568.4,24.54,25.17,20.29,16.04,647.17,698.15,860.0,950.0,0.16,0.17,0.17,0.17,12.67,10.64,11.13,11.56,9.94,15.56,12.66,12.85,10.91,11.41,7.79,11.37,18.83,11.06,12.42,312.15,23.55,21.07,3.0,2.78,2.47,2.65,2.63,2.63,1.77,1.7,1.54,1.39,1.62,1.54,0.48,0.09,0.13,0.5,0.94,0.08,0.09,0.09,0.1,-0.41,0.2,0.38,-1.49,0.12
TCI EXPRESS,SERVICES,LOGISTICS,SMALL CAP,TCIEXP,537.55,1972.05,22.31,23.1,27.52,31.69,1208.27,1236.34,1332.1,1451.8,199.06,216.06,257.4,232.73,85.81,88.69,105.52,121.65,24.09,23.27,19.54,16.96,124.67,128.98,151.62,173.45,0.1,0.1,0.11,0.12,2.32,7.75,8.99,5.0,6.31,3.45,17.56,14.39,10.28,11.64,3.54,19.12,15.18,11.06,12.42,21.4,19.92,2.7,2.49,2.09,2.31,2.29,2.3,1.63,1.6,1.48,1.36,1.54,1.48,0.11,0.95,0.56,5.03,5.01,0.07,0.07,0.08,0.08,0.07,0.75,0.46,5.61,5.67,6906.17,15.34,15.6,18.22,22.69,5774.98,6807.62,6238.1,5850.6,118.4,149.22,160.84,156.86,272.71,325.73,518.6,568.4,24.54,25.17,20.29,16.04,647.17,698.15,860.0,950.0,0.16,0.17,0.17,0.17,12.67,10.64,11.13,11.56,9.94,15.56,12.66,12.85,10.91,11.41,7.79,11.37,18.83,11.06,12.42,312.15,23.55,21.07,3.0,2.78,2.47,2.65,2.63,2.63,1.77,1.7,1.54,1.39,1.62,1.54,0.48,0.09,0.13,0.5,0.94,0.08,0.09,0.09,0.1,-0.41,0.2,0.38,-1.49,0.12
GATEWAY DISTRIPARKS,SERVICES,LOGISTICS,SMALL CAP,GATEWAY,60.94,2784.51,5.08,5.14,5.62,6.23,1680.55,2133.19,2287.01,2492.85,44.1,45.7,48.7,47.42,254.0,256.64,282.31,305.2,12.0,11.85,10.84,9.78,385.79,465.59,498.3,551.92,0.23,0.22,0.22,0.22,26.93,7.21,9.0,16.66,14.05,20.68,7.03,10.76,13.65,12.68,1.24,9.33,10.85,5.21,7.06,11.34,10.82,1.38,1.33,1.25,1.28,1.29,1.29,1.66,1.31,1.22,1.12,1.26,1.21,-1.13,-0.04,0.35,-2.58,-1.2,0.15,0.12,0.12,0.12,-3.08,0.31,-0.1,-9.63,-6.78,6906.17,15.34,15.6,18.22,22.69,5774.98,6807.62,6238.1,5850.6,118.4,149.22,160.84,156.86,272.71,325.73,518.6,568.4,24.54,25.17,20.29,16.04,647.17,698.15,860.0,950.0,0.16,0.17,0.17,0.17,12.67,10.64,11.13,11.56,9.94,15.56,12.66,12.85,10.91,11.41,7.79,11.37,18.83,11.06,12.42,312.15,23.55,21.07,3.0,2.78,2.47,2.65,2.63,2.63,1.77,1.7,1.54,1.39,1.62,1.54,0.48,0.09,0.13,0.5,0.94,0.08,0.09,0.09,0.1,-0.41,0.2,0.38,-1.49,0.12
MAHINDRA LOGISTICS,SERVICES,LOGISTICS,SMALL CAP,MAHLOG,354.95,3510.49,1.05,11.53,17.05,23.57,6999.3,7958.1,9030.93,10256.07,118.4,129.63,174.9,145.93,9.65,114.25,168.88,233.43,338.05,30.78,20.82,15.06,376.47,494.68,591.75,713.0,0.05,0.06,0.07,0.07,13.7,13.48,13.57,13.59,13.58,31.4,19.62,20.49,25.37,23.72,998.38,47.84,38.22,302.97,182.08,25.8,22.22,3.0,2.74,2.03,2.43,2.38,2.4,0.5,0.44,0.39,0.34,0.41,0.39,0.84,0.34,0.4,10.37,8.93,0.0,0.01,0.02,0.02,1.3,0.43,0.41,268.29,154.63,6906.17,15.34,15.6,18.22,22.69,5774.98,6807.62,6238.1,5850.6,118.4,149.22,160.84,156.86,272.71,325.73,518.6,568.4,24.54,25.17,20.29,16.04,647.17,698.15,860.0,950.0,0.16,0.17,0.17,0.17,12.67,10.64,11.13,11.56,9.94,15.56,12.66,12.85,10.91,11.41,7.79,11.37,18.83,11.06,12.42,312.15,23.55,21.07,3.0,2.78,2.47,2.65,2.63,2.63,1.77,1.7,1.54,1.39,1.62,1.54,0.48,0.09,0.13,0.5,0.94,0.08,0.09,0.09,0.1,-0.41,0.2,0.38,-1.49,0.12
NAVKAR CORPORATION,SERVICES,LOGISTICS,SMALL CAP,NAVKARCORP,104.98,1477.5,,,,,,,,,,,,,,,,,,,,,,,,,,,,,,,,,,,,,,,,,,,,,,,,,,,,,,,,,,,,,,,,,,,,,,,,6906.17,15.34,15.6,18.22,22.69,5774.98,6807.62,6238.1,5850.6,118.4,149.22,160.84,156.86,272.71,325.73,518.6,568.4,24.54,25.17,20.29,16.04,647.17,698.15,860.0,950.0,0.16,0.17,0.17,0.17,12.67,10.64,11.13,11.56,9.94,15.56,12.66,12.85,10.91,11.41,7.79,11.37,18.83,11.06,12.42,312.15,23.55,21.07,3.0,2.78,2.47,2.65,2.63,2.63,1.77,1.7,1.54,1.39,1.62,1.54,0.48,0.09,0.13,0.5,0.94,0.08,0.09,0.09,0.1,-0.41,0.2,0.38,-1.49,0.12
SNOWMAN LOGISTICS,SERVICES,LOGISTICS,SMALL CAP,SNOWMAN,39.39,631.93,,,,,,,,,,,,,,,,,,,,,,,,,,,,,,,,,,,,,,,,,,,,,,,,,,,,,,,,,,,,,,,,,,,,,,,,6906.17,15.34,15.6,18.22,22.69,5774.98,6807.62,6238.1,5850.6,118.4,149.22,160.84,156.86,272.71,325.73,518.6,568.4,24.54,25.17,20.29,16.04,647.17,698.15,860.0,950.0,0.16,0.17,0.17,0.17,12.67,10.64,11.13,11.56,9.94,15.56,12.66,12.85,10.91,11.41,7.79,11.37,18.83,11.06,12.42,312.15,23.55,21.07,3.0,2.78,2.47,2.65,2.63,2.63,1.77,1.7,1.54,1.39,1.62,1.54,0.48,0.09,0.13,0.5,0.94,0.08,0.09,0.09,0.1,-0.41,0.2,0.38,-1.49,0.12
QUESS CORP,SERVICES,WORKFORCE MANAGEMENT,SMALL CAP,QUESS,249.87,3055.92,15.39,16.1,18.59,22.4,15305.19,16849.11,18716.56,20406.3,78.11,82.17,103.0,81.72,229.7,239.21,275.87,333.9,16.24,15.52,13.44,11.15,312.44,347.03,392.89,448.9,0.02,0.02,0.02,0.02,10.09,11.08,9.03,10.58,10.06,11.07,13.21,14.26,12.14,12.84,4.61,15.44,20.52,9.89,13.33,14.48,13.37,3.2,3.04,2.43,3.06,2.73,2.84,0.2,0.18,0.16,0.15,0.17,0.16,0.02,0.04,0.1,1.4,2.52,0.02,0.01,0.01,0.02,-0.08,0.05,0.16,-0.9,2.92,2694.91,23.82,22.9,26.41,25.5,13547.93,14906.21,16696.18,18279.8,143.11,320.4,196.7,370.45,187.53,193.66,228.49,275.67,15.29,14.99,12.85,11.09,239.49,266.22,305.96,345.36,0.03,0.03,0.03,0.03,10.02,10.44,9.55,10.54,9.75,11.02,15.67,11.97,11.67,10.13,1.89,15.35,14.25,8.4,7.59,339.81,14.0,13.4,2.35,1.65,1.66,1.43,1.47,1.45,0.28,0.25,0.23,0.21,0.24,0.23,0.0,0.06,0.05,1.02,0.34,0.02,0.02,0.02,0.02,-0.24,0.09,0.09,-3.38,-1.97
SIS,SERVICES,WORKFORCE MANAGEMENT,SMALL CAP,SIS,429.75,5629.42,29.95,29.7,34.23,28.6,15981.53,17771.0,19512.43,20405.9,,481.0,,563.5,427.83,406.3,462.95,419.7,14.35,14.47,12.55,15.03,716.62,795.27,886.13,823.8,0.04,0.04,0.05,0.04,11.2,9.8,4.58,10.5,8.49,10.97,11.43,-7.03,11.2,4.76,-0.83,15.26,-16.45,6.91,-1.53,13.51,14.02,,0.89,,0.76,0.89,0.83,0.35,0.32,0.29,0.28,0.3,0.29,-0.01,0.07,-0.5,0.64,-3.44,0.03,0.02,0.02,0.02,-0.39,0.09,-0.32,-5.86,-8.41,2694.91,23.82,22.9,26.41,25.5,13547.93,14906.21,16696.18,18279.8,143.11,320.4,196.7,370.45,187.53,193.66,228.49,275.67,15.29,14.99,12.85,11.09,239.49,266.22,305.96,345.36,0.03,0.03,0.03,0.03,10.02,10.44,9.55,10.54,9.75,11.02,15.67,11.97,11.67,10.13,1.89,15.35,14.25,8.4,7.59,339.81,14.0,13.4,2.35,1.65,1.66,1.43,1.47,1.45,0.28,0.25,0.23,0.21,0.24,0.23,0.0,0.06,0.05,1.02,0.34,0.02,0.02,0.02,0.02,-0.24,0.09,0.09,-3.38,-1.97
TEAMLEASE SERVICES,SERVICES,WORKFORCE MANAGEMENT,SMALL CAP,TEAMLEASE,1465.0,2333.89,86.68,90.84,111.49,132.82,11790.67,12963.31,14675.8,16153.7,622.16,678.68,880.0,799.46,145.37,148.11,181.12,217.43,16.9,16.13,13.14,11.03,156.91,185.42,219.03,241.82,0.01,0.01,0.01,0.01,9.95,13.21,10.07,11.57,11.07,18.17,18.13,10.41,18.15,15.51,4.81,22.73,19.14,13.41,15.29,14.63,13.43,2.35,2.16,1.66,1.83,1.91,1.89,0.2,0.18,0.16,0.14,0.17,0.16,0.1,0.06,0.0,5.9,4.0,0.01,0.01,0.01,0.01,-0.09,0.09,0.11,0.05,2.97,2694.91,23.82,22.9,26.41,25.5,13547.93,14906.21,16696.18,18279.8,143.11,320.4,196.7,370.45,187.53,193.66,228.49,275.67,15.29,14.99,12.85,11.09,239.49,266.22,305.96,345.36,0.03,0.03,0.03,0.03,10.02,10.44,9.55,10.54,9.75,11.02,15.67,11.97,11.67,10.13,1.89,15.35,14.25,8.4,7.59,339.81,14.0,13.4,2.35,1.65,1.66,1.43,1.47,1.45,0.28,0.25,0.23,0.21,0.24,0.23,0.0,0.06,0.05,1.02,0.34,0.02,0.02,0.02,0.02,-0.24,0.09,0.09,-3.38,-1.97
UPDATER SERVICES,SERVICES,WORKFORCE MANAGEMENT,SMALL CAP,UDS,181.02,1215.34,17.7,15.35,17.1,18.7,2736.06,2980.33,3255.37,3587.0,143.11,159.8,196.7,177.4,118.8,90.6,112.13,125.83,10.23,11.79,10.59,9.68,166.54,152.5,181.85,206.45,0.06,0.05,0.06,0.06,8.93,9.23,10.19,9.08,9.45,-8.43,19.25,13.53,4.49,7.42,-13.28,11.4,9.36,-1.71,1.85,11.19,10.69,1.26,1.13,0.92,1.02,1.03,1.02,0.44,0.41,0.37,0.34,0.39,0.37,-0.97,0.47,0.17,-4.2,-1.85,0.04,0.03,0.03,0.04,-1.3,0.4,0.06,-10.93,-6.86,2694.91,23.82,22.9,26.41,25.5,13547.93,14906.21,16696.18,18279.8,143.11,320.4,196.7,370.45,187.53,193.66,228.49,275.67,15.29,14.99,12.85,11.09,239.49,266.22,305.96,345.36,0.03,0.03,0.03,0.03,10.02,10.44,9.55,10.54,9.75,11.02,15.67,11.97,11.67,10.13,1.89,15.35,14.25,8.4,7.59,339.81,14.0,13.4,2.35,1.65,1.66,1.43,1.47,1.45,0.28,0.25,0.23,0.21,0.24,0.23,0.0,0.06,0.05,1.02,0.34,0.02,0.02,0.02,0.02,-0.24,0.09,0.09,-3.38,-1.97
SUN TV NETWORK,MEDIA ENTERTAINMENT & PUBLICATION,BROADCAST,SMALL CAP,SUNTV,520.85,19436.24,38.41,44.11,45.83,55.7,4334.82,4436.6,4614.03,4611.95,320.87,350.02,,375.57,1512.56,1738.09,1807.2,1959.75,13.56,11.81,11.37,9.35,2214.21,2186.1,2259.09,2392.85,0.51,0.49,0.49,0.52,2.35,4.0,-0.05,3.17,2.09,-1.27,3.34,5.92,1.01,2.62,14.85,3.88,21.54,9.23,13.19,11.59,10.84,1.62,1.49,,1.39,1.49,1.44,4.48,4.38,4.21,4.21,4.3,4.27,-1.81,-0.31,2.92,-2.1,0.52,0.35,0.39,0.39,0.42,4.28,-0.01,3.33,5.95,6.79,6306.02,3.98,6.87,8.34,33.18,4334.82,4436.6,4614.03,7031.36,320.87,239.02,145.24,254.88,282.5,1210.6,1317.27,1557.4,26.98,16.51,13.59,9.99,398.7,1013.75,1201.95,1904.27,0.05,0.12,0.13,0.33,3.02,4.0,2.74,4.22,3.37,93.45,12.55,11.85,47.56,27.59,58.29,21.37,24.75,40.89,33.6,107.37,15.05,13.58,1.62,1.19,0.78,1.12,1.16,1.14,0.96,0.94,0.89,2.53,0.91,0.89,3.02,0.61,2.24,35.21,23.15,0.03,0.24,0.24,0.27,4.45,0.59,3.15,35.07,29.79
ZEE ENTERTAINMENT ENTS.,MEDIA ENTERTAINMENT & PUBLICATION,BROADCAST,SMALL CAP,ZEEL,113.36,7951.18,2.92,6.87,8.34,10.67,8245.0,8494.03,8956.39,9450.78,,128.03,145.24,134.19,282.5,683.1,827.34,1155.05,38.82,16.51,13.6,10.63,398.7,1013.75,1201.95,1415.68,0.05,0.12,0.13,0.15,3.02,5.44,5.52,4.22,4.65,154.26,18.56,17.78,73.63,52.56,135.21,21.37,27.95,68.96,54.01,15.05,13.58,,0.89,0.78,0.84,0.83,0.84,0.96,0.94,0.89,0.84,0.91,0.89,7.1,1.49,1.56,66.59,45.77,0.03,0.08,0.09,0.12,4.62,1.2,2.98,64.2,52.79,6306.02,3.98,6.87,8.34,33.18,4334.82,4436.6,4614.03,7031.36,320.87,239.02,145.24,254.88,282.5,1210.6,1317.27,1557.4,26.98,16.51,13.59,9.99,398.7,1013.75,1201.95,1904.27,0.05,0.12,0.13,0.33,3.02,4.0,2.74,4.22,3.37,93.45,12.55,11.85,47.56,27.59,58.29,21.37,24.75,40.89,33.6,107.37,15.05,13.58,1.62,1.19,0.78,1.12,1.16,1.14,0.96,0.94,0.89,2.53,0.91,0.89,3.02,0.61,2.24,35.21,23.15,0.03,0.24,0.24,0.27,4.45,0.59,3.15,35.07,29.79
NETWORK 18 MEDIA & INVS.,MEDIA ENTERTAINMENT & PUBLICATION,BROADCAST,SMALL CAP,NETWORK18,33.98,4851.13,,,,,,,,,,,,,,,,,,,,,,,,,,,,,,,,,,,,,,,,,,,,,,,,,,,,,,,,,,,,,,,,,,,,,,,,6306.02,3.98,6.87,8.34,33.18,4334.82,4436.6,4614.03,7031.36,320.87,239.02,145.24,254.88,282.5,1210.6,1317.27,1557.4,26.98,16.51,13.59,9.99,398.7,1013.75,1201.95,1904.27,0.05,0.12,0.13,0.33,3.02,4.0,2.74,4.22,3.37,93.45,12.55,11.85,47.56,27.59,58.29,21.37,24.75,40.89,33.6,107.37,15.05,13.58,1.62,1.19,0.78,1.12,1.16,1.14,0.96,0.94,0.89,2.53,0.91,0.89,3.02,0.61,2.24,35.21,23.15,0.03,0.24,0.24,0.27,4.45,0.59,3.15,35.07,29.79
TV18 BROADCAST,MEDIA ENTERTAINMENT & PUBLICATION,BROADCAST,SMALL CAP,TV18BRDCST,,7760.91,,,,,,,,,,,,,,,,,,,,,,,,,,,,,,,,,,,,,,,,,,,,,,,,,,,,,,,,,,,,,,,,,,,,,,,,6306.02,3.98,6.87,8.34,33.18,4334.82,4436.6,4614.03,7031.36,320.87,239.02,145.24,254.88,282.5,1210.6,1317.27,1557.4,26.98,16.51,13.59,9.99,398.7,1013.75,1201.95,1904.27,0.05,0.12,0.13,0.33,3.02,4.0,2.74,4.22,3.37,93.45,12.55,11.85,47.56,27.59,58.29,21.37,24.75,40.89,33.6,107.37,15.05,13.58,1.62,1.19,0.78,1.12,1.16,1.14,0.96,0.94,0.89,2.53,0.91,0.89,3.02,0.61,2.24,35.21,23.15,0.03,0.24,0.24,0.27,4.45,0.59,3.15,35.07,29.79
TV TODAY NETWORK,MEDIA ENTERTAINMENT & PUBLICATION,BROADCAST,SMALL CAP,TVTODAY,107.37,661.07,3.98,6.3,7.9,,808.7,926.2,963.2,,,,,,23.81,,,,26.98,17.04,13.59,,35.41,68.5,77.1,,0.04,0.07,0.08,,14.53,3.99,,9.14,,93.45,12.55,,47.56,,58.29,25.4,,40.89,,15.32,15.32,,,,,,,0.82,0.71,0.69,,0.7,0.7,3.02,0.61,,35.21,,0.03,,,,,,,,,6306.02,3.98,6.87,8.34,33.18,4334.82,4436.6,4614.03,7031.36,320.87,239.02,145.24,254.88,282.5,1210.6,1317.27,1557.4,26.98,16.51,13.59,9.99,398.7,1013.75,1201.95,1904.27,0.05,0.12,0.13,0.33,3.02,4.0,2.74,4.22,3.37,93.45,12.55,11.85,47.56,27.59,58.29,21.37,24.75,40.89,33.6,107.37,15.05,13.58,1.62,1.19,0.78,1.12,1.16,1.14,0.96,0.94,0.89,2.53,0.91,0.89,3.02,0.61,2.24,35.21,23.15,0.03,0.24,0.24,0.27,4.45,0.59,3.15,35.07,29.79
NEW DELHI TELEVISION,MEDIA ENTERTAINMENT & PUBLICATION,BROADCAST,SMALL CAP,NDTV,81.03,889.51,,,,,,,,,,,,,,,,,,,,,,,,,,,,,,,,,,,,,,,,,,,,,,,,,,,,,,,,,,,,,,,,,,,,,,,,6306.02,3.98,6.87,8.34,33.18,4334.82,4436.6,4614.03,7031.36,320.87,239.02,145.24,254.88,282.5,1210.6,1317.27,1557.4,26.98,16.51,13.59,9.99,398.7,1013.75,1201.95,1904.27,0.05,0.12,0.13,0.33,3.02,4.0,2.74,4.22,3.37,93.45,12.55,11.85,47.56,27.59,58.29,21.37,24.75,40.89,33.6,107.37,15.05,13.58,1.62,1.19,0.78,1.12,1.16,1.14,0.96,0.94,0.89,2.53,0.91,0.89,3.02,0.61,2.24,35.21,23.15,0.03,0.24,0.24,0.27,4.45,0.59,3.15,35.07,29.79
PVR,MEDIA ENTERTAINMENT & PUBLICATION,ENTERTAINMENT,SMALL CAP,PVRINOX,948.9,9502.8,22.9,37.53,56.77,90.0,6646.2,7447.54,8175.14,8881.17,,783.33,874.35,834.11,225.7,382.42,537.54,638.82,41.44,25.29,16.72,10.54,2102.4,2093.59,2273.52,2158.89,0.32,0.28,0.28,0.24,12.06,9.77,8.64,10.91,10.15,-0.42,8.59,-5.04,3.99,0.89,63.88,51.27,58.55,57.45,57.81,21.0,17.51,,1.21,1.09,1.14,1.15,1.14,1.43,1.28,1.16,1.07,1.22,1.17,-3.52,-0.3,-3.5,-6.24,-8.4,0.03,0.05,0.07,0.07,1.74,1.44,0.62,39.15,28.43,9502.8,18.21,10.4,14.36,24.0,1173.88,1694.43,2003.44,3128.89,57.96,194.41,495.33,209.61,155.93,128.42,188.91,341.52,38.5,31.49,23.07,20.03,206.79,345.18,417.77,665.01,0.3,0.31,0.32,0.24,26.97,13.73,8.64,20.12,17.13,60.81,19.76,8.98,38.92,20.02,43.82,44.86,58.55,43.18,21.08,389.02,27.28,26.44,2.59,1.68,1.82,1.57,1.68,1.63,5.89,4.38,3.75,3.44,4.06,3.9,3.02,1.06,-1.86,9.95,2.46,0.1,0.1,0.13,0.11,0.98,2.26,0.62,23.95,3.54
NAZARA TECHNOLOGIES,MEDIA ENTERTAINMENT & PUBLICATION,ENTERTAINMENT,SMALL CAP,NAZARA,297.35,10763.86,27.22,4.07,6.25,10.35,1828.98,2758.4,3281.45,3128.89,93.76,91.47,116.3,102.12,996.71,150.77,235.36,341.52,10.92,73.04,47.6,28.73,249.01,475.03,574.47,665.01,0.14,0.17,0.18,0.21,50.82,18.96,-4.65,33.95,19.6,90.77,20.93,15.76,51.89,38.74,-85.04,53.45,65.68,-52.09,-27.55,60.32,49.79,3.17,3.25,2.56,2.91,2.9,2.91,5.89,3.9,3.28,3.44,3.59,3.54,3.61,0.29,3.75,13.4,16.01,0.54,0.05,0.07,0.11,-49.03,1.71,3.74,-63.72,-41.49,9502.8,18.21,10.4,14.36,24.0,1173.88,1694.43,2003.44,3128.89,57.96,194.41,495.33,209.61,155.93,128.42,188.91,341.52,38.5,31.49,23.07,20.03,206.79,345.18,417.77,665.01,0.3,0.31,0.32,0.24,26.97,13.73,8.64,20.12,17.13,60.81,19.76,8.98,38.92,20.02,43.82,44.86,58.55,43.18,21.08,389.02,27.28,26.44,2.59,1.68,1.82,1.57,1.68,1.63,5.89,4.38,3.75,3.44,4.06,3.9,3.02,1.06,-1.86,9.95,2.46,0.1,0.1,0.13,0.11,0.98,2.26,0.62,23.95,3.54
WONDERLA HOLIDAYS,MEDIA ENTERTAINMENT & PUBLICATION,ENTERTAINMENT,SMALL CAP,WONDERLA,480.7,3061.73,13.52,16.73,22.47,24.0,518.77,630.47,725.43,833.7,,297.35,,317.1,86.15,106.07,142.47,153.7,35.55,28.73,21.4,20.03,164.56,215.33,261.07,284.5,0.32,0.34,0.36,0.34,21.53,15.06,14.92,18.25,17.13,30.85,21.24,8.98,25.95,20.02,23.76,34.27,6.82,28.91,21.08,25.06,23.38,,1.62,,1.52,1.62,1.57,5.9,4.86,4.22,3.67,4.54,4.25,2.43,1.83,-1.86,6.51,2.46,0.17,0.17,0.2,0.18,0.22,2.82,-1.2,8.75,3.54,9502.8,18.21,10.4,14.36,24.0,1173.88,1694.43,2003.44,3128.89,57.96,194.41,495.33,209.61,155.93,128.42,188.91,341.52,38.5,31.49,23.07,20.03,206.79,345.18,417.77,665.01,0.3,0.31,0.32,0.24,26.97,13.73,8.64,20.12,17.13,60.81,19.76,8.98,38.92,20.02,43.82,44.86,58.55,43.18,21.08,389.02,27.28,26.44,2.59,1.68,1.82,1.57,1.68,1.63,5.89,4.38,3.75,3.44,4.06,3.9,3.02,1.06,-1.86,9.95,2.46,0.1,0.1,0.13,0.11,0.98,2.26,0.62,23.95,3.54
IMAGICAAWORLD ENTERTAINMENT,MEDIA ENTERTAINMENT & PUBLICATION,ENTERTAINMENT,SMALL CAP,IMAGICAA,44.53,2531.1,0.01,1.3,1.8,,373.85,495.0,556.4,,22.16,25.5,,27.3,0.44,74.2,106.8,,6361.43,34.25,24.74,,107.07,215.2,255.2,,0.29,0.43,0.46,,32.4,12.4,,22.0,,100.98,18.59,,54.38,,18471.43,38.46,,1503.57,,29.5,29.5,2.01,1.75,,1.63,1.75,1.69,6.77,5.11,4.55,,4.83,4.83,14.83,2.39,,26.55,,0.0,0.15,0.19,,14.87,4.2,,1171.88,,9502.8,18.21,10.4,14.36,24.0,1173.88,1694.43,2003.44,3128.89,57.96,194.41,495.33,209.61,155.93,128.42,188.91,341.52,38.5,31.49,23.07,20.03,206.79,345.18,417.77,665.01,0.3,0.31,0.32,0.24,26.97,13.73,8.64,20.12,17.13,60.81,19.76,8.98,38.92,20.02,43.82,44.86,58.55,43.18,21.08,389.02,27.28,26.44,2.59,1.68,1.82,1.57,1.68,1.63,5.89,4.38,3.75,3.44,4.06,3.9,3.02,1.06,-1.86,9.95,2.46,0.1,0.1,0.13,0.11,0.98,2.26,0.62,23.95,3.54
PRIME FOCUS,MEDIA ENTERTAINMENT & PUBLICATION,ENTERTAINMENT,SMALL CAP,PFOCUS,,18592.73,,,,,,,,,,,,,,,,,,,,,,,,,,,,,,,,,,,,,,,,,,,,,,,,,,,,,,,,,,,,,,,,,,,,,,,,9502.8,18.21,10.4,14.36,24.0,1173.88,1694.43,2003.44,3128.89,57.96,194.41,495.33,209.61,155.93,128.42,188.91,341.52,38.5,31.49,23.07,20.03,206.79,345.18,417.77,665.01,0.3,0.31,0.32,0.24,26.97,13.73,8.64,20.12,17.13,60.81,19.76,8.98,38.92,20.02,43.82,44.86,58.55,43.18,21.08,389.02,27.28,26.44,2.59,1.68,1.82,1.57,1.68,1.63,5.89,4.38,3.75,3.44,4.06,3.9,3.02,1.06,-1.86,9.95,2.46,0.1,0.1,0.13,0.11,0.98,2.26,0.62,23.95,3.54
D B CORP,MEDIA ENTERTAINMENT & PUBLICATION,PRINT MEDIA,SMALL CAP,DBCORP,204.19,3704.66,18.62,20.56,22.14,27.61,2355.52,2485.71,2602.43,2985.12,136.26,147.55,179.49,161.88,332.0,365.96,394.25,492.07,10.97,9.93,9.22,7.4,488.33,532.12,562.89,710.06,0.21,0.21,0.22,0.24,5.53,4.7,14.71,5.11,8.22,8.97,5.78,26.15,7.36,13.29,10.44,7.69,24.67,9.05,14.03,9.58,8.85,1.5,1.38,1.14,1.26,1.26,1.26,1.57,1.49,1.42,1.24,1.46,1.38,0.68,0.22,2.16,2.14,4.69,0.14,0.15,0.15,0.16,0.63,0.43,1.33,3.67,5.36,2611.29,12.32,20.56,22.14,27.61,2121.83,2485.71,2602.43,2985.12,112.86,147.55,179.49,161.88,231.46,365.96,394.25,492.07,10.97,9.93,9.22,7.4,335.57,532.12,562.89,710.06,0.15,0.21,0.22,0.24,5.53,4.7,14.71,5.11,8.22,8.97,5.78,26.15,7.36,13.29,10.44,7.69,24.67,9.05,14.03,135.12,9.58,8.85,1.12,1.38,1.14,1.26,1.26,1.26,1.19,1.49,1.42,1.24,1.46,1.38,0.68,0.22,2.16,2.14,4.69,0.11,0.15,0.15,0.16,0.63,0.43,1.33,3.67,5.36
JAGRAN PRAKASHAN,MEDIA ENTERTAINMENT & PUBLICATION,PRINT MEDIA,SMALL CAP,JAGRAN,66.04,1517.92,6.02,,,,1888.13,,,,89.46,,,,130.93,,,,10.97,,,,182.81,,,,0.1,,,,,,,,,,,,,,,,,,,,,0.74,,,,,,0.8,,,,,,,,,,,0.07,,,,,,,,,2611.29,12.32,20.56,22.14,27.61,2121.83,2485.71,2602.43,2985.12,112.86,147.55,179.49,161.88,231.46,365.96,394.25,492.07,10.97,9.93,9.22,7.4,335.57,532.12,562.89,710.06,0.15,0.21,0.22,0.24,5.53,4.7,14.71,5.11,8.22,8.97,5.78,26.15,7.36,13.29,10.44,7.69,24.67,9.05,14.03,135.12,9.58,8.85,1.12,1.38,1.14,1.26,1.26,1.26,1.19,1.49,1.42,1.24,1.46,1.38,0.68,0.22,2.16,2.14,4.69,0.11,0.15,0.15,0.16,0.63,0.43,1.33,3.67,5.36
SAREGAMA INDIA,MEDIA ENTERTAINMENT & PUBLICATION,MUSIC,SMALL CAP,SAREGAMA,465.9,7602.56,11.17,12.9,15.28,17.85,984.62,1188.07,1366.1,1617.0,88.09,65.33,,99.43,215.6,244.83,287.77,343.75,41.71,36.12,30.5,26.1,336.75,395.5,459.27,544.6,0.34,0.33,0.34,0.34,20.66,14.99,18.37,17.79,17.98,17.45,16.12,18.58,16.78,17.38,15.49,18.41,16.86,16.94,16.91,33.31,30.91,5.29,7.13,,4.69,7.13,5.91,7.72,6.4,5.57,4.7,5.98,5.56,-0.91,0.33,0.06,-0.85,-0.51,0.22,0.21,0.21,0.21,-1.29,0.46,0.19,-1.92,-0.98,7988.72,14.07,15.33,17.67,19.98,680.07,821.13,957.57,1142.25,54.21,45.42,,65.47,216.17,243.48,287.35,348.42,40.11,36.43,31.52,27.82,306.27,351.85,412.38,492.65,0.54,0.51,0.5,0.5,20.81,17.93,19.97,19.35,19.56,14.6,17.36,19.58,15.95,17.14,10.12,15.68,13.49,12.86,13.07,559.45,33.98,31.93,18.7,16.37,,12.71,16.37,14.54,15.01,12.42,10.41,8.62,11.41,10.48,-3.25,-0.48,-0.24,-2.82,-2.0,0.4,0.37,0.37,0.37,-2.85,-0.3,0.42,-3.38,-1.92
TIPS INDUSTRIES,MEDIA ENTERTAINMENT & PUBLICATION,MUSIC,SMALL CAP,TIPSMUSIC,653.0,8374.88,16.96,17.77,20.07,22.1,375.51,454.2,549.03,667.5,20.34,25.5,,31.5,216.75,242.13,286.93,353.1,38.5,36.75,32.54,29.55,275.8,308.2,365.5,440.7,0.73,0.68,0.67,0.66,20.95,20.88,21.58,20.92,21.14,11.75,18.59,20.57,15.12,16.91,4.76,12.95,10.13,8.77,9.23,34.65,32.95,32.11,25.61,,20.73,25.61,23.17,22.3,18.44,15.25,12.55,16.85,15.41,-5.59,-1.28,-0.55,-4.79,-3.49,0.58,0.53,0.52,0.53,-4.41,-1.05,0.64,-4.85,-2.87,7988.72,14.07,15.33,17.67,19.98,680.07,821.13,957.57,1142.25,54.21,45.42,,65.47,216.17,243.48,287.35,348.42,40.11,36.43,31.52,27.82,306.27,351.85,412.38,492.65,0.54,0.51,0.5,0.5,20.81,17.93,19.97,19.35,19.56,14.6,17.36,19.58,15.95,17.14,10.12,15.68,13.49,12.86,13.07,559.45,33.98,31.93,18.7,16.37,,12.71,16.37,14.54,15.01,12.42,10.41,8.62,11.41,10.48,-3.25,-0.48,-0.24,-2.82,-2.0,0.4,0.37,0.37,0.37,-2.85,-0.3,0.42,-3.38,-1.92
HATHWAY CABLE & DATACOM,MEDIA ENTERTAINMENT & PUBLICATION,CABLE,SMALL CAP,HATHWAY,12.18,1872.77,,,,,,,,,,,,,,,,,,,,,,,,,,,,,,,,,,,,,,,,,,,,,,,,,,,,,,,,,,,,,,,,,,,,,,,,1321.12,-0.79,,,,1567.6,,,,-17.61,,,,-152.28,,,,,,,,529.08,,,,0.34,,,,,,,,,,,,,,,,,,,22.63,,,,,,,,,0.4,,,,,,,,,,,-0.1,,,,,,,,
DISH TV INDIA,MEDIA ENTERTAINMENT & PUBLICATION,CABLE,SMALL CAP,DISHTV,,620.5,-0.79,,,,1567.6,,,,-17.61,,,,-152.28,,,,,,,,529.08,,,,0.34,,,,,,,,,,,,,,,,,,,,,,,,,,,0.4,,,,,,,,,,,-0.1,,,,,,,,,1321.12,-0.79,,,,1567.6,,,,-17.61,,,,-152.28,,,,,,,,529.08,,,,0.34,,,,,,,,,,,,,,,,,,,22.63,,,,,,,,,0.4,,,,,,,,,,,-0.1,,,,,,,,
DEN NETWORKS,MEDIA ENTERTAINMENT & PUBLICATION,CABLE,SMALL CAP,DEN,33.08,1321.12,,,,,,,,,,,,,,,,,,,,,,,,,,,,,,,,,,,,,,,,,,,,,,,,,,,,,,,,,,,,,,,,,,,,,,,,1321.12,-0.79,,,,1567.6,,,,-17.61,,,,-152.28,,,,,,,,529.08,,,,0.34,,,,,,,,,,,,,,,,,,,22.63,,,,,,,,,0.4,,,,,,,,,,,-0.1,,,,,,,,
PI INDUSTRIES,AGRO CHEMICALS,AGRO CHEMICALS,MID CAP,PIIND,2803.6,43051.85,80.26,89.74,103.04,120.02,6713.7,7439.04,8355.39,9826.64,740.29,814.94,1018.3,904.41,1217.7,1361.39,1577.58,2078.3,34.93,31.24,27.21,23.36,1705.3,1893.91,2174.75,2550.18,0.25,0.25,0.26,0.26,10.8,12.32,17.61,11.56,13.54,11.06,14.83,17.26,12.93,14.36,11.81,14.82,16.48,13.3,14.35,29.23,27.27,3.79,3.44,2.75,3.1,3.1,3.1,6.41,5.79,5.15,4.38,5.47,5.11,0.06,0.57,-0.08,1.23,0.72,0.18,0.18,0.19,0.21,0.16,0.58,2.27,2.03,5.25,7527.11,56.94,68.2,78.91,62.12,5675.0,6243.16,6849.0,12066.9,303.71,410.48,510.25,475.56,680.86,656.64,742.54,1745.7,21.14,17.44,14.81,11.98,873.7,994.79,1135.96,2676.89,0.15,0.16,0.17,0.17,10.01,11.31,9.97,10.41,10.5,13.86,16.27,14.02,14.3,13.15,11.81,17.7,16.5,14.91,17.76,688.5,16.13,14.93,2.73,2.6,1.62,2.25,2.2,2.21,1.73,1.62,1.46,1.27,1.55,1.47,0.44,0.65,0.47,3.92,3.45,0.09,0.09,0.09,0.09,0.18,0.66,1.08,5.08,7.43
FERT.& CHEMS.TRAVANCORE,AGRO CHEMICALS,AGRO CHEMICALS,MID CAP,FACT,884.85,58456.48,,,,,,,,,,,,,,,,,,,,,,,,,,,,,,,,,,,,,,,,,,,,,,,,,,,,,,,,,,,,,,,,,,,,,,,,7527.11,56.94,68.2,78.91,62.12,5675.0,6243.16,6849.0,12066.9,303.71,410.48,510.25,475.56,680.86,656.64,742.54,1745.7,21.14,17.44,14.81,11.98,873.7,994.79,1135.96,2676.89,0.15,0.16,0.17,0.17,10.01,11.31,9.97,10.41,10.5,13.86,16.27,14.02,14.3,13.15,11.81,17.7,16.5,14.91,17.76,688.5,16.13,14.93,2.73,2.6,1.62,2.25,2.2,2.21,1.73,1.62,1.46,1.27,1.55,1.47,0.44,0.65,0.47,3.92,3.45,0.09,0.09,0.09,0.09,0.18,0.66,1.08,5.08,7.43
UPL,AGRO CHEMICALS,AGRO CHEMICALS,MID CAP,UPL,608.65,55293.09,21.61,42.28,51.82,56.24,51839.0,56235.39,60532.3,67486.21,,481.62,510.25,524.22,1861.0,3240.42,4062.94,4461.57,28.17,14.4,11.75,10.82,9272.0,10819.07,11903.43,13362.44,0.18,0.19,0.2,0.2,8.48,7.64,11.49,8.06,9.19,16.69,10.02,12.26,13.31,12.95,95.66,22.55,8.54,54.85,37.55,13.07,12.32,,1.26,1.19,1.16,1.23,1.21,1.07,0.98,0.91,0.82,0.95,0.91,1.35,0.43,0.14,4.85,3.45,0.04,0.06,0.07,0.07,2.17,0.95,-0.1,36.74,22.57,7527.11,56.94,68.2,78.91,62.12,5675.0,6243.16,6849.0,12066.9,303.71,410.48,510.25,475.56,680.86,656.64,742.54,1745.7,21.14,17.44,14.81,11.98,873.7,994.79,1135.96,2676.89,0.15,0.16,0.17,0.17,10.01,11.31,9.97,10.41,10.5,13.86,16.27,14.02,14.3,13.15,11.81,17.7,16.5,14.91,17.76,688.5,16.13,14.93,2.73,2.6,1.62,2.25,2.2,2.21,1.73,1.62,1.46,1.27,1.55,1.47,0.44,0.65,0.47,3.92,3.45,0.09,0.09,0.09,0.09,0.18,0.66,1.08,5.08,7.43
COROMANDEL INTERNATIONAL,AGRO CHEMICALS,AGRO CHEMICALS,MID CAP,COROMANDEL,2015.2,54387.31,68.7,83.71,102.29,112.2,31479.54,33557.31,36771.65,34459.6,426.42,504.95,,594.6,2026.71,2485.85,3013.77,3297.1,29.33,24.07,19.7,17.96,3216.06,3759.46,4409.09,4848.5,0.1,0.11,0.12,0.14,6.6,9.58,-6.29,8.08,3.06,16.9,17.28,9.97,17.09,14.66,21.85,22.19,9.69,22.02,17.76,21.89,20.58,4.73,3.99,,3.39,3.99,3.69,1.73,1.62,1.48,1.58,1.55,1.56,0.99,0.79,2.08,8.34,11.26,0.06,0.07,0.08,0.1,0.97,0.79,1.37,12.83,14.12,7527.11,56.94,68.2,78.91,62.12,5675.0,6243.16,6849.0,12066.9,303.71,410.48,510.25,475.56,680.86,656.64,742.54,1745.7,21.14,17.44,14.81,11.98,873.7,994.79,1135.96,2676.89,0.15,0.16,0.17,0.17,10.01,11.31,9.97,10.41,10.5,13.86,16.27,14.02,14.3,13.15,11.81,17.7,16.5,14.91,17.76,688.5,16.13,14.93,2.73,2.6,1.62,2.25,2.2,2.21,1.73,1.62,1.46,1.27,1.55,1.47,0.44,0.65,0.47,3.92,3.45,0.09,0.09,0.09,0.09,0.18,0.66,1.08,5.08,7.43
BAYER CROPSCIENCE,AGRO CHEMICALS,AGRO CHEMICALS,,BAYERCROP,4269.5,20227.54,153.35,169.62,193.17,,5675.0,6243.16,6849.0,,,718.39,,774.12,689.2,766.9,875.73,,27.84,25.17,22.1,,873.7,994.79,1135.96,,0.15,0.16,0.17,,10.01,9.7,,9.86,,13.86,14.19,,14.03,,10.61,13.88,,12.23,,23.64,23.64,,5.94,,5.52,5.94,5.73,3.56,3.24,2.95,,3.1,3.1,0.54,0.65,,3.79,,0.12,0.12,0.13,,0.14,0.5,,2.61,,7527.11,56.94,68.2,78.91,62.12,5675.0,6243.16,6849.0,12066.9,303.71,410.48,510.25,475.56,680.86,656.64,742.54,1745.7,21.14,17.44,14.81,11.98,873.7,994.79,1135.96,2676.89,0.15,0.16,0.17,0.17,10.01,11.31,9.97,10.41,10.5,13.86,16.27,14.02,14.3,13.15,11.81,17.7,16.5,14.91,17.76,688.5,16.13,14.93,2.73,2.6,1.62,2.25,2.2,2.21,1.73,1.62,1.46,1.27,1.55,1.47,0.44,0.65,0.47,3.92,3.45,0.09,0.09,0.09,0.09,0.18,0.66,1.08,5.08,7.43
SUMITOMO CHEMICAL INDIA,AGRO CHEMICALS,AGRO CHEMICALS,SMALL CAP,SUMICHEM,452.7,24410.72,11.2,12.87,14.96,,3385.04,3593.81,4028.66,,67.91,78.5,,91.34,559.04,640.01,740.3,,40.42,35.16,30.26,,670.86,769.52,880.61,,0.2,0.21,0.22,,6.17,12.1,,9.09,,14.71,14.44,,14.57,,14.95,16.2,,15.57,,32.71,32.71,6.67,5.77,,4.96,5.77,5.36,7.21,6.79,6.06,,6.43,6.43,1.59,0.45,,5.02,,0.17,0.18,0.18,,1.29,0.57,,5.48,,7527.11,56.94,68.2,78.91,62.12,5675.0,6243.16,6849.0,12066.9,303.71,410.48,510.25,475.56,680.86,656.64,742.54,1745.7,21.14,17.44,14.81,11.98,873.7,994.79,1135.96,2676.89,0.15,0.16,0.17,0.17,10.01,11.31,9.97,10.41,10.5,13.86,16.27,14.02,14.3,13.15,11.81,17.7,16.5,14.91,17.76,688.5,16.13,14.93,2.73,2.6,1.62,2.25,2.2,2.21,1.73,1.62,1.46,1.27,1.55,1.47,0.44,0.65,0.47,3.92,3.45,0.09,0.09,0.09,0.09,0.18,0.66,1.08,5.08,7.43
CHAMBAL FERT.&CHEMS.,AGRO CHEMICALS,AGRO CHEMICALS,SMALL CAP,CHAMBLFERT,484.2,19149.17,48.76,55.3,52.75,53.5,20793.66,24505.35,24646.0,25561.7,259.77,348.3,431.4,389.3,1953.39,2215.35,2113.6,2142.5,9.93,8.76,9.18,9.05,2678.49,3198.85,3083.65,2803.6,0.13,0.13,0.13,0.11,17.85,0.57,3.72,8.87,7.12,19.43,-3.6,-9.08,7.3,1.53,13.41,-4.61,1.42,4.01,3.14,8.97,9.0,1.86,1.39,1.12,1.24,1.26,1.25,0.92,0.78,0.78,0.75,0.78,0.77,0.17,-0.54,-1.54,-1.44,-5.22,0.09,0.09,0.09,0.08,-0.35,-0.46,-0.19,-4.45,-3.73,7527.11,56.94,68.2,78.91,62.12,5675.0,6243.16,6849.0,12066.9,303.71,410.48,510.25,475.56,680.86,656.64,742.54,1745.7,21.14,17.44,14.81,11.98,873.7,994.79,1135.96,2676.89,0.15,0.16,0.17,0.17,10.01,11.31,9.97,10.41,10.5,13.86,16.27,14.02,14.3,13.15,11.81,17.7,16.5,14.91,17.76,688.5,16.13,14.93,2.73,2.6,1.62,2.25,2.2,2.21,1.73,1.62,1.46,1.27,1.55,1.47,0.44,0.65,0.47,3.92,3.45,0.09,0.09,0.09,0.09,0.18,0.66,1.08,5.08,7.43
BASF INDIA,AGRO CHEMICALS,AGRO CHEMICALS,SMALL CAP,BASF,3503.7,15112.74,96.2,118.7,164.8,,14944.0,16267.1,17834.4,,,,,,420.1,514.0,713.5,,36.42,29.52,21.26,,659.73,791.0,1057.1,,0.04,0.05,0.06,,8.85,9.63,,9.24,,19.9,33.64,,26.58,,23.39,38.84,,30.89,,25.39,25.39,,,,,,,1.01,0.93,0.85,,0.89,0.89,0.45,1.06,,15.87,,0.03,0.03,0.04,,0.35,0.84,,19.3,,7527.11,56.94,68.2,78.91,62.12,5675.0,6243.16,6849.0,12066.9,303.71,410.48,510.25,475.56,680.86,656.64,742.54,1745.7,21.14,17.44,14.81,11.98,873.7,994.79,1135.96,2676.89,0.15,0.16,0.17,0.17,10.01,11.31,9.97,10.41,10.5,13.86,16.27,14.02,14.3,13.15,11.81,17.7,16.5,14.91,17.76,688.5,16.13,14.93,2.73,2.6,1.62,2.25,2.2,2.21,1.73,1.62,1.46,1.27,1.55,1.47,0.44,0.65,0.47,3.92,3.45,0.09,0.09,0.09,0.09,0.18,0.66,1.08,5.08,7.43
GUJ.NARMADA VLY.FCM.,AGRO CHEMICALS,AGRO CHEMICALS,SMALL CAP,GNFC,567.65,7603.57,,,,,,,,,,,,,,,,,,,,,,,,,,,,,,,,,,,,,,,,,,,,,,,,,,,,,,,,,,,,,,,,,,,,,,,,7527.11,56.94,68.2,78.91,62.12,5675.0,6243.16,6849.0,12066.9,303.71,410.48,510.25,475.56,680.86,656.64,742.54,1745.7,21.14,17.44,14.81,11.98,873.7,994.79,1135.96,2676.89,0.15,0.16,0.17,0.17,10.01,11.31,9.97,10.41,10.5,13.86,16.27,14.02,14.3,13.15,11.81,17.7,16.5,14.91,17.76,688.5,16.13,14.93,2.73,2.6,1.62,2.25,2.2,2.21,1.73,1.62,1.46,1.27,1.55,1.47,0.44,0.65,0.47,3.92,3.45,0.09,0.09,0.09,0.09,0.18,0.66,1.08,5.08,7.43
GUJ.STE.FERT.& CHEMS.,AGRO CHEMICALS,AGRO CHEMICALS,SMALL CAP,GSFC,165.44,6747.02,,,,,,,,,,,,,,,,,,,,,,,,,,,,,,,,,,,,,,,,,,,,,,,,,,,,,,,,,,,,,,,,,,,,,,,,7527.11,56.94,68.2,78.91,62.12,5675.0,6243.16,6849.0,12066.9,303.71,410.48,510.25,475.56,680.86,656.64,742.54,1745.7,21.14,17.44,14.81,11.98,873.7,994.79,1135.96,2676.89,0.15,0.16,0.17,0.17,10.01,11.31,9.97,10.41,10.5,13.86,16.27,14.02,14.3,13.15,11.81,17.7,16.5,14.91,17.76,688.5,16.13,14.93,2.73,2.6,1.62,2.25,2.2,2.21,1.73,1.62,1.46,1.27,1.55,1.47,0.44,0.65,0.47,3.92,3.45,0.09,0.09,0.09,0.09,0.18,0.66,1.08,5.08,7.43
RASHTRIYA CHEMS.& FERT.,AGRO CHEMICALS,AGRO CHEMICALS,SMALL CAP,RCF,136.65,7287.24,,,,,,,,,,,,,,,,,,,,,,,,,,,,,,,,,,,,,,,,,,,,,,,,,,,,,,,,,,,,,,,,,,,,,,,,7527.11,56.94,68.2,78.91,62.12,5675.0,6243.16,6849.0,12066.9,303.71,410.48,510.25,475.56,680.86,656.64,742.54,1745.7,21.14,17.44,14.81,11.98,873.7,994.79,1135.96,2676.89,0.15,0.16,0.17,0.17,10.01,11.31,9.97,10.41,10.5,13.86,16.27,14.02,14.3,13.15,11.81,17.7,16.5,14.91,17.76,688.5,16.13,14.93,2.73,2.6,1.62,2.25,2.2,2.21,1.73,1.62,1.46,1.27,1.55,1.47,0.44,0.65,0.47,3.92,3.45,0.09,0.09,0.09,0.09,0.18,0.66,1.08,5.08,7.43
DEEPAK FERTILISERS AND PETROCHEMICALS,AGRO CHEMICALS,AGRO CHEMICALS,SMALL CAP,DEEPAKFERT,1563.3,18288.07,73.95,74.5,97.3,126.7,10274.42,11006.2,12559.85,14307.15,,552.0,736.0,631.6,933.59,939.5,1226.6,1600.45,21.14,20.98,16.07,12.34,1924.72,1927.85,2533.0,3000.5,0.19,0.18,0.2,0.21,7.12,14.12,13.91,10.56,11.67,0.16,31.39,18.46,14.72,15.95,0.74,30.6,30.22,14.71,19.66,18.53,16.46,,2.83,2.12,2.48,2.48,2.48,1.78,1.66,1.46,1.28,1.56,1.47,-1.22,2.65,0.8,3.76,3.83,0.09,0.09,0.1,0.11,-0.55,1.23,1.42,3.67,7.18,7527.11,56.94,68.2,78.91,62.12,5675.0,6243.16,6849.0,12066.9,303.71,410.48,510.25,475.56,680.86,656.64,742.54,1745.7,21.14,17.44,14.81,11.98,873.7,994.79,1135.96,2676.89,0.15,0.16,0.17,0.17,10.01,11.31,9.97,10.41,10.5,13.86,16.27,14.02,14.3,13.15,11.81,17.7,16.5,14.91,17.76,688.5,16.13,14.93,2.73,2.6,1.62,2.25,2.2,2.21,1.73,1.62,1.46,1.27,1.55,1.47,0.44,0.65,0.47,3.92,3.45,0.09,0.09,0.09,0.09,0.18,0.66,1.08,5.08,7.43
GUJARAT AMBUJA EXPORTS,AGRO CHEMICALS,AGRO CHEMICALS,SMALL CAP,GAEL,159.98,7450.64,,,,,,,,,,,,,,,,,,,,,,,,,,,,,,,,,,,,,,,,,,,,,,,,,,,,,,,,,,,,,,,,,,,,,,,,7527.11,56.94,68.2,78.91,62.12,5675.0,6243.16,6849.0,12066.9,303.71,410.48,510.25,475.56,680.86,656.64,742.54,1745.7,21.14,17.44,14.81,11.98,873.7,994.79,1135.96,2676.89,0.15,0.16,0.17,0.17,10.01,11.31,9.97,10.41,10.5,13.86,16.27,14.02,14.3,13.15,11.81,17.7,16.5,14.91,17.76,688.5,16.13,14.93,2.73,2.6,1.62,2.25,2.2,2.21,1.73,1.62,1.46,1.27,1.55,1.47,0.44,0.65,0.47,3.92,3.45,0.09,0.09,0.09,0.09,0.18,0.66,1.08,5.08,7.43
PARADEEP PHOSPHATES,AGRO CHEMICALS,AGRO CHEMICALS,SMALL CAP,PARADEEP,136.22,13251.21,9.98,9.82,12.75,16.8,21826.34,23112.8,24396.83,26819.7,65.33,75.32,117.4,88.02,996.84,1019.05,1324.75,1745.7,13.65,13.86,10.68,8.11,2152.27,2097.72,2531.95,3114.3,0.1,0.09,0.1,0.12,5.89,5.56,9.93,5.72,7.11,-2.53,20.7,23.0,8.46,13.11,-1.55,29.77,31.76,13.03,18.96,12.27,10.89,2.09,1.81,1.16,1.55,1.48,1.51,0.61,0.57,0.54,0.49,0.56,0.54,-0.78,1.3,1.23,2.59,5.6,0.05,0.04,0.05,0.07,-0.16,1.02,1.08,9.04,12.54,7527.11,56.94,68.2,78.91,62.12,5675.0,6243.16,6849.0,12066.9,303.71,410.48,510.25,475.56,680.86,656.64,742.54,1745.7,21.14,17.44,14.81,11.98,873.7,994.79,1135.96,2676.89,0.15,0.16,0.17,0.17,10.01,11.31,9.97,10.41,10.5,13.86,16.27,14.02,14.3,13.15,11.81,17.7,16.5,14.91,17.76,688.5,16.13,14.93,2.73,2.6,1.62,2.25,2.2,2.21,1.73,1.62,1.46,1.27,1.55,1.47,0.44,0.65,0.47,3.92,3.45,0.09,0.09,0.09,0.09,0.18,0.66,1.08,5.08,7.43
RALLIS INDIA,AGRO CHEMICALS,AGRO CHEMICALS,SMALL CAP,RALLIS,229.78,4957.01,10.8,13.18,15.51,18.34,2897.0,3284.16,3607.9,3933.81,105.06,114.95,141.54,126.46,210.0,252.83,301.54,356.07,21.28,17.44,14.81,12.53,361.0,418.6,486.69,563.49,0.12,0.13,0.13,0.14,13.36,9.86,9.03,11.6,10.74,15.96,16.27,15.78,16.11,16.0,22.02,17.7,18.23,19.84,19.3,16.13,14.93,2.19,2.0,1.62,1.82,1.81,1.81,1.71,1.51,1.37,1.26,1.44,1.38,0.28,0.74,0.83,4.04,4.75,0.07,0.08,0.08,0.09,0.45,0.66,0.69,7.38,7.68,7527.11,56.94,68.2,78.91,62.12,5675.0,6243.16,6849.0,12066.9,303.71,410.48,510.25,475.56,680.86,656.64,742.54,1745.7,21.14,17.44,14.81,11.98,873.7,994.79,1135.96,2676.89,0.15,0.16,0.17,0.17,10.01,11.31,9.97,10.41,10.5,13.86,16.27,14.02,14.3,13.15,11.81,17.7,16.5,14.91,17.76,688.5,16.13,14.93,2.73,2.6,1.62,2.25,2.2,2.21,1.73,1.62,1.46,1.27,1.55,1.47,0.44,0.65,0.47,3.92,3.45,0.09,0.09,0.09,0.09,0.18,0.66,1.08,5.08,7.43
DHANUKA AGRITECH,AGRO CHEMICALS,AGRO CHEMICALS,SMALL CAP,DHANUKA,1068.3,5346.29,63.72,68.27,78.91,91.94,2019.79,2291.5,2586.5,2837.42,373.1,410.48,603.41,475.56,287.23,307.45,356.15,,16.77,15.65,13.54,11.62,403.48,438.86,504.11,544.44,0.2,0.19,0.19,0.19,13.45,12.87,9.7,13.16,12.0,8.77,14.87,8.0,11.78,10.5,7.15,15.58,16.52,11.28,13.0,14.59,13.6,2.86,2.6,1.77,2.25,2.19,2.21,2.65,2.33,2.07,1.88,2.2,2.09,-0.82,0.34,-0.3,-1.22,-1.33,0.14,0.13,0.14,,-0.8,0.35,,-1.6,,7527.11,56.94,68.2,78.91,62.12,5675.0,6243.16,6849.0,12066.9,303.71,410.48,510.25,475.56,680.86,656.64,742.54,1745.7,21.14,17.44,14.81,11.98,873.7,994.79,1135.96,2676.89,0.15,0.16,0.17,0.17,10.01,11.31,9.97,10.41,10.5,13.86,16.27,14.02,14.3,13.15,11.81,17.7,16.5,14.91,17.76,688.5,16.13,14.93,2.73,2.6,1.62,2.25,2.2,2.21,1.73,1.62,1.46,1.27,1.55,1.47,0.44,0.65,0.47,3.92,3.45,0.09,0.09,0.09,0.09,0.18,0.66,1.08,5.08,7.43
NATIONAL FERTILIZERS,AGRO CHEMICALS,AGRO CHEMICALS,SMALL CAP,NFL,77.86,3844.17,,,,,,,,,,,,,,,,,,,,,,,,,,,,,,,,,,,,,,,,,,,,,,,,,,,,,,,,,,,,,,,,,,,,,,,,7527.11,56.94,68.2,78.91,62.12,5675.0,6243.16,6849.0,12066.9,303.71,410.48,510.25,475.56,680.86,656.64,742.54,1745.7,21.14,17.44,14.81,11.98,873.7,994.79,1135.96,2676.89,0.15,0.16,0.17,0.17,10.01,11.31,9.97,10.41,10.5,13.86,16.27,14.02,14.3,13.15,11.81,17.7,16.5,14.91,17.76,688.5,16.13,14.93,2.73,2.6,1.62,2.25,2.2,2.21,1.73,1.62,1.46,1.27,1.55,1.47,0.44,0.65,0.47,3.92,3.45,0.09,0.09,0.09,0.09,0.18,0.66,1.08,5.08,7.43
SHARDA CROPCHEM,AGRO CHEMICALS,AGRO CHEMICALS,SMALL CAP,SHARDACROP,900.8,8714.39,75.47,72.8,82.28,,5267.58,5995.82,6753.14,,347.65,408.9,,480.6,680.86,656.64,742.54,,11.94,12.37,10.95,,1076.22,1111.74,1277.14,,0.2,0.19,0.19,,13.82,12.63,,13.23,,3.3,14.88,,8.94,,-3.54,13.02,,4.41,,11.66,11.66,2.59,2.2,,1.87,2.2,2.04,1.65,1.45,1.29,,1.37,1.37,-1.89,0.37,,-3.79,,0.13,0.11,0.11,,-1.97,0.04,,-7.77,,7527.11,56.94,68.2,78.91,62.12,5675.0,6243.16,6849.0,12066.9,303.71,410.48,510.25,475.56,680.86,656.64,742.54,1745.7,21.14,17.44,14.81,11.98,873.7,994.79,1135.96,2676.89,0.15,0.16,0.17,0.17,10.01,11.31,9.97,10.41,10.5,13.86,16.27,14.02,14.3,13.15,11.81,17.7,16.5,14.91,17.76,688.5,16.13,14.93,2.73,2.6,1.62,2.25,2.2,2.21,1.73,1.62,1.46,1.27,1.55,1.47,0.44,0.65,0.47,3.92,3.45,0.09,0.09,0.09,0.09,0.18,0.66,1.08,5.08,7.43
KAVERI SEED COMPANY,AGRO CHEMICALS,AGRO CHEMICALS,SMALL CAP,KSCL,849.5,4594.7,56.94,68.2,79.25,,1394.76,1559.4,1735.7,,,,,,295.84,368.1,422.9,,14.92,12.46,10.72,,336.48,399.9,465.5,,0.24,0.26,0.27,,11.8,11.31,,11.55,,18.85,16.4,,17.62,,19.78,16.2,,17.98,,11.59,11.59,,,,,,,3.29,2.95,2.65,,2.8,2.8,1.52,1.17,,5.44,,0.21,0.24,0.24,,2.39,0.76,,7.18,,7527.11,56.94,68.2,78.91,62.12,5675.0,6243.16,6849.0,12066.9,303.71,410.48,510.25,475.56,680.86,656.64,742.54,1745.7,21.14,17.44,14.81,11.98,873.7,994.79,1135.96,2676.89,0.15,0.16,0.17,0.17,10.01,11.31,9.97,10.41,10.5,13.86,16.27,14.02,14.3,13.15,11.81,17.7,16.5,14.91,17.76,688.5,16.13,14.93,2.73,2.6,1.62,2.25,2.2,2.21,1.73,1.62,1.46,1.27,1.55,1.47,0.44,0.65,0.47,3.92,3.45,0.09,0.09,0.09,0.09,0.18,0.66,1.08,5.08,7.43
ASTEC LIFESCIENCES,AGRO CHEMICALS,AGRO CHEMICALS,SMALL CAP,ASTEC,797.7,1664.37,-36.81,9.7,17.6,35.8,448.15,639.1,769.1,925.4,175.3,185.0,236.0,202.0,-78.82,21.6,39.3,79.9,-21.67,82.24,45.32,22.28,-4.53,98.7,123.3,176.2,-0.01,0.15,0.16,0.19,42.61,20.34,20.32,31.0,27.34,-2280.73,24.92,42.9,,,-126.35,81.44,103.41,,,63.78,49.95,4.55,4.31,3.38,3.95,3.85,3.88,3.71,2.6,2.16,1.8,2.38,2.19,16.45,0.59,3.01,,,-0.18,0.03,0.05,0.09,20.97,1.73,3.52,,,7527.11,56.94,68.2,78.91,62.12,5675.0,6243.16,6849.0,12066.9,303.71,410.48,510.25,475.56,680.86,656.64,742.54,1745.7,21.14,17.44,14.81,11.98,873.7,994.79,1135.96,2676.89,0.15,0.16,0.17,0.17,10.01,11.31,9.97,10.41,10.5,13.86,16.27,14.02,14.3,13.15,11.81,17.7,16.5,14.91,17.76,688.5,16.13,14.93,2.73,2.6,1.62,2.25,2.2,2.21,1.73,1.62,1.46,1.27,1.55,1.47,0.44,0.65,0.47,3.92,3.45,0.09,0.09,0.09,0.09,0.18,0.66,1.08,5.08,7.43
INSECTICIDES INDIA,AGRO CHEMICALS,AGRO CHEMICALS,SMALL CAP,INSECTICID,688.5,2199.07,48.38,52.1,64.1,68.0,1999.95,2119.9,2437.9,2681.7,372.74,422.1,519.6,459.4,142.02,154.3,189.7,201.2,14.23,13.21,10.74,10.12,221.22,243.8,297.9,320.5,0.11,0.12,0.12,0.12,6.0,15.0,10.0,10.41,10.27,10.21,22.19,7.59,16.04,13.15,7.69,23.03,6.08,15.11,12.02,11.98,11.36,1.85,1.63,1.33,1.5,1.48,1.48,1.1,1.04,0.9,0.82,0.97,0.92,0.44,0.72,-0.27,5.11,2.61,0.07,0.07,0.08,0.08,0.18,0.5,-0.28,4.68,1.85,7527.11,56.94,68.2,78.91,62.12,5675.0,6243.16,6849.0,12066.9,303.71,410.48,510.25,475.56,680.86,656.64,742.54,1745.7,21.14,17.44,14.81,11.98,873.7,994.79,1135.96,2676.89,0.15,0.16,0.17,0.17,10.01,11.31,9.97,10.41,10.5,13.86,16.27,14.02,14.3,13.15,11.81,17.7,16.5,14.91,17.76,688.5,16.13,14.93,2.73,2.6,1.62,2.25,2.2,2.21,1.73,1.62,1.46,1.27,1.55,1.47,0.44,0.65,0.47,3.92,3.45,0.09,0.09,0.09,0.09,0.18,0.66,1.08,5.08,7.43
MEGHMANI ORGANICS,AGRO CHEMICALS,AGRO CHEMICALS,SMALL CAP,MOL,50.29,3515.89,,,,,,,,,,,,,,,,,,,,,,,,,,,,,,,,,,,,,,,,,,,,,,,,,,,,,,,,,,,,,,,,,,,,,,,,7527.11,56.94,68.2,78.91,62.12,5675.0,6243.16,6849.0,12066.9,303.71,410.48,510.25,475.56,680.86,656.64,742.54,1745.7,21.14,17.44,14.81,11.98,873.7,994.79,1135.96,2676.89,0.15,0.16,0.17,0.17,10.01,11.31,9.97,10.41,10.5,13.86,16.27,14.02,14.3,13.15,11.81,17.7,16.5,14.91,17.76,688.5,16.13,14.93,2.73,2.6,1.62,2.25,2.2,2.21,1.73,1.62,1.46,1.27,1.55,1.47,0.44,0.65,0.47,3.92,3.45,0.09,0.09,0.09,0.09,0.18,0.66,1.08,5.08,7.43
BHARAT RASAYAN,AGRO CHEMICALS,AGRO CHEMICALS,SMALL CAP,BHARATRAS,1422.3,2410.22,,,,,,,,,,,,,,,,,,,,,,,,,,,,,,,,,,,,,,,,,,,,,,,,,,,,,,,,,,,,,,,,,,,,,,,,7527.11,56.94,68.2,78.91,62.12,5675.0,6243.16,6849.0,12066.9,303.71,410.48,510.25,475.56,680.86,656.64,742.54,1745.7,21.14,17.44,14.81,11.98,873.7,994.79,1135.96,2676.89,0.15,0.16,0.17,0.17,10.01,11.31,9.97,10.41,10.5,13.86,16.27,14.02,14.3,13.15,11.81,17.7,16.5,14.91,17.76,688.5,16.13,14.93,2.73,2.6,1.62,2.25,2.2,2.21,1.73,1.62,1.46,1.27,1.55,1.47,0.44,0.65,0.47,3.92,3.45,0.09,0.09,0.09,0.09,0.18,0.66,1.08,5.08,7.43
MANGALORE CHEMS.& FRTZ.,AGRO CHEMICALS,AGRO CHEMICALS,SMALL CAP,MANGCHEFER,,3659.16,,,,,,,,,,,,,,,,,,,,,,,,,,,,,,,,,,,,,,,,,,,,,,,,,,,,,,,,,,,,,,,,,,,,,,,,7527.11,56.94,68.2,78.91,62.12,5675.0,6243.16,6849.0,12066.9,303.71,410.48,510.25,475.56,680.86,656.64,742.54,1745.7,21.14,17.44,14.81,11.98,873.7,994.79,1135.96,2676.89,0.15,0.16,0.17,0.17,10.01,11.31,9.97,10.41,10.5,13.86,16.27,14.02,14.3,13.15,11.81,17.7,16.5,14.91,17.76,688.5,16.13,14.93,2.73,2.6,1.62,2.25,2.2,2.21,1.73,1.62,1.46,1.27,1.55,1.47,0.44,0.65,0.47,3.92,3.45,0.09,0.09,0.09,0.09,0.18,0.66,1.08,5.08,7.43
SRF,CHEMICALS,ORGANIC CHEMICALS,MID CAP,SRF,2709.8,81502.73,64.77,76.46,91.63,108.39,15893.57,17908.3,20286.27,23299.49,473.77,540.01,715.89,618.81,1920.13,2265.18,2688.7,3272.63,41.84,35.44,29.57,25.0,3409.64,4137.15,4841.21,5526.04,0.21,0.23,0.24,0.24,12.68,13.28,14.85,12.98,13.6,21.34,17.02,14.15,19.16,17.46,18.05,19.85,18.29,18.94,18.73,32.51,30.0,5.72,5.02,3.79,4.38,4.4,4.39,5.13,4.55,4.02,3.5,4.28,4.02,1.65,0.76,-0.15,5.47,3.4,0.12,0.13,0.13,0.14,0.57,0.61,0.79,4.74,5.15,7346.85,18.07,24.17,33.2,65.7,2563.69,3049.35,3626.9,6100.85,307.77,337.1,545.28,378.59,228.44,310.36,391.26,530.7,41.84,34.57,24.35,19.69,482.95,535.77,688.1,1046.7,0.17,0.2,0.18,0.19,16.88,15.2,17.41,15.31,17.16,26.41,22.16,19.63,24.64,21.61,25.26,28.91,22.0,29.07,26.45,739.7,29.08,25.64,3.71,3.28,2.84,2.95,3.02,2.97,4.26,3.58,2.68,2.23,3.08,2.69,1.03,0.86,-0.02,6.67,3.52,0.08,0.1,0.12,0.12,0.72,0.88,0.41,9.97,5.23
GUJARAT FLUOROCHEMICALS,CHEMICALS,ORGANIC CHEMICALS,MID CAP,FLUOROCHEM,3839.9,41569.43,54.07,83.63,107.36,124.0,4996.0,6219.72,7554.32,9717.5,716.07,779.68,,876.87,598.0,905.2,1167.92,1358.2,71.02,45.92,35.77,30.97,1290.0,1767.86,2198.46,2656.0,0.26,0.28,0.29,0.27,24.49,21.46,28.64,22.97,24.83,37.04,24.36,20.81,30.55,27.22,54.66,28.38,15.5,40.91,31.87,40.84,37.55,5.36,4.92,,4.38,4.92,4.65,8.32,6.68,5.5,4.28,6.09,5.49,2.6,0.68,-1.77,6.16,1.91,0.12,0.15,0.15,0.14,2.58,0.91,-1.48,13.65,5.3,7346.85,18.07,24.17,33.2,65.7,2563.69,3049.35,3626.9,6100.85,307.77,337.1,545.28,378.59,228.44,310.36,391.26,530.7,41.84,34.57,24.35,19.69,482.95,535.77,688.1,1046.7,0.17,0.2,0.18,0.19,16.88,15.2,17.41,15.31,17.16,26.41,22.16,19.63,24.64,21.61,25.26,28.91,22.0,29.07,26.45,739.7,29.08,25.64,3.71,3.28,2.84,2.95,3.02,2.97,4.26,3.58,2.68,2.23,3.08,2.69,1.03,0.86,-0.02,6.67,3.52,0.08,0.1,0.12,0.12,0.72,0.88,0.41,9.97,5.23
DEEPAK NITRITE,CHEMICALS,ORGANIC CHEMICALS,MID CAP,DEEPAKNTR,1644.4,23556.44,41.3,56.35,62.19,82.5,7887.07,9196.94,10258.38,13145.52,427.94,479.77,607.55,529.96,563.37,763.29,836.37,1234.75,39.82,29.18,26.44,19.93,980.72,1327.4,1583.74,2311.18,0.12,0.14,0.15,0.18,16.61,11.54,28.14,14.05,18.56,35.35,19.31,45.93,27.08,33.07,36.44,10.37,32.65,22.72,25.94,27.81,25.18,3.84,3.43,2.71,3.1,3.07,3.08,2.99,2.56,2.3,1.79,2.43,2.22,2.0,1.01,2.14,11.43,12.24,0.07,0.08,0.08,0.09,1.16,-0.15,1.24,6.84,9.56,7346.85,18.07,24.17,33.2,65.7,2563.69,3049.35,3626.9,6100.85,307.77,337.1,545.28,378.59,228.44,310.36,391.26,530.7,41.84,34.57,24.35,19.69,482.95,535.77,688.1,1046.7,0.17,0.2,0.18,0.19,16.88,15.2,17.41,15.31,17.16,26.41,22.16,19.63,24.64,21.61,25.26,28.91,22.0,29.07,26.45,739.7,29.08,25.64,3.71,3.28,2.84,2.95,3.02,2.97,4.26,3.58,2.68,2.23,3.08,2.69,1.03,0.86,-0.02,6.67,3.52,0.08,0.1,0.12,0.12,0.72,0.88,0.41,9.97,5.23
TATA CHEMICALS,CHEMICALS,ORGANIC CHEMICALS,SMALL CAP,TATACHEM,729.15,19970.34,2.36,20.59,32.07,38.84,14584.0,15876.13,16922.34,17963.58,832.4,847.27,840.24,863.4,60.0,632.0,1009.85,228.6,308.96,35.41,22.74,18.77,1805.0,2177.62,2622.48,2884.88,0.12,0.14,0.15,0.16,8.86,6.59,6.15,7.72,7.19,20.64,20.43,10.01,20.54,16.92,772.46,55.74,21.12,268.61,154.36,29.08,25.64,0.88,0.86,0.87,0.84,0.86,0.86,1.37,1.26,1.18,1.11,1.22,1.18,1.34,1.78,0.56,11.9,9.07,0.0,0.04,0.06,0.01,3.57,1.99,-4.69,280.86,45.7,7346.85,18.07,24.17,33.2,65.7,2563.69,3049.35,3626.9,6100.85,307.77,337.1,545.28,378.59,228.44,310.36,391.26,530.7,41.84,34.57,24.35,19.69,482.95,535.77,688.1,1046.7,0.17,0.2,0.18,0.19,16.88,15.2,17.41,15.31,17.16,26.41,22.16,19.63,24.64,21.61,25.26,28.91,22.0,29.07,26.45,739.7,29.08,25.64,3.71,3.28,2.84,2.95,3.02,2.97,4.26,3.58,2.68,2.23,3.08,2.69,1.03,0.86,-0.02,6.67,3.52,0.08,0.1,0.12,0.12,0.72,0.88,0.41,9.97,5.23
AARTI INDUSTRIES,CHEMICALS,ORGANIC CHEMICALS,SMALL CAP,AARTIIND,484.5,17803.39,11.31,14.8,20.58,25.1,8286.0,9637.81,11084.93,12756.18,164.23,178.64,214.0,193.78,412.0,547.2,754.13,874.42,42.84,32.75,23.54,19.3,1151.0,1434.3,1752.19,1972.52,0.14,0.15,0.16,0.15,16.31,15.02,15.08,15.66,15.47,24.61,22.16,12.57,23.38,19.67,30.81,39.09,21.97,34.89,30.44,28.15,25.2,2.95,2.71,2.26,2.5,2.49,2.49,2.15,1.85,1.61,1.4,1.73,1.62,0.99,0.92,-0.34,6.67,3.64,0.05,0.06,0.07,0.07,0.71,1.13,0.05,16.97,11.3,7346.85,18.07,24.17,33.2,65.7,2563.69,3049.35,3626.9,6100.85,307.77,337.1,545.28,378.59,228.44,310.36,391.26,530.7,41.84,34.57,24.35,19.69,482.95,535.77,688.1,1046.7,0.17,0.2,0.18,0.19,16.88,15.2,17.41,15.31,17.16,26.41,22.16,19.63,24.64,21.61,25.26,28.91,22.0,29.07,26.45,739.7,29.08,25.64,3.71,3.28,2.84,2.95,3.02,2.97,4.26,3.58,2.68,2.23,3.08,2.69,1.03,0.86,-0.02,6.67,3.52,0.08,0.1,0.12,0.12,0.72,0.88,0.41,9.97,5.23
ATUL,CHEMICALS,ORGANIC CHEMICALS,SMALL CAP,ATUL,6482.0,20662.23,230.25,254.46,301.34,333.2,6273.54,7084.66,7722.04,8375.35,2113.31,2336.08,2840.1,2588.26,677.9,749.65,887.82,980.95,28.15,25.47,21.51,19.45,1030.79,1199.64,1383.71,1509.2,0.16,0.17,0.18,0.18,12.93,9.0,8.46,10.95,10.11,16.38,15.34,9.07,15.86,13.55,10.51,18.42,10.57,14.4,13.11,23.49,22.15,3.07,2.77,2.28,2.5,2.53,2.52,3.29,2.92,2.68,2.47,2.8,2.69,0.5,0.99,0.1,4.43,3.12,0.11,0.11,0.11,0.12,-0.22,0.92,0.22,3.15,2.72,7346.85,18.07,24.17,33.2,65.7,2563.69,3049.35,3626.9,6100.85,307.77,337.1,545.28,378.59,228.44,310.36,391.26,530.7,41.84,34.57,24.35,19.69,482.95,535.77,688.1,1046.7,0.17,0.2,0.18,0.19,16.88,15.2,17.41,15.31,17.16,26.41,22.16,19.63,24.64,21.61,25.26,28.91,22.0,29.07,26.45,739.7,29.08,25.64,3.71,3.28,2.84,2.95,3.02,2.97,4.26,3.58,2.68,2.23,3.08,2.69,1.03,0.86,-0.02,6.67,3.52,0.08,0.1,0.12,0.12,0.72,0.88,0.41,9.97,5.23
NAVIN FLUORINE INTL.,CHEMICALS,ORGANIC CHEMICALS,SMALL CAP,NAVINFLUOR,7493.5,37928.98,131.8,155.55,189.32,217.73,3313.9,4052.61,4844.75,5523.9,775.82,893.2,1233.47,1048.17,670.3,800.36,977.6,1147.33,56.86,48.17,39.58,34.42,1081.68,1253.05,1506.92,1700.66,0.33,0.31,0.31,0.31,22.29,19.55,14.02,20.91,18.57,15.84,20.26,12.86,18.03,16.28,18.02,21.71,15.01,19.85,18.21,43.88,40.72,9.66,8.39,6.08,7.15,7.23,7.2,11.45,9.36,7.83,6.87,8.59,8.02,-1.72,0.18,-0.32,-2.38,-1.93,0.2,0.2,0.2,0.21,-0.48,0.43,0.59,-0.12,0.89,7346.85,18.07,24.17,33.2,65.7,2563.69,3049.35,3626.9,6100.85,307.77,337.1,545.28,378.59,228.44,310.36,391.26,530.7,41.84,34.57,24.35,19.69,482.95,535.77,688.1,1046.7,0.17,0.2,0.18,0.19,16.88,15.2,17.41,15.31,17.16,26.41,22.16,19.63,24.64,21.61,25.26,28.91,22.0,29.07,26.45,739.7,29.08,25.64,3.71,3.28,2.84,2.95,3.02,2.97,4.26,3.58,2.68,2.23,3.08,2.69,1.03,0.86,-0.02,6.67,3.52,0.08,0.1,0.12,0.12,0.72,0.88,0.41,9.97,5.23
VINATI ORGANICS,CHEMICALS,ORGANIC CHEMICALS,SMALL CAP,VINATIORGA,1333.9,13832.1,42.8,52.48,62.09,65.0,2226.89,2769.04,3258.43,3809.0,304.99,343.15,448.5,389.42,443.74,513.4,607.1,673.6,31.17,25.42,21.48,20.52,653.87,800.01,942.4,997.5,0.29,0.29,0.29,0.26,24.35,17.67,16.9,20.96,19.59,22.35,17.8,5.85,20.05,15.12,22.61,18.32,4.69,20.44,14.94,23.45,22.48,4.37,3.89,2.97,3.43,3.43,3.43,6.21,5.0,4.25,3.63,4.62,4.29,-0.47,0.03,-2.73,-0.75,-3.74,0.2,0.19,0.19,0.18,-1.39,0.09,-0.95,-3.3,-3.9,7346.85,18.07,24.17,33.2,65.7,2563.69,3049.35,3626.9,6100.85,307.77,337.1,545.28,378.59,228.44,310.36,391.26,530.7,41.84,34.57,24.35,19.69,482.95,535.77,688.1,1046.7,0.17,0.2,0.18,0.19,16.88,15.2,17.41,15.31,17.16,26.41,22.16,19.63,24.64,21.61,25.26,28.91,22.0,29.07,26.45,739.7,29.08,25.64,3.71,3.28,2.84,2.95,3.02,2.97,4.26,3.58,2.68,2.23,3.08,2.69,1.03,0.86,-0.02,6.67,3.52,0.08,0.1,0.12,0.12,0.72,0.88,0.41,9.97,5.23
CLEAN SCIENCE AND TECHNOLOGY,CHEMICALS,ORGANIC CHEMICALS,SMALL CAP,CLEAN,782.15,7942.1,21.6,25.75,33.2,42.34,956.55,1182.49,1519.18,1952.94,149.02,171.74,239.45,199.03,229.66,273.78,353.13,450.16,36.21,30.37,23.56,18.47,355.05,408.81,517.05,640.36,0.37,0.35,0.34,0.33,23.62,28.47,28.55,26.02,26.86,15.14,26.48,23.85,20.68,21.72,19.23,28.91,27.53,23.98,25.15,26.96,24.13,5.25,4.55,3.27,3.93,3.91,3.92,8.3,6.72,5.23,4.07,5.97,5.34,-2.55,-0.54,-1.25,-4.24,-4.05,0.24,0.23,0.23,0.23,-0.86,0.09,-0.19,-1.6,-1.35,7346.85,18.07,24.17,33.2,65.7,2563.69,3049.35,3626.9,6100.85,307.77,337.1,545.28,378.59,228.44,310.36,391.26,530.7,41.84,34.57,24.35,19.69,482.95,535.77,688.1,1046.7,0.17,0.2,0.18,0.19,16.88,15.2,17.41,15.31,17.16,26.41,22.16,19.63,24.64,21.61,25.26,28.91,22.0,29.07,26.45,739.7,29.08,25.64,3.71,3.28,2.84,2.95,3.02,2.97,4.26,3.58,2.68,2.23,3.08,2.69,1.03,0.86,-0.02,6.67,3.52,0.08,0.1,0.12,0.12,0.72,0.88,0.41,9.97,5.23
FINE ORGANIC INDUSTRIES,CHEMICALS,ORGANIC CHEMICALS,SMALL CAP,FINEORG,5285.8,14164.59,133.75,139.74,154.84,188.95,2365.8,2533.43,2895.53,3431.85,869.06,1013.8,,1173.96,410.09,421.73,479.11,572.9,39.52,37.83,34.14,27.97,482.95,535.77,609.87,709.65,0.2,0.21,0.21,0.21,7.09,14.29,18.52,10.63,13.2,10.94,13.83,16.36,12.37,13.69,4.48,10.81,22.03,7.59,12.21,35.98,33.31,6.08,5.21,,4.5,5.21,4.86,5.99,5.59,4.89,4.13,5.24,4.87,0.73,-0.09,-0.38,1.58,0.43,0.17,0.17,0.17,0.17,-0.69,-0.1,0.15,-2.3,-1.25,7346.85,18.07,24.17,33.2,65.7,2563.69,3049.35,3626.9,6100.85,307.77,337.1,545.28,378.59,228.44,310.36,391.26,530.7,41.84,34.57,24.35,19.69,482.95,535.77,688.1,1046.7,0.17,0.2,0.18,0.19,16.88,15.2,17.41,15.31,17.16,26.41,22.16,19.63,24.64,21.61,25.26,28.91,22.0,29.07,26.45,739.7,29.08,25.64,3.71,3.28,2.84,2.95,3.02,2.97,4.26,3.58,2.68,2.23,3.08,2.69,1.03,0.86,-0.02,6.67,3.52,0.08,0.1,0.12,0.12,0.72,0.88,0.41,9.97,5.23
HIMADRI CHEMS.& INDS.,CHEMICALS,ORGANIC CHEMICALS,SMALL CAP,HSCL,671.05,30595.39,15.02,18.6,20.6,,4660.7,6280.5,8147.7,,93.29,111.1,,130.7,755.07,939.3,1041.2,,44.68,36.08,32.58,,962.14,1261.9,1500.8,,0.21,0.2,0.18,,34.75,29.73,,32.22,,31.16,18.93,,24.89,,23.83,10.75,,17.11,,34.33,34.33,7.19,6.04,,5.13,6.04,5.59,6.56,4.87,3.76,,4.31,4.31,-0.55,-1.67,,-5.54,,0.16,0.15,0.13,,-1.24,-2.18,,-11.19,,7346.85,18.07,24.17,33.2,65.7,2563.69,3049.35,3626.9,6100.85,307.77,337.1,545.28,378.59,228.44,310.36,391.26,530.7,41.84,34.57,24.35,19.69,482.95,535.77,688.1,1046.7,0.17,0.2,0.18,0.19,16.88,15.2,17.41,15.31,17.16,26.41,22.16,19.63,24.64,21.61,25.26,28.91,22.0,29.07,26.45,739.7,29.08,25.64,3.71,3.28,2.84,2.95,3.02,2.97,4.26,3.58,2.68,2.23,3.08,2.69,1.03,0.86,-0.02,6.67,3.52,0.08,0.1,0.12,0.12,0.72,0.88,0.41,9.97,5.23
ALKYL AMINES CHEMICALS,CHEMICALS,ORGANIC CHEMICALS,SMALL CAP,ALKYLAMINE,1845.4,8850.48,35.15,45.5,53.92,66.4,1535.85,1776.13,2016.27,2444.95,306.15,331.05,425.0,367.75,180.0,228.17,266.03,338.8,52.5,40.56,34.22,27.79,284.64,362.78,426.7,510.35,0.19,0.2,0.21,0.21,15.64,13.52,21.26,14.58,16.76,27.45,17.62,19.6,22.44,21.49,29.45,18.52,23.13,23.86,23.62,37.39,34.19,6.03,5.57,4.34,5.02,4.96,4.98,5.76,4.98,4.39,3.62,4.69,4.33,1.89,0.74,-0.29,6.86,4.04,0.12,0.13,0.13,0.14,1.13,0.35,0.66,6.1,5.74,7346.85,18.07,24.17,33.2,65.7,2563.69,3049.35,3626.9,6100.85,307.77,337.1,545.28,378.59,228.44,310.36,391.26,530.7,41.84,34.57,24.35,19.69,482.95,535.77,688.1,1046.7,0.17,0.2,0.18,0.19,16.88,15.2,17.41,15.31,17.16,26.41,22.16,19.63,24.64,21.61,25.26,28.91,22.0,29.07,26.45,739.7,29.08,25.64,3.71,3.28,2.84,2.95,3.02,2.97,4.26,3.58,2.68,2.23,3.08,2.69,1.03,0.86,-0.02,6.67,3.52,0.08,0.1,0.12,0.12,0.72,0.88,0.41,9.97,5.23
AETHER INDUSTRIES,CHEMICALS,ORGANIC CHEMICALS,SMALL CAP,AETHER,1162.3,14564.79,17.2,22.28,28.84,35.2,1160.14,1528.98,1943.96,2346.0,,211.2,,242.3,228.44,297.62,382.9,488.5,67.58,52.17,40.3,33.02,363.64,477.82,612.8,733.2,0.31,0.31,0.32,0.31,31.79,27.14,20.68,29.45,26.46,31.4,28.25,19.65,29.82,26.33,29.53,29.44,22.05,29.49,26.96,46.23,41.83,,5.5,,4.8,5.5,5.15,12.55,9.53,7.49,6.21,8.51,7.74,-0.09,0.27,-0.27,0.29,-0.1,0.2,0.19,0.2,0.21,-0.23,0.23,1.13,0.02,1.88,7346.85,18.07,24.17,33.2,65.7,2563.69,3049.35,3626.9,6100.85,307.77,337.1,545.28,378.59,228.44,310.36,391.26,530.7,41.84,34.57,24.35,19.69,482.95,535.77,688.1,1046.7,0.17,0.2,0.18,0.19,16.88,15.2,17.41,15.31,17.16,26.41,22.16,19.63,24.64,21.61,25.26,28.91,22.0,29.07,26.45,739.7,29.08,25.64,3.71,3.28,2.84,2.95,3.02,2.97,4.26,3.58,2.68,2.23,3.08,2.69,1.03,0.86,-0.02,6.67,3.52,0.08,0.1,0.12,0.12,0.72,0.88,0.41,9.97,5.23
ANUPAM RASAYAN INDIA,CHEMICALS,ORGANIC CHEMICALS,SMALL CAP,ANURAS,1277.1,15600.63,15.09,24.17,32.0,,2365.46,2635.8,3093.67,,292.82,310.1,,341.4,170.12,270.6,358.03,,84.63,52.84,39.91,,524.84,650.47,783.43,,0.22,0.25,0.25,,11.43,17.37,,14.36,,23.94,20.44,,22.18,,60.15,32.41,,45.62,,46.38,46.38,4.36,4.12,,3.74,4.12,3.93,6.6,5.92,5.04,,5.48,5.48,2.49,0.65,,6.83,,0.07,0.1,0.12,,3.07,1.31,,26.85,,7346.85,18.07,24.17,33.2,65.7,2563.69,3049.35,3626.9,6100.85,307.77,337.1,545.28,378.59,228.44,310.36,391.26,530.7,41.84,34.57,24.35,19.69,482.95,535.77,688.1,1046.7,0.17,0.2,0.18,0.19,16.88,15.2,17.41,15.31,17.16,26.41,22.16,19.63,24.64,21.61,25.26,28.91,22.0,29.07,26.45,739.7,29.08,25.64,3.71,3.28,2.84,2.95,3.02,2.97,4.26,3.58,2.68,2.23,3.08,2.69,1.03,0.86,-0.02,6.67,3.52,0.08,0.1,0.12,0.12,0.72,0.88,0.41,9.97,5.23
SUPREME PETROCHEM,CHEMICALS,ORGANIC CHEMICALS,SMALL CAP,SPLPETRO,750.25,12614.75,18.07,21.7,22.8,,5406.27,5582.3,5984.6,,,,,,339.27,,,,41.52,34.57,32.91,,652.32,659.5,688.1,,0.12,0.12,0.11,,3.26,7.21,,5.21,,1.1,4.34,,2.71,,20.09,5.07,,12.33,,33.74,33.74,,,,,,,2.33,2.26,2.11,,2.18,2.18,-0.25,-0.32,,-2.38,,0.06,,,,,,,,,7346.85,18.07,24.17,33.2,65.7,2563.69,3049.35,3626.9,6100.85,307.77,337.1,545.28,378.59,228.44,310.36,391.26,530.7,41.84,34.57,24.35,19.69,482.95,535.77,688.1,1046.7,0.17,0.2,0.18,0.19,16.88,15.2,17.41,15.31,17.16,26.41,22.16,19.63,24.64,21.61,25.26,28.91,22.0,29.07,26.45,739.7,29.08,25.64,3.71,3.28,2.84,2.95,3.02,2.97,4.26,3.58,2.68,2.23,3.08,2.69,1.03,0.86,-0.02,6.67,3.52,0.08,0.1,0.12,0.12,0.72,0.88,0.41,9.97,5.23
GALAXY SURFACTANTS,CHEMICALS,ORGANIC CHEMICALS,SMALL CAP,GALAXYSURF,1945.4,6459.5,78.69,91.21,102.98,121.0,5248.28,5677.54,6171.35,6677.8,774.05,798.9,,859.18,279.26,323.1,365.13,428.85,24.72,21.33,18.89,16.08,475.27,534.05,594.38,660.55,0.09,0.09,0.1,0.1,8.18,8.7,8.21,8.44,8.36,12.37,11.3,11.13,11.83,11.6,15.91,12.9,17.5,14.4,15.42,20.11,18.77,2.51,2.44,,2.26,2.44,2.35,1.23,1.14,1.05,0.97,1.09,1.05,0.35,0.22,0.26,3.13,2.99,0.05,0.06,0.06,0.06,0.37,0.23,0.51,5.45,6.47,7346.85,18.07,24.17,33.2,65.7,2563.69,3049.35,3626.9,6100.85,307.77,337.1,545.28,378.59,228.44,310.36,391.26,530.7,41.84,34.57,24.35,19.69,482.95,535.77,688.1,1046.7,0.17,0.2,0.18,0.19,16.88,15.2,17.41,15.31,17.16,26.41,22.16,19.63,24.64,21.61,25.26,28.91,22.0,29.07,26.45,739.7,29.08,25.64,3.71,3.28,2.84,2.95,3.02,2.97,4.26,3.58,2.68,2.23,3.08,2.69,1.03,0.86,-0.02,6.67,3.52,0.08,0.1,0.12,0.12,0.72,0.88,0.41,9.97,5.23
PCBL,CHEMICALS,ORGANIC CHEMICALS,SMALL CAP,PCBL,309.5,11394.68,5.78,11.56,16.6,22.0,8189.3,9572.0,10632.93,11347.8,101.82,106.61,,117.66,222.91,439.76,638.9,821.1,53.55,26.77,18.65,14.07,1042.97,1339.42,1612.13,1965.1,0.13,0.14,0.15,0.17,16.88,11.08,6.72,13.95,11.49,28.42,20.36,21.89,24.33,23.51,100.0,43.58,32.55,69.46,56.13,22.71,19.83,3.04,2.9,,2.63,2.9,2.77,1.39,1.19,1.07,1.0,1.13,1.09,1.26,1.17,2.16,9.11,10.79,0.03,0.05,0.06,0.07,1.87,1.41,1.23,48.58,38.53,7346.85,18.07,24.17,33.2,65.7,2563.69,3049.35,3626.9,6100.85,307.77,337.1,545.28,378.59,228.44,310.36,391.26,530.7,41.84,34.57,24.35,19.69,482.95,535.77,688.1,1046.7,0.17,0.2,0.18,0.19,16.88,15.2,17.41,15.31,17.16,26.41,22.16,19.63,24.64,21.61,25.26,28.91,22.0,29.07,26.45,739.7,29.08,25.64,3.71,3.28,2.84,2.95,3.02,2.97,4.26,3.58,2.68,2.23,3.08,2.69,1.03,0.86,-0.02,6.67,3.52,0.08,0.1,0.12,0.12,0.72,0.88,0.41,9.97,5.23
BALAJI AMINES LIMITED,CHEMICALS,ORGANIC CHEMICALS,SMALL CAP,BALAMINES,2138.2,6070.0,51.6,64.63,85.4,118.2,1424.98,1696.07,2085.63,3032.8,,663.5,855.8,748.6,167.2,183.65,243.8,383.0,41.44,33.08,25.04,18.09,265.43,350.5,464.37,693.5,0.19,0.21,0.22,0.23,19.02,22.97,45.41,20.98,28.63,32.05,32.49,49.34,32.27,37.73,25.26,32.13,38.41,28.65,31.82,29.06,25.4,,3.22,2.5,2.86,2.86,2.86,4.26,3.58,2.91,2.0,3.24,2.83,2.04,1.6,0.6,9.33,7.07,0.12,0.11,0.12,0.13,-0.91,0.86,0.94,-0.19,2.48,7346.85,18.07,24.17,33.2,65.7,2563.69,3049.35,3626.9,6100.85,307.77,337.1,545.28,378.59,228.44,310.36,391.26,530.7,41.84,34.57,24.35,19.69,482.95,535.77,688.1,1046.7,0.17,0.2,0.18,0.19,16.88,15.2,17.41,15.31,17.16,26.41,22.16,19.63,24.64,21.61,25.26,28.91,22.0,29.07,26.45,739.7,29.08,25.64,3.71,3.28,2.84,2.95,3.02,2.97,4.26,3.58,2.68,2.23,3.08,2.69,1.03,0.86,-0.02,6.67,3.52,0.08,0.1,0.12,0.12,0.72,0.88,0.41,9.97,5.23
JUBILANT INGREVIA LTD,CHEMICALS,ORGANIC CHEMICALS,SMALL CAP,JUBLINGREA,637.65,10993.63,18.33,24.02,30.92,38.2,4344.85,5238.65,5986.78,7060.2,,218.45,273.0,244.25,290.95,380.63,489.6,7.8,34.79,26.55,20.62,16.69,564.35,734.52,908.58,1095.9,0.13,0.14,0.15,0.16,20.57,14.28,17.93,17.38,17.57,30.15,23.7,20.62,26.88,24.76,31.03,28.73,23.56,29.87,27.73,23.59,21.29,,2.92,2.34,2.61,2.63,2.62,2.53,2.1,1.84,1.56,1.97,1.83,1.03,1.16,0.35,8.09,6.12,0.07,0.07,0.08,0.0,0.57,0.91,-8.07,10.51,-74.54,7346.85,18.07,24.17,33.2,65.7,2563.69,3049.35,3626.9,6100.85,307.77,337.1,545.28,378.59,228.44,310.36,391.26,530.7,41.84,34.57,24.35,19.69,482.95,535.77,688.1,1046.7,0.17,0.2,0.18,0.19,16.88,15.2,17.41,15.31,17.16,26.41,22.16,19.63,24.64,21.61,25.26,28.91,22.0,29.07,26.45,739.7,29.08,25.64,3.71,3.28,2.84,2.95,3.02,2.97,4.26,3.58,2.68,2.23,3.08,2.69,1.03,0.86,-0.02,6.67,3.52,0.08,0.1,0.12,0.12,0.72,0.88,0.41,9.97,5.23
ARCHEAN CHEMICAL INDUSTRIES,CHEMICALS,ORGANIC CHEMICALS,SMALL CAP,ACI,527.75,6635.27,8.65,23.3,32.4,,1081.05,1503.95,1891.72,,156.68,178.0,,205.9,106.86,287.85,399.62,,61.01,22.65,16.29,,238.78,475.98,629.3,,0.22,0.32,0.33,,39.12,25.78,,32.28,,99.33,32.21,,62.34,,169.36,39.06,,93.54,,19.47,19.47,3.37,2.96,,2.56,2.96,2.76,6.14,4.41,3.51,,3.96,3.96,9.56,1.62,,22.72,,0.1,0.19,0.21,,9.25,1.99,,46.19,,7346.85,18.07,24.17,33.2,65.7,2563.69,3049.35,3626.9,6100.85,307.77,337.1,545.28,378.59,228.44,310.36,391.26,530.7,41.84,34.57,24.35,19.69,482.95,535.77,688.1,1046.7,0.17,0.2,0.18,0.19,16.88,15.2,17.41,15.31,17.16,26.41,22.16,19.63,24.64,21.61,25.26,28.91,22.0,29.07,26.45,739.7,29.08,25.64,3.71,3.28,2.84,2.95,3.02,2.97,4.26,3.58,2.68,2.23,3.08,2.69,1.03,0.86,-0.02,6.67,3.52,0.08,0.1,0.12,0.12,0.72,0.88,0.41,9.97,5.23
LAXMI ORGANIC INDUSTRIES,CHEMICALS,ORGANIC CHEMICALS,SMALL CAP,LXCHEM,152.37,4210.29,2.86,3.0,4.8,,2846.67,3616.9,4542.8,,71.64,74.7,,78.6,79.36,127.15,166.05,,53.28,50.79,31.74,,171.39,216.65,299.2,,0.06,0.06,0.07,,27.06,25.6,,26.33,,26.41,38.1,,32.13,,4.9,60.0,,29.55,,41.27,41.27,2.13,2.04,,1.94,2.04,1.99,1.48,1.16,0.93,,1.05,1.05,-0.03,0.6,,4.59,,0.03,0.04,0.04,,0.73,0.14,,14.5,,7346.85,18.07,24.17,33.2,65.7,2563.69,3049.35,3626.9,6100.85,307.77,337.1,545.28,378.59,228.44,310.36,391.26,530.7,41.84,34.57,24.35,19.69,482.95,535.77,688.1,1046.7,0.17,0.2,0.18,0.19,16.88,15.2,17.41,15.31,17.16,26.41,22.16,19.63,24.64,21.61,25.26,28.91,22.0,29.07,26.45,739.7,29.08,25.64,3.71,3.28,2.84,2.95,3.02,2.97,4.26,3.58,2.68,2.23,3.08,2.69,1.03,0.86,-0.02,6.67,3.52,0.08,0.1,0.12,0.12,0.72,0.88,0.41,9.97,5.23
CHEMPLAST SANMAR,CHEMICALS,ORGANIC CHEMICALS,SMALL CAP,CHEMPLASTS,214.47,3648.38,-8.22,5.05,12.63,,4223.79,5013.0,5616.27,,110.98,116.2,,128.4,-129.95,56.5,232.63,,-26.09,42.47,16.98,,197.91,450.57,698.63,,0.05,0.09,0.12,,18.68,12.03,,15.31,,127.66,55.06,,87.88,,-161.44,150.16,,,,29.72,29.72,1.93,1.85,,1.67,1.85,1.76,0.86,0.73,0.65,,0.69,0.69,4.3,3.45,,62.94,,-0.03,0.01,0.04,,4.2,3.02,,,,7346.85,18.07,24.17,33.2,65.7,2563.69,3049.35,3626.9,6100.85,307.77,337.1,545.28,378.59,228.44,310.36,391.26,530.7,41.84,34.57,24.35,19.69,482.95,535.77,688.1,1046.7,0.17,0.2,0.18,0.19,16.88,15.2,17.41,15.31,17.16,26.41,22.16,19.63,24.64,21.61,25.26,28.91,22.0,29.07,26.45,739.7,29.08,25.64,3.71,3.28,2.84,2.95,3.02,2.97,4.26,3.58,2.68,2.23,3.08,2.69,1.03,0.86,-0.02,6.67,3.52,0.08,0.1,0.12,0.12,0.72,0.88,0.41,9.97,5.23
GUJ.ALKALIES & CHEMS.,CHEMICALS,ORGANIC CHEMICALS,SMALL CAP,GUJALKALI,638.65,5113.04,,,,,,,,,,,,,,,,,,,,,,,,,,,,,,,,,,,,,,,,,,,,,,,,,,,,,,,,,,,,,,,,,,,,,,,,7346.85,18.07,24.17,33.2,65.7,2563.69,3049.35,3626.9,6100.85,307.77,337.1,545.28,378.59,228.44,310.36,391.26,530.7,41.84,34.57,24.35,19.69,482.95,535.77,688.1,1046.7,0.17,0.2,0.18,0.19,16.88,15.2,17.41,15.31,17.16,26.41,22.16,19.63,24.64,21.61,25.26,28.91,22.0,29.07,26.45,739.7,29.08,25.64,3.71,3.28,2.84,2.95,3.02,2.97,4.26,3.58,2.68,2.23,3.08,2.69,1.03,0.86,-0.02,6.67,3.52,0.08,0.1,0.12,0.12,0.72,0.88,0.41,9.97,5.23
GHCL,CHEMICALS,ORGANIC CHEMICALS,SMALL CAP,GHCL,435.4,4223.73,50.15,65.8,73.8,,3064.21,3376.9,3626.9,,386.35,443.9,,502.7,472.46,602.6,676.3,,8.68,6.62,5.9,,688.72,918.5,1069.9,,0.22,0.27,0.29,,10.2,7.4,,8.79,,33.36,16.48,,24.64,,31.21,12.16,,21.31,,6.26,6.26,1.13,0.98,,0.87,0.98,0.92,1.38,1.25,1.16,,1.21,1.21,4.72,2.3,,14.56,,0.15,0.18,0.19,,2.43,0.8,,9.97,,7346.85,18.07,24.17,33.2,65.7,2563.69,3049.35,3626.9,6100.85,307.77,337.1,545.28,378.59,228.44,310.36,391.26,530.7,41.84,34.57,24.35,19.69,482.95,535.77,688.1,1046.7,0.17,0.2,0.18,0.19,16.88,15.2,17.41,15.31,17.16,26.41,22.16,19.63,24.64,21.61,25.26,28.91,22.0,29.07,26.45,739.7,29.08,25.64,3.71,3.28,2.84,2.95,3.02,2.97,4.26,3.58,2.68,2.23,3.08,2.69,1.03,0.86,-0.02,6.67,3.52,0.08,0.1,0.12,0.12,0.72,0.88,0.41,9.97,5.23
PRIVI SPECIALITY CHEMICALS,CHEMICALS,ORGANIC CHEMICALS,SMALL CAP,PRIVISCL,3493.9,13055.93,83.85,100.7,143.5,,2563.69,3049.35,4065.55,,361.58,464.3,,721.8,327.54,392.85,574.9,,41.67,34.7,24.35,,646.21,775.15,1060.9,,0.25,0.25,0.26,,18.94,33.33,,25.93,,19.95,36.86,,28.13,,20.1,42.5,,30.82,,29.52,29.52,9.66,7.53,,4.84,7.53,6.18,5.09,4.28,3.21,,3.75,3.75,0.21,0.67,,1.75,,0.13,0.13,0.14,,0.11,1.26,,5.21,,7346.85,18.07,24.17,33.2,65.7,2563.69,3049.35,3626.9,6100.85,307.77,337.1,545.28,378.59,228.44,310.36,391.26,530.7,41.84,34.57,24.35,19.69,482.95,535.77,688.1,1046.7,0.17,0.2,0.18,0.19,16.88,15.2,17.41,15.31,17.16,26.41,22.16,19.63,24.64,21.61,25.26,28.91,22.0,29.07,26.45,739.7,29.08,25.64,3.71,3.28,2.84,2.95,3.02,2.97,4.26,3.58,2.68,2.23,3.08,2.69,1.03,0.86,-0.02,6.67,3.52,0.08,0.1,0.12,0.12,0.72,0.88,0.41,9.97,5.23
NOCIL,CHEMICALS,ORGANIC CHEMICALS,SMALL CAP,NOCIL,159.02,2803.51,3.64,5.6,7.68,,1302.97,1484.65,1681.4,,,109.7,,113.6,61.02,94.48,128.78,,43.69,28.4,20.72,,100.77,154.07,206.9,,0.08,0.1,0.12,,13.94,13.25,,13.6,,52.9,34.29,,43.29,,53.85,37.05,,45.21,,24.56,24.56,,1.45,,1.4,1.45,1.42,2.15,1.89,1.67,,1.78,1.78,2.64,1.93,,26.14,,0.05,0.06,0.08,,1.68,1.3,,27.88,,7346.85,18.07,24.17,33.2,65.7,2563.69,3049.35,3626.9,6100.85,307.77,337.1,545.28,378.59,228.44,310.36,391.26,530.7,41.84,34.57,24.35,19.69,482.95,535.77,688.1,1046.7,0.17,0.2,0.18,0.19,16.88,15.2,17.41,15.31,17.16,26.41,22.16,19.63,24.64,21.61,25.26,28.91,22.0,29.07,26.45,739.7,29.08,25.64,3.71,3.28,2.84,2.95,3.02,2.97,4.26,3.58,2.68,2.23,3.08,2.69,1.03,0.86,-0.02,6.67,3.52,0.08,0.1,0.12,0.12,0.72,0.88,0.41,9.97,5.23
ROSSARI BIOTECH,CHEMICALS,ORGANIC CHEMICALS,SMALL CAP,ROSSARI,560.9,3011.92,26.93,28.5,33.55,,2396.37,2657.9,2972.95,,240.75,267.3,,295.4,149.21,157.85,185.82,,20.83,19.68,16.72,,285.9,319.23,366.6,,0.12,0.12,0.12,,10.91,11.85,,11.38,,11.66,14.84,,13.24,,5.83,17.72,,11.62,,18.2,18.2,2.33,2.1,,1.9,2.1,2.0,1.26,1.13,1.01,,1.07,1.07,0.08,0.32,,1.66,,0.06,0.06,0.06,,-0.29,0.31,,0.19,,7346.85,18.07,24.17,33.2,65.7,2563.69,3049.35,3626.9,6100.85,307.77,337.1,545.28,378.59,228.44,310.36,391.26,530.7,41.84,34.57,24.35,19.69,482.95,535.77,688.1,1046.7,0.17,0.2,0.18,0.19,16.88,15.2,17.41,15.31,17.16,26.41,22.16,19.63,24.64,21.61,25.26,28.91,22.0,29.07,26.45,739.7,29.08,25.64,3.71,3.28,2.84,2.95,3.02,2.97,4.26,3.58,2.68,2.23,3.08,2.69,1.03,0.86,-0.02,6.67,3.52,0.08,0.1,0.12,0.12,0.72,0.88,0.41,9.97,5.23
FINEOTEX CHEMICAL,CHEMICALS,ORGANIC CHEMICALS,SMALL CAP,FCL,43.52,4597.45,1.09,1.1,1.4,,772.23,680.1,818.2,,,,,,108.98,126.9,162.8,,39.93,39.56,31.09,,134.75,152.8,197.5,,0.17,0.22,0.24,,-11.93,20.31,,2.93,,13.4,29.25,,21.07,,0.92,27.27,,13.33,,35.32,35.32,,,,,,,5.95,6.76,5.62,,6.19,6.19,5.02,1.67,,17.61,,0.14,0.19,0.2,,4.55,1.24,,18.74,,7346.85,18.07,24.17,33.2,65.7,2563.69,3049.35,3626.9,6100.85,307.77,337.1,545.28,378.59,228.44,310.36,391.26,530.7,41.84,34.57,24.35,19.69,482.95,535.77,688.1,1046.7,0.17,0.2,0.18,0.19,16.88,15.2,17.41,15.31,17.16,26.41,22.16,19.63,24.64,21.61,25.26,28.91,22.0,29.07,26.45,739.7,29.08,25.64,3.71,3.28,2.84,2.95,3.02,2.97,4.26,3.58,2.68,2.23,3.08,2.69,1.03,0.86,-0.02,6.67,3.52,0.08,0.1,0.12,0.12,0.72,0.88,0.41,9.97,5.23
NEOGEN CHEMICALS,CHEMICALS,ORGANIC CHEMICALS,SMALL CAP,NEOGEN,1932.0,4858.6,10.9,20.44,47.68,52.0,861.96,1227.49,2207.67,2656.93,309.4,441.0,483.0,479.47,28.75,32.1,119.28,151.65,177.25,94.53,40.52,37.15,137.57,198.61,376.14,483.63,0.16,0.16,0.17,0.18,42.41,79.85,20.35,60.04,45.53,44.37,89.38,28.58,65.35,52.05,87.5,133.27,9.07,109.14,68.34,67.53,57.4,6.24,4.38,4.0,4.03,4.19,4.14,5.64,3.96,2.2,1.83,3.08,2.66,0.22,0.86,1.16,3.32,4.48,0.03,0.03,0.05,0.06,-0.72,2.79,0.3,27.27,19.61,7346.85,18.07,24.17,33.2,65.7,2563.69,3049.35,3626.9,6100.85,307.77,337.1,545.28,378.59,228.44,310.36,391.26,530.7,41.84,34.57,24.35,19.69,482.95,535.77,688.1,1046.7,0.17,0.2,0.18,0.19,16.88,15.2,17.41,15.31,17.16,26.41,22.16,19.63,24.64,21.61,25.26,28.91,22.0,29.07,26.45,739.7,29.08,25.64,3.71,3.28,2.84,2.95,3.02,2.97,4.26,3.58,2.68,2.23,3.08,2.69,1.03,0.86,-0.02,6.67,3.52,0.08,0.1,0.12,0.12,0.72,0.88,0.41,9.97,5.23
TATVA CHINTAN PHARMA CHEM,CHEMICALS,ORGANIC CHEMICALS,SMALL CAP,TATVA,1194.0,2708.8,17.98,28.4,37.43,,505.86,653.7,766.27,,334.2,357.95,,393.15,42.05,66.4,87.57,,66.41,42.04,31.9,,93.16,138.93,174.53,,0.18,0.21,0.23,,29.23,17.22,,23.08,,49.14,25.62,,36.88,,57.95,31.81,,44.29,,36.97,36.97,3.57,3.34,,3.04,3.34,3.19,5.35,4.14,3.54,,3.84,3.84,2.84,1.52,,11.21,,0.08,0.1,0.11,,1.84,1.27,,17.24,,7346.85,18.07,24.17,33.2,65.7,2563.69,3049.35,3626.9,6100.85,307.77,337.1,545.28,378.59,228.44,310.36,391.26,530.7,41.84,34.57,24.35,19.69,482.95,535.77,688.1,1046.7,0.17,0.2,0.18,0.19,16.88,15.2,17.41,15.31,17.16,26.41,22.16,19.63,24.64,21.61,25.26,28.91,22.0,29.07,26.45,739.7,29.08,25.64,3.71,3.28,2.84,2.95,3.02,2.97,4.26,3.58,2.68,2.23,3.08,2.69,1.03,0.86,-0.02,6.67,3.52,0.08,0.1,0.12,0.12,0.72,0.88,0.41,9.97,5.23
INDIA GLYCOLS,CHEMICALS,ORGANIC CHEMICALS,SMALL CAP,INDIAGLYCO,957.75,6751.6,,,,,,,,,,,,,,,,,,,,,,,,,,,,,,,,,,,,,,,,,,,,,,,,,,,,,,,,,,,,,,,,,,,,,,,,7346.85,18.07,24.17,33.2,65.7,2563.69,3049.35,3626.9,6100.85,307.77,337.1,545.28,378.59,228.44,310.36,391.26,530.7,41.84,34.57,24.35,19.69,482.95,535.77,688.1,1046.7,0.17,0.2,0.18,0.19,16.88,15.2,17.41,15.31,17.16,26.41,22.16,19.63,24.64,21.61,25.26,28.91,22.0,29.07,26.45,739.7,29.08,25.64,3.71,3.28,2.84,2.95,3.02,2.97,4.26,3.58,2.68,2.23,3.08,2.69,1.03,0.86,-0.02,6.67,3.52,0.08,0.1,0.12,0.12,0.72,0.88,0.41,9.97,5.23
CAMLIN FINE SCIENCES,CHEMICALS,ORGANIC CHEMICALS,SMALL CAP,CAMLINFINE,140.28,2335.07,2.76,4.85,8.55,,1723.31,2038.0,2382.2,,,51.5,,59.8,53.09,92.7,163.0,,50.83,28.92,16.41,,106.88,224.05,334.9,,0.06,0.11,0.14,,18.26,16.89,,17.57,,109.63,49.48,,77.02,,75.72,76.29,,76.01,,22.67,22.67,,2.72,,2.35,2.72,2.53,1.35,1.15,0.98,,1.06,1.06,4.79,3.06,,50.56,,0.03,0.05,0.07,,1.47,2.29,,49.04,,7346.85,18.07,24.17,33.2,65.7,2563.69,3049.35,3626.9,6100.85,307.77,337.1,545.28,378.59,228.44,310.36,391.26,530.7,41.84,34.57,24.35,19.69,482.95,535.77,688.1,1046.7,0.17,0.2,0.18,0.19,16.88,15.2,17.41,15.31,17.16,26.41,22.16,19.63,24.64,21.61,25.26,28.91,22.0,29.07,26.45,739.7,29.08,25.64,3.71,3.28,2.84,2.95,3.02,2.97,4.26,3.58,2.68,2.23,3.08,2.69,1.03,0.86,-0.02,6.67,3.52,0.08,0.1,0.12,0.12,0.72,0.88,0.41,9.97,5.23
THIRUMALAI CHEMICALS,CHEMICALS,ORGANIC CHEMICALS,SMALL CAP,TIRUMALCHM,167.0,2568.62,,,,,,,,,,,,,,,,,,,,,,,,,,,,,,,,,,,,,,,,,,,,,,,,,,,,,,,,,,,,,,,,,,,,,,,,7346.85,18.07,24.17,33.2,65.7,2563.69,3049.35,3626.9,6100.85,307.77,337.1,545.28,378.59,228.44,310.36,391.26,530.7,41.84,34.57,24.35,19.69,482.95,535.77,688.1,1046.7,0.17,0.2,0.18,0.19,16.88,15.2,17.41,15.31,17.16,26.41,22.16,19.63,24.64,21.61,25.26,28.91,22.0,29.07,26.45,739.7,29.08,25.64,3.71,3.28,2.84,2.95,3.02,2.97,4.26,3.58,2.68,2.23,3.08,2.69,1.03,0.86,-0.02,6.67,3.52,0.08,0.1,0.12,0.12,0.72,0.88,0.41,9.97,5.23
S H KELKAR AND COMPANY,CHEMICALS,ORGANIC CHEMICALS,SMALL CAP,SHK,140.07,1861.21,5.26,4.4,9.9,13.7,2368.26,2659.1,3063.4,3443.1,98.39,,,,72.85,130.4,136.7,189.0,26.63,31.83,14.15,10.22,241.8,275.2,393.2,472.1,0.1,0.1,0.13,0.14,12.28,15.2,12.39,13.73,13.29,13.81,42.88,20.07,27.52,24.99,-16.35,125.0,38.38,37.19,37.59,22.99,18.74,1.42,,,,,,0.79,0.7,0.61,0.54,0.65,0.62,0.14,2.49,0.88,12.12,10.33,0.03,0.05,0.04,0.05,1.83,-0.44,1.03,20.44,21.29,7346.85,18.07,24.17,33.2,65.7,2563.69,3049.35,3626.9,6100.85,307.77,337.1,545.28,378.59,228.44,310.36,391.26,530.7,41.84,34.57,24.35,19.69,482.95,535.77,688.1,1046.7,0.17,0.2,0.18,0.19,16.88,15.2,17.41,15.31,17.16,26.41,22.16,19.63,24.64,21.61,25.26,28.91,22.0,29.07,26.45,739.7,29.08,25.64,3.71,3.28,2.84,2.95,3.02,2.97,4.26,3.58,2.68,2.23,3.08,2.69,1.03,0.86,-0.02,6.67,3.52,0.08,0.1,0.12,0.12,0.72,0.88,0.41,9.97,5.23
DCW,CHEMICALS,ORGANIC CHEMICALS,SMALL CAP,DCW,49.6,1433.86,,,,,,,,,,,,,,,,,,,,,,,,,,,,,,,,,,,,,,,,,,,,,,,,,,,,,,,,,,,,,,,,,,,,,,,,7346.85,18.07,24.17,33.2,65.7,2563.69,3049.35,3626.9,6100.85,307.77,337.1,545.28,378.59,228.44,310.36,391.26,530.7,41.84,34.57,24.35,19.69,482.95,535.77,688.1,1046.7,0.17,0.2,0.18,0.19,16.88,15.2,17.41,15.31,17.16,26.41,22.16,19.63,24.64,21.61,25.26,28.91,22.0,29.07,26.45,739.7,29.08,25.64,3.71,3.28,2.84,2.95,3.02,2.97,4.26,3.58,2.68,2.23,3.08,2.69,1.03,0.86,-0.02,6.67,3.52,0.08,0.1,0.12,0.12,0.72,0.88,0.41,9.97,5.23
VALIANT ORGANICS,CHEMICALS,ORGANIC CHEMICALS,SMALL CAP,VALIANTORG,290.95,803.32,,,,,,,,,,,,,,,,,,,,,,,,,,,,,,,,,,,,,,,,,,,,,,,,,,,,,,,,,,,,,,,,,,,,,,,,7346.85,18.07,24.17,33.2,65.7,2563.69,3049.35,3626.9,6100.85,307.77,337.1,545.28,378.59,228.44,310.36,391.26,530.7,41.84,34.57,24.35,19.69,482.95,535.77,688.1,1046.7,0.17,0.2,0.18,0.19,16.88,15.2,17.41,15.31,17.16,26.41,22.16,19.63,24.64,21.61,25.26,28.91,22.0,29.07,26.45,739.7,29.08,25.64,3.71,3.28,2.84,2.95,3.02,2.97,4.26,3.58,2.68,2.23,3.08,2.69,1.03,0.86,-0.02,6.67,3.52,0.08,0.1,0.12,0.12,0.72,0.88,0.41,9.97,5.23
PIDILITE INDUSTRIES,CHEMICALS,DYES & PIGMENTS,LARGE CAP,PIDILITIND,1579.9,150478.0,24.14,26.27,30.13,34.89,14600.83,16816.38,18555.68,20783.21,106.43,120.03,133.29,134.56,2462.63,2700.06,3084.16,3557.77,65.45,60.14,52.44,45.28,3519.0,3791.36,4312.43,4925.0,0.24,0.23,0.23,0.24,15.17,10.34,12.0,12.73,12.49,7.74,13.74,14.2,10.7,11.86,8.83,14.68,15.81,11.72,13.07,56.29,52.62,14.84,13.16,11.85,11.74,12.51,12.25,10.31,8.95,8.11,7.24,8.53,8.1,-1.56,0.69,0.46,-1.8,-0.56,0.17,0.16,0.17,0.17,-0.81,0.56,0.5,-0.73,0.5,6630.17,24.14,29.88,53.25,34.89,9787.2,9992.17,10633.3,20783.21,438.89,546.5,133.29,579.1,331.97,404.6,460.6,3557.77,65.45,30.58,17.16,45.28,589.9,766.6,1002.7,4925.0,0.22,0.23,0.23,0.24,15.17,10.34,12.0,12.73,12.49,26.45,13.74,14.2,23.64,11.86,21.9,14.68,15.81,17.81,13.07,1020.6,23.87,23.87,2.19,1.87,11.85,1.6,1.87,1.74,2.13,1.58,1.4,7.24,1.49,1.49,0.12,0.69,0.46,0.27,-0.56,0.13,0.12,0.12,0.17,-0.81,0.56,0.5,-0.73,0.5
EPIGRAL,CHEMICALS,DYES & PIGMENTS,SMALL CAP,EPIGRAL,1127.6,5372.82,76.95,93.8,106.8,,2527.18,3392.0,3842.9,,514.92,602.0,,702.8,331.97,404.6,460.6,,14.65,12.02,10.56,,568.12,766.6,868.5,,0.22,0.23,0.23,,34.22,13.29,,23.31,,34.94,13.29,,23.64,,21.9,13.86,,17.81,,11.29,11.29,2.19,1.87,,1.6,1.87,1.74,2.13,1.58,1.4,,1.49,1.49,0.12,-0.0,,0.27,,0.13,0.12,0.12,,-1.21,0.06,,-4.48,,6630.17,24.14,29.88,53.25,34.89,9787.2,9992.17,10633.3,20783.21,438.89,546.5,133.29,579.1,331.97,404.6,460.6,3557.77,65.45,30.58,17.16,45.28,589.9,766.6,1002.7,4925.0,0.22,0.23,0.23,0.24,15.17,10.34,12.0,12.73,12.49,26.45,13.74,14.2,23.64,11.86,21.9,14.68,15.81,17.81,13.07,1020.6,23.87,23.87,2.19,1.87,11.85,1.6,1.87,1.74,2.13,1.58,1.4,7.24,1.49,1.49,0.12,0.69,0.46,0.27,-0.56,0.13,0.12,0.12,0.17,-0.81,0.56,0.5,-0.73,0.5
SUDARSHAN CHEMICALS,CHEMICALS,DYES & PIGMENTS,SMALL CAP,SUDARSCHEM,913.6,7887.52,6.53,29.88,53.25,,9787.2,9992.17,10633.3,,438.89,546.5,,579.1,52.0,234.8,418.48,,139.91,30.58,17.16,,589.9,745.95,1002.7,,0.06,0.07,0.09,,2.09,6.42,,4.23,,26.45,34.42,,30.38,,357.5,78.24,,185.56,,23.87,23.87,2.08,1.67,,1.58,1.67,1.62,0.81,0.79,0.74,,0.77,0.77,1.44,1.96,,25.08,,0.01,0.02,0.04,,1.82,1.59,,172.16,,6630.17,24.14,29.88,53.25,34.89,9787.2,9992.17,10633.3,20783.21,438.89,546.5,133.29,579.1,331.97,404.6,460.6,3557.77,65.45,30.58,17.16,45.28,589.9,766.6,1002.7,4925.0,0.22,0.23,0.23,0.24,15.17,10.34,12.0,12.73,12.49,26.45,13.74,14.2,23.64,11.86,21.9,14.68,15.81,17.81,13.07,1020.6,23.87,23.87,2.19,1.87,11.85,1.6,1.87,1.74,2.13,1.58,1.4,7.24,1.49,1.49,0.12,0.69,0.46,0.27,-0.56,0.13,0.12,0.12,0.17,-0.81,0.56,0.5,-0.73,0.5
KIRI INDUSTRIES,CHEMICALS,DYES & PIGMENTS,SMALL CAP,KIRIINDUS,394.65,2571.53,,,,,,,,,,,,,,,,,,,,,,,,,,,,,,,,,,,,,,,,,,,,,,,,,,,,,,,,,,,,,,,,,,,,,,,,6630.17,24.14,29.88,53.25,34.89,9787.2,9992.17,10633.3,20783.21,438.89,546.5,133.29,579.1,331.97,404.6,460.6,3557.77,65.45,30.58,17.16,45.28,589.9,766.6,1002.7,4925.0,0.22,0.23,0.23,0.24,15.17,10.34,12.0,12.73,12.49,26.45,13.74,14.2,23.64,11.86,21.9,14.68,15.81,17.81,13.07,1020.6,23.87,23.87,2.19,1.87,11.85,1.6,1.87,1.74,2.13,1.58,1.4,7.24,1.49,1.49,0.12,0.69,0.46,0.27,-0.56,0.13,0.12,0.12,0.17,-0.81,0.56,0.5,-0.73,0.5
CASTROL INDIA,CHEMICALS,LUBRICANTS,SMALL CAP,CASTROLIND,185.8,18201.83,9.82,9.92,11.24,11.5,5721.5,6215.16,6678.66,7020.3,,22.33,,24.27,972.46,979.26,1119.58,1160.6,18.92,18.73,16.53,16.16,1347.52,1329.76,1523.1,1500.0,0.24,0.21,0.23,0.21,8.63,7.46,5.12,8.04,7.06,-1.32,14.54,-1.52,6.32,3.64,1.0,13.33,2.31,6.99,5.41,17.63,17.14,,8.32,,7.66,8.32,7.99,3.18,2.93,2.73,2.59,2.83,2.75,-2.16,1.41,-1.44,-1.6,-3.19,0.17,0.16,0.17,0.17,-1.24,1.01,-0.23,-0.69,-0.92,4611.25,41.36,42.7,49.82,54.95,4637.93,5061.78,5478.39,5820.98,297.0,172.62,394.67,190.93,667.35,673.39,777.6,822.71,16.5,16.17,14.07,13.3,908.8,916.69,1046.35,1064.95,0.18,0.17,0.18,0.17,9.29,8.46,6.57,8.88,8.1,2.91,13.82,4.53,8.2,6.94,2.27,15.23,6.81,8.55,7.96,185.8,15.12,14.51,3.46,5.75,2.6,5.26,5.61,5.44,2.24,2.05,1.9,1.8,1.98,1.92,-1.25,0.92,-0.56,-0.63,-1.09,0.14,0.13,0.13,0.14,-1.01,0.89,0.04,-0.37,0.02
GULF OIL LUBES INDIA,CHEMICALS,LUBRICANTS,SMALL CAP,GULFOILLUB,1026.8,4611.25,72.9,75.47,88.4,98.4,3554.36,3908.4,4278.12,4621.65,297.0,322.9,394.67,357.6,362.25,367.52,435.62,484.82,14.09,13.6,11.62,10.43,470.07,503.62,569.6,629.9,0.13,0.13,0.13,0.14,9.96,9.46,8.03,9.71,9.15,7.14,13.1,10.59,10.08,10.25,3.53,17.12,11.31,10.12,10.52,12.61,11.88,3.46,3.18,2.6,2.87,2.89,2.88,1.3,1.18,1.08,1.0,1.13,1.09,-0.34,0.43,0.32,0.34,1.01,0.1,0.09,0.1,0.1,-0.79,0.78,0.31,-0.04,0.97,4611.25,41.36,42.7,49.82,54.95,4637.93,5061.78,5478.39,5820.98,297.0,172.62,394.67,190.93,667.35,673.39,777.6,822.71,16.5,16.17,14.07,13.3,908.8,916.69,1046.35,1064.95,0.18,0.17,0.18,0.17,9.29,8.46,6.57,8.88,8.1,2.91,13.82,4.53,8.2,6.94,2.27,15.23,6.81,8.55,7.96,185.8,15.12,14.51,3.46,5.75,2.6,5.26,5.61,5.44,2.24,2.05,1.9,1.8,1.98,1.92,-1.25,0.92,-0.56,-0.63,-1.09,0.14,0.13,0.13,0.14,-1.01,0.89,0.04,-0.37,0.02
GANDHAR OIL REFINERY (INDIA),CHEMICALS,LUBRICANTS,SMALL CAP,GANDHAR,180.26,1590.54,,,,,,,,,,,,,,,,,,,,,,,,,,,,,,,,,,,,,,,,,,,,,,,,,,,,,,,,,,,,,,,,,,,,,,,,4611.25,41.36,42.7,49.82,54.95,4637.93,5061.78,5478.39,5820.98,297.0,172.62,394.67,190.93,667.35,673.39,777.6,822.71,16.5,16.17,14.07,13.3,908.8,916.69,1046.35,1064.95,0.18,0.17,0.18,0.17,9.29,8.46,6.57,8.88,8.1,2.91,13.82,4.53,8.2,6.94,2.27,15.23,6.81,8.55,7.96,185.8,15.12,14.51,3.46,5.75,2.6,5.26,5.61,5.44,2.24,2.05,1.9,1.8,1.98,1.92,-1.25,0.92,-0.56,-0.63,-1.09,0.14,0.13,0.13,0.14,-1.01,0.89,0.04,-0.37,0.02
SOLAR INDUSTRIES IDA.,CHEMICALS,OTHER CHEMICALS,MID CAP,SOLARINDS,18052.0,167216.5,185.39,268.73,329.06,434.6,9837.74,13647.25,16808.56,21244.39,693.69,930.77,1686.54,1241.01,1677.55,2456.36,3047.52,3944.8,97.37,67.18,54.86,41.54,2750.0,3706.71,4605.68,5851.88,0.28,0.27,0.27,0.28,38.72,23.16,26.39,30.71,29.26,34.79,24.25,27.06,29.41,28.62,44.95,22.45,32.07,33.23,32.84,61.02,54.52,26.02,19.39,10.7,14.55,15.05,14.88,17.0,12.25,9.95,7.87,11.1,10.02,-0.79,0.24,0.14,-0.99,-0.49,0.17,0.18,0.18,0.19,0.95,0.13,0.44,3.11,2.88,38410.89,47.94,59.55,69.85,87.1,2485.38,2189.21,2619.61,3412.7,322.54,370.47,614.0,430.75,402.03,515.17,585.52,742.7,97.37,67.18,54.86,63.6,756.09,775.25,899.62,1200.1,0.3,0.32,0.32,0.35,22.77,19.99,23.96,23.01,28.22,25.5,20.37,26.26,21.66,26.6,24.02,20.58,25.32,21.04,25.31,4286.45,61.02,54.52,16.84,15.28,11.43,13.73,13.71,13.72,17.0,13.2,10.43,8.8,11.81,10.66,-0.58,-0.33,0.48,-0.87,-0.49,0.2,0.21,0.21,0.22,0.05,0.02,0.44,0.95,2.88
LINDE INDIA,CHEMICALS,OTHER CHEMICALS,MID CAP,LINDEINDIA,7460.5,61818.26,52.51,66.15,71.6,87.1,2485.38,2622.5,2961.6,3412.7,443.1,488.4,614.0,543.4,447.81,596.35,610.35,742.7,142.08,112.78,104.2,85.65,756.09,945.3,1027.15,1200.1,0.3,0.36,0.35,0.35,5.52,12.93,15.23,9.16,11.15,25.02,8.66,16.84,16.55,16.65,25.98,8.24,21.65,16.77,18.37,108.49,100.88,16.84,15.28,12.15,13.73,13.71,13.72,24.87,23.57,20.87,18.11,22.22,20.85,5.62,-1.36,0.48,6.77,4.95,0.18,0.23,0.21,0.22,4.72,-2.13,1.15,6.95,6.5,38410.89,47.94,59.55,69.85,87.1,2485.38,2189.21,2619.61,3412.7,322.54,370.47,614.0,430.75,402.03,515.17,585.52,742.7,97.37,67.18,54.86,63.6,756.09,775.25,899.62,1200.1,0.3,0.32,0.32,0.35,22.77,19.99,23.96,23.01,28.22,25.5,20.37,26.26,21.66,26.6,24.02,20.58,25.32,21.04,25.31,4286.45,61.02,54.52,16.84,15.28,11.43,13.73,13.71,13.72,17.0,13.2,10.43,8.8,11.81,10.66,-0.58,-0.33,0.48,-0.87,-0.49,0.2,0.21,0.21,0.22,0.05,0.02,0.44,0.95,2.88
GODREJ INDUSTRIES,CHEMICALS,OTHER CHEMICALS,MID CAP,GODREJIND,1112.4,38410.89,,,,,22236.85,,,,,,,,,,,,,,,,2241.51,,,,0.1,,,,,,,,,,,,,,,,,,,,,,,,,,,1.73,,,,,,,,,,,,,,,,,,,,38410.89,47.94,59.55,69.85,87.1,2485.38,2189.21,2619.61,3412.7,322.54,370.47,614.0,430.75,402.03,515.17,585.52,742.7,97.37,67.18,54.86,63.6,756.09,775.25,899.62,1200.1,0.3,0.32,0.32,0.35,22.77,19.99,23.96,23.01,28.22,25.5,20.37,26.26,21.66,26.6,24.02,20.58,25.32,21.04,25.31,4286.45,61.02,54.52,16.84,15.28,11.43,13.73,13.71,13.72,17.0,13.2,10.43,8.8,11.81,10.66,-0.58,-0.33,0.48,-0.87,-0.49,0.2,0.21,0.21,0.22,0.05,0.02,0.44,0.95,2.88
ADVANCED ENZYME TECHS.,CHEMICALS,OTHER CHEMICALS,SMALL CAP,ADVENZYMES,373.7,4219.26,14.05,15.5,18.4,,745.76,853.5,997.0,,145.81,144.5,,155.5,157.36,172.9,205.3,,26.6,24.11,20.31,,229.07,259.0,301.7,,0.31,0.3,0.3,,14.45,16.81,,15.62,,13.07,16.49,,14.76,,10.32,18.71,,14.44,,22.21,22.21,2.56,2.59,,2.4,2.59,2.49,5.66,4.94,4.23,,4.59,4.59,-0.37,-0.08,,-0.74,,0.21,0.2,0.21,,-0.84,0.33,,-1.21,,38410.89,47.94,59.55,69.85,87.1,2485.38,2189.21,2619.61,3412.7,322.54,370.47,614.0,430.75,402.03,515.17,585.52,742.7,97.37,67.18,54.86,63.6,756.09,775.25,899.62,1200.1,0.3,0.32,0.32,0.35,22.77,19.99,23.96,23.01,28.22,25.5,20.37,26.26,21.66,26.6,24.02,20.58,25.32,21.04,25.31,4286.45,61.02,54.52,16.84,15.28,11.43,13.73,13.71,13.72,17.0,13.2,10.43,8.8,11.81,10.66,-0.58,-0.33,0.48,-0.87,-0.49,0.2,0.21,0.21,0.22,0.05,0.02,0.44,0.95,2.88
AMI ORGANICS,CHEMICALS,OTHER CHEMICALS,SMALL CAP,AMIORG,,24846.24,43.37,52.94,68.1,85.34,1339.37,1755.93,2277.63,2823.32,201.97,252.53,420.0,318.1,356.26,433.99,560.69,705.82,,,,,480.4,605.2,772.09,974.86,0.36,0.34,0.34,0.35,31.1,29.71,23.96,30.4,28.22,25.98,27.58,26.26,26.77,26.6,22.07,28.63,25.32,25.31,25.31,,,,,,,,,18.55,14.15,10.91,8.8,12.53,11.29,-1.4,-0.57,0.63,-2.78,-1.26,0.27,0.25,0.25,0.25,-1.88,-0.1,0.38,-3.8,-2.05,38410.89,47.94,59.55,69.85,87.1,2485.38,2189.21,2619.61,3412.7,322.54,370.47,614.0,430.75,402.03,515.17,585.52,742.7,97.37,67.18,54.86,63.6,756.09,775.25,899.62,1200.1,0.3,0.32,0.32,0.35,22.77,19.99,23.96,23.01,28.22,25.5,20.37,26.26,21.66,26.6,24.02,20.58,25.32,21.04,25.31,4286.45,61.02,54.52,16.84,15.28,11.43,13.73,13.71,13.72,17.0,13.2,10.43,8.8,11.81,10.66,-0.58,-0.33,0.48,-0.87,-0.49,0.2,0.21,0.21,0.22,0.05,0.02,0.44,0.95,2.88
ASIAN PAINTS,BUILDING MATERIAL,PAINTS,LARGE CAP,ASIANPAINT,2732.9,253753.0,42.05,45.55,50.07,56.46,33905.62,35201.18,38401.22,41491.56,202.35,218.3,259.77,237.86,4030.33,4364.21,4853.27,5482.7,64.99,60.0,54.58,48.4,6006.21,6535.32,7105.78,7951.05,0.18,0.19,0.19,0.19,3.82,9.09,8.05,6.42,6.96,8.81,8.73,11.9,8.77,9.8,8.31,9.93,12.77,9.12,10.32,57.29,54.33,13.51,12.52,10.52,11.49,11.52,11.51,7.48,7.21,6.61,6.12,6.91,6.64,0.85,-0.06,0.66,2.2,2.65,0.12,0.12,0.13,0.13,0.51,0.24,0.58,3.11,3.59,17609.34,20.86,35.84,41.81,29.77,8051.91,8717.36,9326.03,13032.76,202.35,218.3,180.57,237.86,916.39,703.62,788.02,1282.74,43.45,39.21,34.13,30.81,1403.95,1060.23,1177.09,1933.29,0.17,0.16,0.16,0.17,12.08,9.09,8.96,10.11,9.22,9.81,11.23,11.52,10.83,10.13,9.32,11.38,10.92,10.84,11.02,787.92,36.67,34.72,6.76,6.01,4.98,5.37,5.5,5.45,3.68,3.28,2.96,3.09,3.12,3.12,-0.03,0.46,0.21,1.8,1.68,0.1,0.1,0.11,0.11,-0.12,0.38,0.25,1.95,2.15
BERGER PAINTS INDIA,BUILDING MATERIAL,PAINTS,MID CAP,BERGEPAINT,550.7,60113.28,10.11,11.06,12.59,14.1,11880.25,13319.07,14404.69,15761.27,59.32,66.27,80.4,73.92,1180.16,1296.49,1482.67,1682.93,54.47,49.81,43.75,39.07,1833.3,2038.31,2289.62,2554.61,0.15,0.15,0.16,0.16,12.11,8.15,9.42,10.11,9.88,11.18,12.33,11.57,11.75,11.69,9.36,13.86,11.97,11.58,11.71,46.78,44.21,9.28,8.31,6.85,7.45,7.58,7.54,5.06,4.51,4.17,3.81,4.34,4.17,-0.13,0.59,0.31,1.49,1.65,0.1,0.1,0.1,0.11,-0.2,0.56,0.38,1.79,2.44,17609.34,20.86,35.84,41.81,29.77,8051.91,8717.36,9326.03,13032.76,202.35,218.3,180.57,237.86,916.39,703.62,788.02,1282.74,43.45,39.21,34.13,30.81,1403.95,1060.23,1177.09,1933.29,0.17,0.16,0.16,0.17,12.08,9.09,8.96,10.11,9.22,9.81,11.23,11.52,10.83,10.13,9.32,11.38,10.92,10.84,11.02,787.92,36.67,34.72,6.76,6.01,4.98,5.37,5.5,5.45,3.68,3.28,2.96,3.09,3.12,3.12,-0.03,0.46,0.21,1.8,1.68,0.1,0.1,0.11,0.11,-0.12,0.38,0.25,1.95,2.15
KANSAI NEROLAC PAINTS,BUILDING MATERIAL,PAINTS,SMALL CAP,KANSAINER,211.13,17609.34,8.05,8.8,9.76,10.72,8051.91,8717.36,9326.03,10304.25,83.02,88.39,101.38,94.0,652.62,703.62,788.02,882.56,26.23,24.0,21.63,19.69,974.6,1060.23,1177.09,1311.98,0.12,0.12,0.13,0.13,8.26,6.98,10.49,7.62,8.57,8.79,11.02,11.46,9.9,10.42,9.29,10.92,9.88,10.1,10.03,22.82,21.77,2.54,2.39,2.08,2.25,2.24,2.24,2.19,2.02,1.89,1.71,1.95,1.87,0.06,0.46,0.11,2.12,1.7,0.08,0.08,0.08,0.09,-0.03,0.38,0.12,2.1,1.86,17609.34,20.86,35.84,41.81,29.77,8051.91,8717.36,9326.03,13032.76,202.35,218.3,180.57,237.86,916.39,703.62,788.02,1282.74,43.45,39.21,34.13,30.81,1403.95,1060.23,1177.09,1933.29,0.17,0.16,0.16,0.17,12.08,9.09,8.96,10.11,9.22,9.81,11.23,11.52,10.83,10.13,9.32,11.38,10.92,10.84,11.02,787.92,36.67,34.72,6.76,6.01,4.98,5.37,5.5,5.45,3.68,3.28,2.96,3.09,3.12,3.12,-0.03,0.46,0.21,1.8,1.68,0.1,0.1,0.11,0.11,-0.12,0.38,0.25,1.95,2.15
AKZO NOBEL INDIA,BUILDING MATERIAL,PAINTS,SMALL CAP,AKZOINDIA,,13250.86,,96.7,107.7,,3599.2,4034.1,4473.0,,538.34,560.5,,593.3,,440.0,490.2,,,,,,,642.7,714.9,,,0.16,0.16,,12.08,10.88,,11.48,,,11.23,,,,,11.38,,,,,,,,,,,,3.68,3.28,2.96,,3.12,3.12,,0.05,,,,,0.11,0.11,,,0.05,,,,17609.34,20.86,35.84,41.81,29.77,8051.91,8717.36,9326.03,13032.76,202.35,218.3,180.57,237.86,916.39,703.62,788.02,1282.74,43.45,39.21,34.13,30.81,1403.95,1060.23,1177.09,1933.29,0.17,0.16,0.16,0.17,12.08,9.09,8.96,10.11,9.22,9.81,11.23,11.52,10.83,10.13,9.32,11.38,10.92,10.84,11.02,787.92,36.67,34.72,6.76,6.01,4.98,5.37,5.5,5.45,3.68,3.28,2.96,3.09,3.12,3.12,-0.03,0.46,0.21,1.8,1.68,0.1,0.1,0.11,0.11,-0.12,0.38,0.25,1.95,2.15
INDIGO PAINTS,BUILDING MATERIAL,PAINTS,SMALL CAP,INDIGOPNTS,1025.15,4721.56,31.62,35.84,41.81,45.45,1405.02,1663.98,1842.05,1998.7,242.04,275.74,329.1,312.16,151.21,170.5,199.02,217.75,32.42,28.61,24.52,22.56,254.77,282.34,323.81,337.65,0.18,0.17,0.18,0.17,18.43,10.7,8.5,14.5,12.47,10.82,14.69,4.27,12.74,9.84,13.34,16.68,8.7,14.99,12.86,26.56,25.23,4.24,3.72,3.12,3.28,3.42,3.37,3.36,2.84,2.56,2.36,2.7,2.59,-1.17,0.61,-0.69,-1.54,-2.33,0.11,0.1,0.11,0.11,-0.52,0.56,0.09,0.2,0.41,17609.34,20.86,35.84,41.81,29.77,8051.91,8717.36,9326.03,13032.76,202.35,218.3,180.57,237.86,916.39,703.62,788.02,1282.74,43.45,39.21,34.13,30.81,1403.95,1060.23,1177.09,1933.29,0.17,0.16,0.16,0.17,12.08,9.09,8.96,10.11,9.22,9.81,11.23,11.52,10.83,10.13,9.32,11.38,10.92,10.84,11.02,787.92,36.67,34.72,6.76,6.01,4.98,5.37,5.5,5.45,3.68,3.28,2.96,3.09,3.12,3.12,-0.03,0.46,0.21,1.8,1.68,0.1,0.1,0.11,0.11,-0.12,0.38,0.25,1.95,2.15
SUPREME INDUSTRIES,BUILDING MATERIAL,PIPES,MID CAP,SUPREMEIND,3525.5,45360.02,75.1,89.75,105.82,119.3,11217.68,12780.89,14416.27,16401.92,485.65,531.68,679.37,592.99,953.98,1147.98,1358.81,1560.86,46.94,39.28,33.32,29.55,1553.21,1811.54,2086.76,2409.68,0.14,0.14,0.14,0.15,13.94,12.8,13.77,13.36,13.5,16.63,15.19,15.47,15.91,15.76,19.51,17.91,12.73,18.7,16.68,36.3,34.05,7.26,6.63,5.19,5.95,5.91,5.92,4.04,3.55,3.15,2.77,3.35,3.15,0.33,0.3,0.22,2.25,2.0,0.09,0.09,0.09,0.1,0.48,0.44,0.09,5.28,3.82,2955.85,9.39,18.84,14.6,30.27,4113.43,3786.79,5119.4,7002.48,168.51,178.63,225.84,204.22,316.26,336.3,625.36,616.9,46.94,32.75,33.32,25.38,494.46,449.82,684.33,1074.19,0.12,0.14,0.13,0.13,13.94,12.8,15.03,13.36,14.79,21.27,19.33,14.78,19.9,19.29,29.4,24.4,13.06,26.88,27.93,415.2,29.54,27.45,4.96,3.11,3.7,2.29,3.06,3.05,2.68,2.02,2.15,1.96,1.89,1.83,0.94,0.61,0.07,5.45,4.47,0.08,0.09,0.09,0.07,0.99,0.75,0.08,9.76,12.8
ASTRAL,BUILDING MATERIAL,PIPES,MID CAP,ASTRAL,1542.1,42412.04,20.81,26.93,33.5,37.24,6568.6,7675.07,8833.67,10272.6,151.06,176.28,228.69,204.22,557.3,726.99,902.95,1051.01,74.1,57.27,46.03,41.41,1061.9,1279.32,1526.63,1741.53,0.16,0.17,0.17,0.17,16.84,15.1,16.29,15.97,16.07,20.47,19.33,14.08,19.9,17.93,29.4,24.4,11.17,26.88,21.41,51.65,48.24,10.21,8.75,6.74,7.55,7.75,7.68,6.46,5.53,4.8,4.13,5.16,4.82,0.5,0.61,-0.33,3.39,1.6,0.08,0.09,0.1,0.1,0.99,0.75,0.01,9.76,6.44,2955.85,9.39,18.84,14.6,30.27,4113.43,3786.79,5119.4,7002.48,168.51,178.63,225.84,204.22,316.26,336.3,625.36,616.9,46.94,32.75,33.32,25.38,494.46,449.82,684.33,1074.19,0.12,0.14,0.13,0.13,13.94,12.8,15.03,13.36,14.79,21.27,19.33,14.78,19.9,19.29,29.4,24.4,13.06,26.88,27.93,415.2,29.54,27.45,4.96,3.11,3.7,2.29,3.06,3.05,2.68,2.02,2.15,1.96,1.89,1.83,0.94,0.61,0.07,5.45,4.47,0.08,0.09,0.09,0.07,0.99,0.75,0.08,9.76,12.8
FINOLEX INDUSTRIES,BUILDING MATERIAL,PIPES,SMALL CAP,FINPIPE,175.58,11014.64,9.39,9.09,10.24,,4113.43,4627.12,5119.4,,,105.46,,110.04,580.34,554.32,625.36,,18.7,19.31,17.15,,494.46,599.61,684.33,,0.12,0.13,0.13,,12.49,10.64,,11.56,,21.27,14.13,,17.64,,-3.18,12.59,,4.41,,18.23,18.23,,1.66,,1.6,1.66,1.63,2.68,2.38,2.15,,2.27,2.27,0.94,0.41,,5.45,,0.14,0.12,0.12,,-2.13,0.24,,-6.95,,2955.85,9.39,18.84,14.6,30.27,4113.43,3786.79,5119.4,7002.48,168.51,178.63,225.84,204.22,316.26,336.3,625.36,616.9,46.94,32.75,33.32,25.38,494.46,449.82,684.33,1074.19,0.12,0.14,0.13,0.13,13.94,12.8,15.03,13.36,14.79,21.27,19.33,14.78,19.9,19.29,29.4,24.4,13.06,26.88,27.93,415.2,29.54,27.45,4.96,3.11,3.7,2.29,3.06,3.05,2.68,2.02,2.15,1.96,1.89,1.83,0.94,0.61,0.07,5.45,4.47,0.08,0.09,0.09,0.07,0.99,0.75,0.08,9.76,12.8
PRINCE PIPES AND FITTINGS,BUILDING MATERIAL,PIPES,SMALL CAP,PRINCEPIPE,281.95,2955.85,6.81,10.75,14.6,16.55,2598.33,2946.47,3309.04,3732.35,148.74,180.98,181.7,196.87,75.23,118.28,159.69,182.8,41.4,26.23,19.32,17.04,231.6,300.02,363.42,406.85,0.09,0.1,0.11,0.11,13.4,12.31,12.79,12.85,12.83,29.54,21.13,11.95,25.27,20.66,57.86,35.78,13.39,46.4,34.45,22.77,20.86,1.9,1.56,1.55,1.43,1.55,1.51,1.14,1.0,0.89,0.79,0.95,0.9,1.27,0.8,-0.08,11.0,6.94,0.03,0.04,0.05,0.05,1.12,0.81,0.07,29.1,19.15,2955.85,9.39,18.84,14.6,30.27,4113.43,3786.79,5119.4,7002.48,168.51,178.63,225.84,204.22,316.26,336.3,625.36,616.9,46.94,32.75,33.32,25.38,494.46,449.82,684.33,1074.19,0.12,0.14,0.13,0.13,13.94,12.8,15.03,13.36,14.79,21.27,19.33,14.78,19.9,19.29,29.4,24.4,13.06,26.88,27.93,415.2,29.54,27.45,4.96,3.11,3.7,2.29,3.06,3.05,2.68,2.02,2.15,1.96,1.89,1.83,0.94,0.61,0.07,5.45,4.47,0.08,0.09,0.09,0.07,0.99,0.75,0.08,9.76,12.8
JAIN IRRIGATION SYSTEMS,BUILDING MATERIAL,PIPES,SMALL CAP,JISLJALEQS,34.87,2152.65,,,,,,,,,,,,,,,,,,,,,,,,,,,,,,,,,,,,,,,,,,,,,,,,,,,,,,,,,,,,,,,,,,,,,,,,2955.85,9.39,18.84,14.6,30.27,4113.43,3786.79,5119.4,7002.48,168.51,178.63,225.84,204.22,316.26,336.3,625.36,616.9,46.94,32.75,33.32,25.38,494.46,449.82,684.33,1074.19,0.12,0.14,0.13,0.13,13.94,12.8,15.03,13.36,14.79,21.27,19.33,14.78,19.9,19.29,29.4,24.4,13.06,26.88,27.93,415.2,29.54,27.45,4.96,3.11,3.7,2.29,3.06,3.05,2.68,2.02,2.15,1.96,1.89,1.83,0.94,0.61,0.07,5.45,4.47,0.08,0.09,0.09,0.07,0.99,0.75,0.08,9.76,12.8
APOLLO PIPES,BUILDING MATERIAL,PIPES,SMALL CAP,APOLLOPIPE,494.25,2270.63,1.06,7.29,12.49,23.3,1104.92,1367.34,1639.71,1962.6,185.96,204.88,223.0,215.88,7.49,32.44,55.63,102.8,466.27,67.84,39.58,21.21,66.49,107.74,145.73,194.2,0.06,0.08,0.09,0.1,23.75,19.92,19.69,21.82,21.11,62.04,35.26,33.26,48.04,42.94,587.36,71.37,86.61,243.21,180.12,53.71,42.88,2.66,2.41,2.22,2.29,2.31,2.31,2.06,1.66,1.38,1.16,1.52,1.4,1.86,1.01,1.01,21.53,18.03,0.01,0.02,0.03,0.05,1.7,1.02,1.85,123.77,97.73,2955.85,9.39,18.84,14.6,30.27,4113.43,3786.79,5119.4,7002.48,168.51,178.63,225.84,204.22,316.26,336.3,625.36,616.9,46.94,32.75,33.32,25.38,494.46,449.82,684.33,1074.19,0.12,0.14,0.13,0.13,13.94,12.8,15.03,13.36,14.79,21.27,19.33,14.78,19.9,19.29,29.4,24.4,13.06,26.88,27.93,415.2,29.54,27.45,4.96,3.11,3.7,2.29,3.06,3.05,2.68,2.02,2.15,1.96,1.89,1.83,0.94,0.61,0.07,5.45,4.47,0.08,0.09,0.09,0.07,0.99,0.75,0.08,9.76,12.8
HARIOM PIPE INDUSTRIES,BUILDING MATERIAL,PIPES,SMALL CAP,HARIOMPIPE,415.2,1312.55,,45.5,,,,1175.0,,,,109.3,,,46.21,116.0,,,,9.13,,,,186.0,,,,0.16,,,,,,,,,,,,,,,,,,9.13,9.13,,3.8,,,3.8,3.8,,1.12,,,1.12,1.12,,,,,,,0.1,,,,,,,,2955.85,9.39,18.84,14.6,30.27,4113.43,3786.79,5119.4,7002.48,168.51,178.63,225.84,204.22,316.26,336.3,625.36,616.9,46.94,32.75,33.32,25.38,494.46,449.82,684.33,1074.19,0.12,0.14,0.13,0.13,13.94,12.8,15.03,13.36,14.79,21.27,19.33,14.78,19.9,19.29,29.4,24.4,13.06,26.88,27.93,415.2,29.54,27.45,4.96,3.11,3.7,2.29,3.06,3.05,2.68,2.02,2.15,1.96,1.89,1.83,0.94,0.61,0.07,5.45,4.47,0.08,0.09,0.09,0.07,0.99,0.75,0.08,9.76,12.8
CENTURY PLYBOARDS INDIA,BUILDING MATERIAL,PLYWOOD AND LAMINATES,SMALL CAP,CENTURYPLY,758.5,17129.01,11.47,20.21,26.4,30.1,5397.18,6216.95,7101.16,7896.4,117.28,135.91,175.9,159.72,255.01,449.56,587.6,669.95,66.13,37.54,28.73,25.2,650.4,858.12,1077.62,1140.0,0.12,0.14,0.15,0.14,15.19,14.22,11.2,14.7,13.52,31.94,25.58,5.79,28.72,20.57,76.17,30.65,14.02,51.71,37.93,33.13,30.49,6.47,5.58,4.31,4.75,4.95,4.88,3.17,2.76,2.41,2.17,2.58,2.45,1.75,1.37,-0.74,12.22,6.21,0.05,0.07,0.08,0.08,2.51,1.04,0.21,32.34,21.55,4803.42,8.34,12.22,15.5,18.2,2739.04,3075.46,3475.52,3823.0,112.96,112.07,152.47,117.43,104.1,162.27,219.58,227.1,37.71,37.54,25.22,17.52,270.53,332.03,392.18,468.73,0.11,0.12,0.13,0.14,14.55,14.58,11.2,14.56,13.83,22.73,22.88,19.52,26.97,20.57,46.49,30.65,17.42,36.33,33.59,291.67,32.77,27.69,5.46,4.96,3.28,4.27,4.95,4.61,1.96,1.71,1.49,1.31,1.6,1.5,0.92,0.88,0.98,10.83,7.47,0.05,0.05,0.06,0.08,1.15,1.04,0.37,21.04,18.06
GREENLAM INDUSTRIES,BUILDING MATERIAL,PLYWOOD AND LAMINATES,SMALL CAP,GREENLAM,252.25,5973.77,2.44,6.42,9.62,14.4,3054.33,3498.62,4008.57,4545.4,46.22,50.9,,59.02,62.42,162.27,242.77,366.4,103.38,39.31,26.23,17.52,324.92,426.24,523.78,650.1,0.11,0.12,0.13,0.14,14.55,14.58,13.39,14.56,14.17,31.18,22.88,24.12,26.97,26.01,162.99,49.87,49.73,98.53,80.71,32.77,27.69,5.46,4.96,,4.27,4.96,4.61,1.96,1.71,1.49,1.31,1.6,1.5,1.55,0.88,1.24,10.83,10.37,0.02,0.05,0.06,0.08,2.59,1.42,2.0,72.15,58.0,4803.42,8.34,12.22,15.5,18.2,2739.04,3075.46,3475.52,3823.0,112.96,112.07,152.47,117.43,104.1,162.27,219.58,227.1,37.71,37.54,25.22,17.52,270.53,332.03,392.18,468.73,0.11,0.12,0.13,0.14,14.55,14.58,11.2,14.56,13.83,22.73,22.88,19.52,26.97,20.57,46.49,30.65,17.42,36.33,33.59,291.67,32.77,27.69,5.46,4.96,3.28,4.27,4.95,4.61,1.96,1.71,1.49,1.31,1.6,1.5,0.92,0.88,0.98,10.83,7.47,0.05,0.05,0.06,0.08,1.15,1.04,0.37,21.04,18.06
GREENPANEL INDUSTRIES,BUILDING MATERIAL,PLYWOOD AND LAMINATES,SMALL CAP,GREENPANEL,188.86,2445.93,5.88,1.11,8.89,14.02,1435.77,1559.31,1819.65,2117.63,112.96,112.07,129.04,117.43,72.11,12.36,100.53,175.01,32.12,170.14,21.24,13.47,131.21,130.11,237.4,328.89,0.09,0.08,0.13,0.16,8.6,16.7,16.38,12.58,13.83,-0.84,82.46,38.54,34.51,35.84,-81.12,700.99,57.67,22.97,33.59,95.69,68.29,1.67,1.69,1.46,1.61,1.57,1.59,1.7,1.57,1.34,1.16,1.46,1.36,-0.79,4.7,2.48,19.48,19.34,0.05,0.01,0.06,0.08,-4.23,4.73,2.74,4.88,18.06,4803.42,8.34,12.22,15.5,18.2,2739.04,3075.46,3475.52,3823.0,112.96,112.07,152.47,117.43,104.1,162.27,219.58,227.1,37.71,37.54,25.22,17.52,270.53,332.03,392.18,468.73,0.11,0.12,0.13,0.14,14.55,14.58,11.2,14.56,13.83,22.73,22.88,19.52,26.97,20.57,46.49,30.65,17.42,36.33,33.59,291.67,32.77,27.69,5.46,4.96,3.28,4.27,4.95,4.61,1.96,1.71,1.49,1.31,1.6,1.5,0.92,0.88,0.98,10.83,7.47,0.05,0.05,0.06,0.08,1.15,1.04,0.37,21.04,18.06
GREENPLY INDUSTRIES,BUILDING MATERIAL,PLYWOOD AND LAMINATES,SMALL CAP,GREENPLY,291.67,3215.6,8.34,12.22,15.5,18.2,2739.04,3075.46,3475.52,3823.0,71.64,83.9,116.05,98.87,104.1,152.27,193.52,227.1,34.97,23.87,18.82,16.03,270.53,332.03,392.18,468.73,0.1,0.11,0.11,0.12,12.28,13.01,10.0,12.64,11.76,22.73,18.12,19.52,20.4,20.11,46.49,26.87,17.42,36.33,29.71,21.35,19.57,4.07,3.48,2.51,2.95,2.99,2.98,1.17,1.05,0.93,0.84,0.99,0.94,0.92,0.49,0.98,6.89,7.47,0.04,0.05,0.06,0.06,1.15,0.62,0.37,21.04,16.05,4803.42,8.34,12.22,15.5,18.2,2739.04,3075.46,3475.52,3823.0,112.96,112.07,152.47,117.43,104.1,162.27,219.58,227.1,37.71,37.54,25.22,17.52,270.53,332.03,392.18,468.73,0.11,0.12,0.13,0.14,14.55,14.58,11.2,14.56,13.83,22.73,22.88,19.52,26.97,20.57,46.49,30.65,17.42,36.33,33.59,291.67,32.77,27.69,5.46,4.96,3.28,4.27,4.95,4.61,1.96,1.71,1.49,1.31,1.6,1.5,0.92,0.88,0.98,10.83,7.47,0.05,0.05,0.06,0.08,1.15,1.04,0.37,21.04,18.06
STYLAM INDUSTRIES,BUILDING MATERIAL,PLYWOOD AND LAMINATES,SMALL CAP,STYLAMIND,3327.8,4803.42,88.25,106.63,131.95,128.9,1129.29,1391.87,1664.07,1715.3,476.13,565.53,823.0,679.3,149.87,176.12,219.58,218.4,37.71,31.21,25.22,25.82,220.65,269.75,328.68,333.6,0.2,0.19,0.2,0.19,23.25,19.56,3.08,21.39,14.95,22.25,21.85,1.5,22.05,14.77,20.83,23.74,-2.31,22.28,13.46,28.21,27.42,6.99,5.88,4.04,4.9,4.96,4.94,4.25,3.45,2.89,2.8,3.17,3.05,-0.16,0.37,-0.3,0.54,-0.15,0.13,0.13,0.13,0.13,-0.62,0.54,-0.46,-0.29,-1.37,4803.42,8.34,12.22,15.5,18.2,2739.04,3075.46,3475.52,3823.0,112.96,112.07,152.47,117.43,104.1,162.27,219.58,227.1,37.71,37.54,25.22,17.52,270.53,332.03,392.18,468.73,0.11,0.12,0.13,0.14,14.55,14.58,11.2,14.56,13.83,22.73,22.88,19.52,26.97,20.57,46.49,30.65,17.42,36.33,33.59,291.67,32.77,27.69,5.46,4.96,3.28,4.27,4.95,4.61,1.96,1.71,1.49,1.31,1.6,1.5,0.92,0.88,0.98,10.83,7.47,0.05,0.05,0.06,0.08,1.15,1.04,0.37,21.04,18.06
HAVELL'S INDIA,BUILDING MATERIAL,"ELECTRICALS, WIRES & CABLES",LARGE CAP,HAVELLS,1176.3,75370.13,27.66,29.28,34.65,38.81,22527.77,26226.29,29785.16,33812.12,150.74,166.06,212.24,188.16,1735.59,1869.15,2202.49,2425.64,42.53,40.17,33.95,30.31,2199.65,2709.57,3191.96,3625.66,0.1,0.1,0.11,0.11,16.42,13.57,13.52,14.98,14.49,23.18,17.8,13.59,20.46,18.13,5.86,18.32,12.03,11.92,11.95,37.06,34.81,7.8,7.08,5.54,6.25,6.31,6.29,3.35,2.87,2.53,2.23,2.7,2.54,0.57,0.39,0.01,4.76,3.17,0.08,0.07,0.07,0.07,-0.58,0.27,-0.22,-2.03,-2.35,22365.48,40.4,48.23,57.14,68.89,10735.06,12985.81,15322.96,18179.1,462.39,302.8,409.59,348.55,731.42,852.93,1014.66,1238.52,54.17,41.19,34.34,28.98,1006.43,1251.91,1526.79,1864.93,0.1,0.1,0.1,0.11,17.83,16.02,14.92,16.92,16.53,23.7,20.34,17.96,21.69,20.1,17.63,19.62,14.56,18.22,18.11,1176.3,37.77,34.84,9.14,7.05,5.4,6.16,6.23,6.2,3.23,2.77,2.42,2.14,2.6,2.44,0.32,0.34,0.13,3.71,2.82,0.08,0.07,0.07,0.07,-0.07,0.14,0.0,-0.71,-0.68
POLYCAB INDIA,BUILDING MATERIAL,"ELECTRICALS, WIRES & CABLES",LARGE CAP,POLYCAB,10083.0,144738.0,176.95,210.19,246.2,284.7,28883.79,34824.35,40687.11,47328.09,797.63,951.97,1350.96,1149.45,2672.03,3171.62,3708.41,4240.71,56.98,47.97,40.96,35.42,4005.73,4735.58,5526.95,6428.4,0.14,0.14,0.14,0.14,20.57,16.84,16.32,18.69,17.89,18.22,16.71,16.31,17.46,17.08,18.78,17.13,15.64,17.95,17.18,44.46,41.45,12.64,10.59,7.46,8.77,9.03,8.94,5.01,4.16,3.56,3.06,3.86,3.59,-0.27,-0.01,-0.0,-1.03,-0.69,0.09,0.09,0.09,0.09,-0.14,0.01,-0.15,-0.74,-1.06,22365.48,40.4,48.23,57.14,68.89,10735.06,12985.81,15322.96,18179.1,462.39,302.8,409.59,348.55,731.42,852.93,1014.66,1238.52,54.17,41.19,34.34,28.98,1006.43,1251.91,1526.79,1864.93,0.1,0.1,0.1,0.11,17.83,16.02,14.92,16.92,16.53,23.7,20.34,17.96,21.69,20.1,17.63,19.62,14.56,18.22,18.11,1176.3,37.77,34.84,9.14,7.05,5.4,6.16,6.23,6.2,3.23,2.77,2.42,2.14,2.6,2.44,0.32,0.34,0.13,3.71,2.82,0.08,0.07,0.07,0.07,-0.07,0.14,0.0,-0.71,-0.68
KEI INDUSTRIES,BUILDING MATERIAL,"ELECTRICALS, WIRES & CABLES",MID CAP,KEI,5631.0,50720.89,96.02,111.5,134.82,161.94,11747.76,14429.51,17200.24,20390.74,697.17,802.06,1070.75,929.43,918.43,1068.91,1286.54,1516.04,58.64,50.5,41.77,34.77,1229.04,1526.81,1869.16,2235.57,0.1,0.11,0.11,0.11,22.83,19.2,18.55,21.0,20.18,24.23,22.42,19.6,23.32,22.07,16.12,20.91,20.12,18.49,19.03,46.14,42.35,8.08,7.02,5.26,6.06,6.14,6.11,4.32,3.52,2.95,2.49,3.23,2.98,0.12,0.29,0.1,1.92,1.57,0.08,0.07,0.07,0.07,-0.41,0.07,-0.04,-2.19,-1.66,22365.48,40.4,48.23,57.14,68.89,10735.06,12985.81,15322.96,18179.1,462.39,302.8,409.59,348.55,731.42,852.93,1014.66,1238.52,54.17,41.19,34.34,28.98,1006.43,1251.91,1526.79,1864.93,0.1,0.1,0.1,0.11,17.83,16.02,14.92,16.92,16.53,23.7,20.34,17.96,21.69,20.1,17.63,19.62,14.56,18.22,18.11,1176.3,37.77,34.84,9.14,7.05,5.4,6.16,6.23,6.2,3.23,2.77,2.42,2.14,2.6,2.44,0.32,0.34,0.13,3.71,2.82,0.08,0.07,0.07,0.07,-0.07,0.14,0.0,-0.71,-0.68
R R KABEL,BUILDING MATERIAL,"ELECTRICALS, WIRES & CABLES",SMALL CAP,RRKABEL,2321.1,22365.48,45.2,54.98,66.83,83.94,9722.36,11542.12,13445.68,15967.46,227.62,271.67,404.34,325.99,511.23,613.43,742.79,961.0,51.35,42.21,34.73,27.65,783.82,977.02,1184.41,1494.28,0.08,0.08,0.09,0.09,18.72,16.49,18.76,17.6,17.98,24.65,21.23,26.16,22.93,24.0,21.65,21.54,25.61,21.59,22.92,38.47,34.87,10.2,8.54,5.74,7.12,7.14,7.13,2.3,1.94,1.66,1.4,1.8,1.67,0.4,0.34,0.55,4.53,5.1,0.05,0.05,0.06,0.06,0.06,0.21,0.49,2.5,4.6,22365.48,40.4,48.23,57.14,68.89,10735.06,12985.81,15322.96,18179.1,462.39,302.8,409.59,348.55,731.42,852.93,1014.66,1238.52,54.17,41.19,34.34,28.98,1006.43,1251.91,1526.79,1864.93,0.1,0.1,0.1,0.11,17.83,16.02,14.92,16.92,16.53,23.7,20.34,17.96,21.69,20.1,17.63,19.62,14.56,18.22,18.11,1176.3,37.77,34.84,9.14,7.05,5.4,6.16,6.23,6.2,3.23,2.77,2.42,2.14,2.6,2.44,0.32,0.34,0.13,3.71,2.82,0.08,0.07,0.07,0.07,-0.07,0.14,0.0,-0.71,-0.68
FINOLEX CABLES,BUILDING MATERIAL,"ELECTRICALS, WIRES & CABLES",SMALL CAP,FINCABLES,1164.3,16611.5,35.6,41.47,47.45,53.85,5318.89,6220.5,7187.38,8125.1,,333.93,414.83,371.1,544.4,636.95,725.65,824.0,32.71,28.08,24.54,21.62,514.17,615.8,735.6,845.0,0.1,0.1,0.1,0.1,16.95,15.54,13.05,16.25,15.17,19.77,19.45,14.87,19.61,18.01,16.48,14.43,13.49,15.45,14.79,26.31,24.75,,3.49,2.81,3.14,3.15,3.14,3.12,2.67,2.31,2.04,2.49,2.34,0.23,0.34,0.17,2.89,2.47,0.1,0.1,0.1,0.1,0.0,-0.14,0.05,-0.68,-0.31,22365.48,40.4,48.23,57.14,68.89,10735.06,12985.81,15322.96,18179.1,462.39,302.8,409.59,348.55,731.42,852.93,1014.66,1238.52,54.17,41.19,34.34,28.98,1006.43,1251.91,1526.79,1864.93,0.1,0.1,0.1,0.11,17.83,16.02,14.92,16.92,16.53,23.7,20.34,17.96,21.69,20.1,17.63,19.62,14.56,18.22,18.11,1176.3,37.77,34.84,9.14,7.05,5.4,6.16,6.23,6.2,3.23,2.77,2.42,2.14,2.6,2.44,0.32,0.34,0.13,3.71,2.82,0.08,0.07,0.07,0.07,-0.07,0.14,0.0,-0.71,-0.68
BAJAJ ELECTRICALS,BUILDING MATERIAL,"ELECTRICALS, WIRES & CABLES",SMALL CAP,BAJAJELEC,325.65,3873.16,1.2,11.54,16.79,16.88,4462.16,4921.72,5432.41,5918.9,,142.68,163.9,152.72,13.89,134.15,194.48,331.0,271.38,28.22,19.4,19.29,151.31,323.73,407.02,537.8,0.03,0.07,0.07,0.09,10.3,10.38,8.96,10.34,9.87,113.95,25.73,32.13,64.01,52.61,861.67,45.49,0.54,274.05,141.4,23.81,22.3,,2.28,1.99,2.13,2.13,2.13,0.87,0.79,0.71,0.65,0.75,0.72,3.19,0.91,1.59,48.65,38.89,0.0,0.03,0.04,0.06,2.41,0.85,2.01,239.13,161.9,22365.48,40.4,48.23,57.14,68.89,10735.06,12985.81,15322.96,18179.1,462.39,302.8,409.59,348.55,731.42,852.93,1014.66,1238.52,54.17,41.19,34.34,28.98,1006.43,1251.91,1526.79,1864.93,0.1,0.1,0.1,0.11,17.83,16.02,14.92,16.92,16.53,23.7,20.34,17.96,21.69,20.1,17.63,19.62,14.56,18.22,18.11,1176.3,37.77,34.84,9.14,7.05,5.4,6.16,6.23,6.2,3.23,2.77,2.42,2.14,2.6,2.44,0.32,0.34,0.13,3.71,2.82,0.08,0.07,0.07,0.07,-0.07,0.14,0.0,-0.71,-0.68
IKIO LIGHTING,BUILDING MATERIAL,"ELECTRICALS, WIRES & CABLES",SMALL CAP,IKIO,162.17,1191.05,,,,,,,,,,,,,,,,,,,,,,,,,,,,,,,,,,,,,,,,,,,,,,,,,,,,,,,,,,,,,,,,,,,,,,,,22365.48,40.4,48.23,57.14,68.89,10735.06,12985.81,15322.96,18179.1,462.39,302.8,409.59,348.55,731.42,852.93,1014.66,1238.52,54.17,41.19,34.34,28.98,1006.43,1251.91,1526.79,1864.93,0.1,0.1,0.1,0.11,17.83,16.02,14.92,16.92,16.53,23.7,20.34,17.96,21.69,20.1,17.63,19.62,14.56,18.22,18.11,1176.3,37.77,34.84,9.14,7.05,5.4,6.16,6.23,6.2,3.23,2.77,2.42,2.14,2.6,2.44,0.32,0.34,0.13,3.71,2.82,0.08,0.07,0.07,0.07,-0.07,0.14,0.0,-0.71,-0.68
CERA SANITARYWARE,BUILDING MATERIAL,SANITARYWARE,SMALL CAP,CERA,6448.0,7404.42,164.34,201.04,233.54,272.75,2050.12,2335.89,2607.72,2547.85,1141.97,1245.93,1558.2,1387.0,211.99,261.94,304.45,351.75,39.24,32.07,27.61,23.64,269.19,335.14,391.3,466.95,0.13,0.14,0.15,0.18,13.94,11.64,-2.3,12.78,7.51,24.5,16.76,19.33,20.57,20.15,22.33,16.17,16.79,19.21,18.4,29.84,27.77,5.65,5.18,4.14,4.65,4.66,4.65,3.61,3.17,2.84,2.91,3.0,2.97,1.22,0.66,3.32,6.9,11.76,0.1,0.11,0.12,0.14,0.87,0.46,2.13,6.26,10.11,7404.42,164.34,201.04,233.54,272.75,2050.12,2335.89,2607.72,2547.85,1141.97,1245.93,1558.2,1387.0,211.99,261.94,304.45,351.75,39.24,32.07,27.61,23.64,269.19,335.14,391.3,466.95,0.13,0.14,0.15,0.18,13.94,11.64,-2.3,12.78,7.51,24.5,16.76,19.33,20.57,20.15,22.33,16.17,16.79,19.21,18.4,6448.0,29.84,27.77,5.65,5.18,4.14,4.65,4.66,4.65,3.61,3.17,2.84,2.91,3.0,2.97,1.22,0.66,3.32,6.9,11.76,0.1,0.11,0.12,0.14,0.87,0.46,2.13,6.26,10.11
KAJARIA CERAMICS,BUILDING MATERIAL,TILES,SMALL CAP,KAJARIACER,1170.4,16976.83,33.2,37.1,41.35,46.43,4830.36,5323.42,5824.18,6586.24,192.54,212.65,267.43,235.99,529.43,581.7,649.23,722.8,35.25,31.55,28.31,25.21,864.98,936.43,1027.93,1138.78,0.18,0.18,0.18,0.17,10.21,9.41,13.08,9.81,10.89,8.26,9.77,10.78,9.01,9.6,11.75,11.44,12.29,11.6,11.83,29.93,28.35,6.08,5.5,4.38,4.96,4.94,4.95,3.51,3.19,2.91,2.58,3.05,2.89,-0.32,0.06,-0.36,-0.72,-1.16,0.11,0.11,0.11,0.11,-0.03,0.22,-0.17,0.85,0.04,9530.76,26.48,31.83,36.89,41.7,3810.1,4192.97,4556.47,5088.76,198.97,220.09,278.79,244.66,305.31,344.08,390.03,437.22,30.69,25.49,22.11,19.59,561.37,613.8,677.33,747.14,0.14,0.14,0.14,0.14,9.99,8.4,11.14,9.19,9.84,10.61,10.99,9.79,10.8,10.46,23.09,16.77,13.13,19.86,17.52,843.4,23.8,22.4,4.3,3.89,3.08,3.5,3.48,3.49,2.13,1.93,1.77,1.58,1.85,1.76,-0.02,0.24,-0.2,1.49,0.58,0.07,0.07,0.08,0.08,0.27,0.36,0.04,8.88,6.62
SOMANY CERAMICS,BUILDING MATERIAL,TILES,SMALL CAP,SOMANYCERA,516.4,2084.68,19.76,26.56,32.43,36.97,2789.84,3062.52,3288.76,3591.27,205.39,227.52,290.15,253.32,81.19,106.46,130.84,151.63,26.13,19.44,15.92,13.97,257.75,291.16,326.73,355.5,0.09,0.1,0.1,0.1,9.77,7.39,9.2,8.57,8.78,12.96,12.22,8.81,12.59,11.31,34.42,22.1,13.98,28.12,23.22,17.68,16.44,2.51,2.27,1.78,2.04,2.02,2.03,0.75,0.68,0.63,0.58,0.66,0.63,0.27,0.43,-0.04,3.7,2.33,0.03,0.03,0.04,0.04,0.57,0.5,0.24,16.92,13.21,9530.76,26.48,31.83,36.89,41.7,3810.1,4192.97,4556.47,5088.76,198.97,220.09,278.79,244.66,305.31,344.08,390.03,437.22,30.69,25.49,22.11,19.59,561.37,613.8,677.33,747.14,0.14,0.14,0.14,0.14,9.99,8.4,11.14,9.19,9.84,10.61,10.99,9.79,10.8,10.46,23.09,16.77,13.13,19.86,17.52,843.4,23.8,22.4,4.3,3.89,3.08,3.5,3.48,3.49,2.13,1.93,1.77,1.58,1.85,1.76,-0.02,0.24,-0.2,1.49,0.58,0.07,0.07,0.08,0.08,0.27,0.36,0.04,8.88,6.62
JSW STEEL,METALS,FERROUS,LARGE CAP,JSWSTEEL,1287.7,321890.9,35.57,59.36,72.37,82.48,185470.0,199500.4,217371.7,233288.8,409.91,464.29,639.88,531.35,8698.0,14753.43,17680.44,20340.37,36.2,21.69,17.79,15.61,29821.0,36694.82,41767.93,45197.82,0.16,0.18,0.19,0.19,7.56,8.96,7.32,8.26,7.95,23.05,13.83,8.21,18.35,14.87,66.88,21.92,13.97,42.64,32.36,19.74,18.37,3.14,2.77,2.01,2.42,2.39,2.4,1.74,1.61,1.48,1.38,1.55,1.49,2.31,0.82,0.16,9.32,6.41,0.05,0.07,0.08,0.09,2.71,0.74,0.59,31.7,22.96,17258.83,24.22,49.39,63.67,66.5,82017.55,68863.81,80550.18,112430.04,248.21,464.29,597.54,531.35,4080.23,5972.45,5921.56,9400.14,23.27,16.35,12.0,11.54,11994.52,14605.91,16535.03,19046.17,0.13,0.18,0.19,0.18,17.51,16.97,9.3,15.42,7.95,29.84,19.29,7.93,18.35,14.47,62.16,21.92,11.03,35.99,22.82,621.55,14.18,12.91,2.77,2.15,1.71,1.9,1.92,1.91,1.6,1.61,1.48,1.16,1.55,1.49,2.31,0.52,0.11,9.27,6.14,0.05,0.07,0.08,0.08,2.08,0.18,0.44,18.12,16.13
TATA STEEL,METALS,FERROUS,LARGE CAP,TATASTEEL,198.96,262740.9,9.48,14.93,16.88,17.57,232139.9,260067.5,270860.6,278423.9,81.92,92.49,118.27,104.69,11826.33,18374.56,20786.56,22214.66,20.99,13.33,11.78,11.33,34352.44,44601.94,47854.55,48886.69,0.15,0.17,0.18,0.18,12.03,4.15,2.79,8.02,6.25,29.84,7.29,2.16,18.03,12.48,57.45,13.12,4.03,33.45,22.82,12.56,12.15,2.43,2.15,1.68,1.9,1.92,1.91,1.13,1.01,0.97,0.94,0.99,0.97,2.35,0.52,-0.11,9.27,5.87,0.05,0.07,0.08,0.08,1.97,0.61,0.3,22.73,16.13,17258.83,24.22,49.39,63.67,66.5,82017.55,68863.81,80550.18,112430.04,248.21,464.29,597.54,531.35,4080.23,5972.45,5921.56,9400.14,23.27,16.35,12.0,11.54,11994.52,14605.91,16535.03,19046.17,0.13,0.18,0.19,0.18,17.51,16.97,9.3,15.42,7.95,29.84,19.29,7.93,18.35,14.47,62.16,21.92,11.03,35.99,22.82,621.55,14.18,12.91,2.77,2.15,1.71,1.9,1.92,1.91,1.6,1.61,1.48,1.16,1.55,1.49,2.31,0.52,0.11,9.27,6.14,0.05,0.07,0.08,0.08,2.08,0.18,0.44,18.12,16.13
JINDAL STEEL & POWER,METALS,FERROUS,MID CAP,JINDALSTEL,1137.7,124428.6,41.69,69.58,94.8,109.54,53224.9,68863.81,80550.18,89631.78,500.24,563.01,774.4,655.16,4258.76,7017.86,9663.44,11699.21,27.29,16.35,12.0,10.39,,14605.91,18194.74,20292.41,,0.21,0.23,0.23,29.38,16.97,11.27,23.02,18.97,,24.57,11.53,,,66.9,36.25,15.54,50.8,37.99,14.18,12.91,2.27,2.02,1.47,1.74,1.74,1.74,2.34,1.81,1.54,1.39,1.68,1.58,,1.38,0.05,,,0.08,0.1,0.12,0.13,2.19,1.81,1.06,22.45,17.72,17258.83,24.22,49.39,63.67,66.5,82017.55,68863.81,80550.18,112430.04,248.21,464.29,597.54,531.35,4080.23,5972.45,5921.56,9400.14,23.27,16.35,12.0,11.54,11994.52,14605.91,16535.03,19046.17,0.13,0.18,0.19,0.18,17.51,16.97,9.3,15.42,7.95,29.84,19.29,7.93,18.35,14.47,62.16,21.92,11.03,35.99,22.82,621.55,14.18,12.91,2.77,2.15,1.71,1.9,1.92,1.91,1.6,1.61,1.48,1.16,1.55,1.49,2.31,0.52,0.11,9.27,6.14,0.05,0.07,0.08,0.08,2.08,0.18,0.44,18.12,16.13
STEEL AUTHORITY OF INDIA,METALS,FERROUS,MID CAP,SAIL,180.05,84196.59,9.45,13.86,14.16,15.31,110810.2,125165.5,129897.3,135228.3,,154.91,179.66,167.49,3901.7,5972.45,5921.56,7101.08,19.05,12.99,12.71,11.76,11994.52,16079.23,16535.03,17799.93,0.11,0.13,0.13,0.13,12.95,3.78,4.1,8.27,6.86,34.05,2.83,7.65,17.41,14.06,46.72,2.16,8.1,22.43,17.45,12.85,12.49,,1.16,1.0,1.07,1.08,1.08,0.76,0.67,0.65,0.62,0.66,0.65,2.02,-0.12,0.43,8.44,6.74,0.04,0.05,0.05,0.05,1.25,-0.21,0.69,13.78,14.25,17258.83,24.22,49.39,63.67,66.5,82017.55,68863.81,80550.18,112430.04,248.21,464.29,597.54,531.35,4080.23,5972.45,5921.56,9400.14,23.27,16.35,12.0,11.54,11994.52,14605.91,16535.03,19046.17,0.13,0.18,0.19,0.18,17.51,16.97,9.3,15.42,7.95,29.84,19.29,7.93,18.35,14.47,62.16,21.92,11.03,35.99,22.82,621.55,14.18,12.91,2.77,2.15,1.71,1.9,1.92,1.91,1.6,1.61,1.48,1.16,1.55,1.49,2.31,0.52,0.11,9.27,6.14,0.05,0.07,0.08,0.08,2.08,0.18,0.44,18.12,16.13
SHYAM METALICS AND ENERGY,METALS,FERROUS,SMALL CAP,SHYAMMETL,970.3,27247.0,37.97,49.39,63.67,50.51,18552.21,22646.22,27867.92,31036.0,,476.01,555.21,534.48,1070.24,1347.2,1707.64,1239.7,25.55,19.65,15.24,19.21,2333.14,2963.12,3657.96,3648.05,0.13,0.13,0.13,0.12,22.07,23.06,11.37,22.56,18.71,27.0,23.45,-0.27,25.21,16.07,30.07,28.91,-20.67,29.49,9.98,17.44,18.03,,2.04,1.75,1.82,1.89,1.87,1.47,1.2,0.98,0.88,1.09,1.02,0.51,0.04,-1.37,2.16,-2.23,0.06,0.06,0.06,0.04,0.18,0.18,-2.13,3.06,-11.53,17258.83,24.22,49.39,63.67,66.5,82017.55,68863.81,80550.18,112430.04,248.21,464.29,597.54,531.35,4080.23,5972.45,5921.56,9400.14,23.27,16.35,12.0,11.54,11994.52,14605.91,16535.03,19046.17,0.13,0.18,0.19,0.18,17.51,16.97,9.3,15.42,7.95,29.84,19.29,7.93,18.35,14.47,62.16,21.92,11.03,35.99,22.82,621.55,14.18,12.91,2.77,2.15,1.71,1.9,1.92,1.91,1.6,1.61,1.48,1.16,1.55,1.49,2.31,0.52,0.11,9.27,6.14,0.05,0.07,0.08,0.08,2.08,0.18,0.44,18.12,16.13
JAI BALAJI INDUSTRIES,METALS,FERROUS,SMALL CAP,JAIBALAJI,,6713.25,,,,,,,,,,,,,,,,,,,,,,,,,,,,,,,,,,,,,,,,,,,,,,,,,,,,,,,,,,,,,,,,,,,,,,,,17258.83,24.22,49.39,63.67,66.5,82017.55,68863.81,80550.18,112430.04,248.21,464.29,597.54,531.35,4080.23,5972.45,5921.56,9400.14,23.27,16.35,12.0,11.54,11994.52,14605.91,16535.03,19046.17,0.13,0.18,0.19,0.18,17.51,16.97,9.3,15.42,7.95,29.84,19.29,7.93,18.35,14.47,62.16,21.92,11.03,35.99,22.82,621.55,14.18,12.91,2.77,2.15,1.71,1.9,1.92,1.91,1.6,1.61,1.48,1.16,1.55,1.49,2.31,0.52,0.11,9.27,6.14,0.05,0.07,0.08,0.08,2.08,0.18,0.44,18.12,16.13
NMDC STEEL,METALS,FERROUS,SMALL CAP,NSLNISP,46.88,13249.27,,,,,,,,,,,,,,,,,,,,,,,,,,,,,,,,,,,,,,,,,,,,,,,,,,,,,,,,,,,,,,,,,,,,,,,,17258.83,24.22,49.39,63.67,66.5,82017.55,68863.81,80550.18,112430.04,248.21,464.29,597.54,531.35,4080.23,5972.45,5921.56,9400.14,23.27,16.35,12.0,11.54,11994.52,14605.91,16535.03,19046.17,0.13,0.18,0.19,0.18,17.51,16.97,9.3,15.42,7.95,29.84,19.29,7.93,18.35,14.47,62.16,21.92,11.03,35.99,22.82,621.55,14.18,12.91,2.77,2.15,1.71,1.9,1.92,1.91,1.6,1.61,1.48,1.16,1.55,1.49,2.31,0.52,0.11,9.27,6.14,0.05,0.07,0.08,0.08,2.08,0.18,0.44,18.12,16.13
GODAWARI POWER AND ISPAT,METALS,FERROUS,SMALL CAP,GPIL,269.1,19199.59,12.87,21.5,24.7,,5380.65,7391.9,9377.5,,86.51,117.0,,140.0,819.04,1363.4,1565.5,,20.91,12.52,10.89,,286.43,1995.8,2380.8,,0.05,0.27,0.25,,37.38,26.86,,32.02,,596.78,19.29,,188.3,,67.06,14.88,,38.53,,11.71,11.71,3.11,2.3,,1.92,2.3,2.11,3.57,2.6,2.05,,2.32,2.32,21.68,-1.61,,118.39,,0.15,0.18,0.17,,3.22,-1.75,,4.72,,17258.83,24.22,49.39,63.67,66.5,82017.55,68863.81,80550.18,112430.04,248.21,464.29,597.54,531.35,4080.23,5972.45,5921.56,9400.14,23.27,16.35,12.0,11.54,11994.52,14605.91,16535.03,19046.17,0.13,0.18,0.19,0.18,17.51,16.97,9.3,15.42,7.95,29.84,19.29,7.93,18.35,14.47,62.16,21.92,11.03,35.99,22.82,621.55,14.18,12.91,2.77,2.15,1.71,1.9,1.92,1.91,1.6,1.61,1.48,1.16,1.55,1.49,2.31,0.52,0.11,9.27,6.14,0.05,0.07,0.08,0.08,2.08,0.18,0.44,18.12,16.13
SARDA ENERGY & MINERALS,METALS,FERROUS,SMALL CAP,SARDAEN,523.65,18778.39,,,,,,,,,,,,,,,,,,,,,,,,,,,,,,,,,,,,,,,,,,,,,,,,,,,,,,,,,,,,,,,,,,,,,,,,17258.83,24.22,49.39,63.67,66.5,82017.55,68863.81,80550.18,112430.04,248.21,464.29,597.54,531.35,4080.23,5972.45,5921.56,9400.14,23.27,16.35,12.0,11.54,11994.52,14605.91,16535.03,19046.17,0.13,0.18,0.19,0.18,17.51,16.97,9.3,15.42,7.95,29.84,19.29,7.93,18.35,14.47,62.16,21.92,11.03,35.99,22.82,621.55,14.18,12.91,2.77,2.15,1.71,1.9,1.92,1.91,1.6,1.61,1.48,1.16,1.55,1.49,2.31,0.52,0.11,9.27,6.14,0.05,0.07,0.08,0.08,2.08,0.18,0.44,18.12,16.13
NAVA BHARAT VENTURES,METALS,FERROUS,SMALL CAP,NAVA,621.55,17258.83,,,,,,,,,,,,,,,,,,,,,,,,,,,,,,,,,,,,,,,,,,,,,,,,,,,,,,,,,,,,,,,,,,,,,,,,17258.83,24.22,49.39,63.67,66.5,82017.55,68863.81,80550.18,112430.04,248.21,464.29,597.54,531.35,4080.23,5972.45,5921.56,9400.14,23.27,16.35,12.0,11.54,11994.52,14605.91,16535.03,19046.17,0.13,0.18,0.19,0.18,17.51,16.97,9.3,15.42,7.95,29.84,19.29,7.93,18.35,14.47,62.16,21.92,11.03,35.99,22.82,621.55,14.18,12.91,2.77,2.15,1.71,1.9,1.92,1.91,1.6,1.61,1.48,1.16,1.55,1.49,2.31,0.52,0.11,9.27,6.14,0.05,0.07,0.08,0.08,2.08,0.18,0.44,18.12,16.13
GALLANTT ISPAT,METALS,FERROUS,SMALL CAP,GALLANTT,713.35,16642.35,,,,,,,,,,,,,,,,,,,,,,,,,,,,,,,,,,,,,,,,,,,,,,,,,,,,,,,,,,,,,,,,,,,,,,,,17258.83,24.22,49.39,63.67,66.5,82017.55,68863.81,80550.18,112430.04,248.21,464.29,597.54,531.35,4080.23,5972.45,5921.56,9400.14,23.27,16.35,12.0,11.54,11994.52,14605.91,16535.03,19046.17,0.13,0.18,0.19,0.18,17.51,16.97,9.3,15.42,7.95,29.84,19.29,7.93,18.35,14.47,62.16,21.92,11.03,35.99,22.82,621.55,14.18,12.91,2.77,2.15,1.71,1.9,1.92,1.91,1.6,1.61,1.48,1.16,1.55,1.49,2.31,0.52,0.11,9.27,6.14,0.05,0.07,0.08,0.08,2.08,0.18,0.44,18.12,16.13
NAVA LIMITED,METALS,FERROUS,SMALL CAP,NAVA,621.55,17258.83,,,,,,,,,,,,,,,,,,,,,,,,,,,,,,,,,,,,,,,,,,,,,,,,,,,,,,,,,,,,,,,,,,,,,,,,17258.83,24.22,49.39,63.67,66.5,82017.55,68863.81,80550.18,112430.04,248.21,464.29,597.54,531.35,4080.23,5972.45,5921.56,9400.14,23.27,16.35,12.0,11.54,11994.52,14605.91,16535.03,19046.17,0.13,0.18,0.19,0.18,17.51,16.97,9.3,15.42,7.95,29.84,19.29,7.93,18.35,14.47,62.16,21.92,11.03,35.99,22.82,621.55,14.18,12.91,2.77,2.15,1.71,1.9,1.92,1.91,1.6,1.61,1.48,1.16,1.55,1.49,2.31,0.52,0.11,9.27,6.14,0.05,0.07,0.08,0.08,2.08,0.18,0.44,18.12,16.13
MAITHAN ALLOYS,METALS,FERROUS,SMALL CAP,MAITHANALL,1111.2,2721.2,,,,,,,,,,,,,,,,,,,,,,,,,,,,,,,,,,,,,,,,,,,,,,,,,,,,,,,,,,,,,,,,,,,,,,,,17258.83,24.22,49.39,63.67,66.5,82017.55,68863.81,80550.18,112430.04,248.21,464.29,597.54,531.35,4080.23,5972.45,5921.56,9400.14,23.27,16.35,12.0,11.54,11994.52,14605.91,16535.03,19046.17,0.13,0.18,0.19,0.18,17.51,16.97,9.3,15.42,7.95,29.84,19.29,7.93,18.35,14.47,62.16,21.92,11.03,35.99,22.82,621.55,14.18,12.91,2.77,2.15,1.71,1.9,1.92,1.91,1.6,1.61,1.48,1.16,1.55,1.49,2.31,0.52,0.11,9.27,6.14,0.05,0.07,0.08,0.08,2.08,0.18,0.44,18.12,16.13
INDIAN MTLS.& FEALY.,METALS,FERROUS,SMALL CAP,IMFA,1429.1,7960.92,,80.5,119.5,146.5,,2851.0,4376.0,5394.4,,507.3,740.0,611.8,,434.4,644.6,790.3,,17.75,11.96,9.75,,586.3,960.8,1216.8,,0.21,0.22,0.23,,53.49,23.27,,,,63.88,26.64,,,,48.45,22.59,,,14.86,13.16,,2.82,1.93,2.34,2.37,2.36,,2.79,1.82,1.48,2.31,2.03,,1.39,0.6,,,,0.15,0.15,0.15,,-0.51,-0.08,,,17258.83,24.22,49.39,63.67,66.5,82017.55,68863.81,80550.18,112430.04,248.21,464.29,597.54,531.35,4080.23,5972.45,5921.56,9400.14,23.27,16.35,12.0,11.54,11994.52,14605.91,16535.03,19046.17,0.13,0.18,0.19,0.18,17.51,16.97,9.3,15.42,7.95,29.84,19.29,7.93,18.35,14.47,62.16,21.92,11.03,35.99,22.82,621.55,14.18,12.91,2.77,2.15,1.71,1.9,1.92,1.91,1.6,1.61,1.48,1.16,1.55,1.49,2.31,0.52,0.11,9.27,6.14,0.05,0.07,0.08,0.08,2.08,0.18,0.44,18.12,16.13
PRAKASH INDUSTRIES,METALS,FERROUS,SMALL CAP,PRAKASH,145.6,2686.05,,,,,,,,,,,,,,,,,,,,,,,,,,,,,,,,,,,,,,,,,,,,,,,,,,,,,,,,,,,,,,,,,,,,,,,,17258.83,24.22,49.39,63.67,66.5,82017.55,68863.81,80550.18,112430.04,248.21,464.29,597.54,531.35,4080.23,5972.45,5921.56,9400.14,23.27,16.35,12.0,11.54,11994.52,14605.91,16535.03,19046.17,0.13,0.18,0.19,0.18,17.51,16.97,9.3,15.42,7.95,29.84,19.29,7.93,18.35,14.47,62.16,21.92,11.03,35.99,22.82,621.55,14.18,12.91,2.77,2.15,1.71,1.9,1.92,1.91,1.6,1.61,1.48,1.16,1.55,1.49,2.31,0.52,0.11,9.27,6.14,0.05,0.07,0.08,0.08,2.08,0.18,0.44,18.12,16.13
MAN INDUSTRIES (INDIA),METALS,FERROUS,SMALL CAP,MANINDS,587.6,4106.4,,,,,,,,,,,,,,,,,,,,,,,,,,,,,,,,,,,,,,,,,,,,,,,,,,,,,,,,,,,,,,,,,,,,,,,,17258.83,24.22,49.39,63.67,66.5,82017.55,68863.81,80550.18,112430.04,248.21,464.29,597.54,531.35,4080.23,5972.45,5921.56,9400.14,23.27,16.35,12.0,11.54,11994.52,14605.91,16535.03,19046.17,0.13,0.18,0.19,0.18,17.51,16.97,9.3,15.42,7.95,29.84,19.29,7.93,18.35,14.47,62.16,21.92,11.03,35.99,22.82,621.55,14.18,12.91,2.77,2.15,1.71,1.9,1.92,1.91,1.6,1.61,1.48,1.16,1.55,1.49,2.31,0.52,0.11,9.27,6.14,0.05,0.07,0.08,0.08,2.08,0.18,0.44,18.12,16.13
HINDALCO INDUSTRIES,METALS,NON-FERROUS,LARGE CAP,HINDALCO,1010.0,246826.5,91.5,99.06,104.64,122.38,274944.0,319850.7,337146.7,377544.5,610.79,698.18,934.56,792.02,20354.0,21452.82,23235.17,26034.16,11.04,10.2,9.65,8.25,37766.1,43114.24,44292.49,51782.46,0.14,0.13,0.13,0.14,16.33,5.41,11.98,10.74,11.15,14.16,2.73,16.91,8.3,11.09,8.27,5.63,16.95,6.94,10.18,9.92,9.37,1.65,1.45,1.08,1.28,1.26,1.27,0.9,0.77,0.73,0.65,0.75,0.72,-0.26,-0.34,0.58,-2.2,-0.05,0.07,0.07,0.07,0.07,-0.7,0.18,0.0,-3.51,-2.34,134676.5,32.68,41.74,43.34,50.91,40844.0,47751.32,49479.79,51599.41,123.1,142.66,157.38,169.0,13807.0,17782.23,18577.86,26034.16,11.87,10.43,9.98,9.08,22064.0,27321.71,28508.08,40876.18,0.45,0.45,0.44,0.36,16.91,6.17,9.79,10.74,11.15,23.83,4.34,6.97,13.67,10.92,27.74,5.63,2.72,15.16,8.2,511.15,10.2,10.11,2.76,2.64,2.18,2.22,2.32,2.29,4.28,3.85,3.61,3.44,3.73,3.63,3.2,-0.34,0.07,2.87,1.2,0.33,0.34,0.32,0.17,1.17,0.08,0.0,-0.46,-4.49
HINDUSTAN ZINC,METALS,NON-FERROUS,LARGE CAP,HINDZINC,563.55,273547.0,32.68,41.74,43.34,45.4,40844.0,47751.32,49479.79,51599.41,53.56,68.04,111.83,88.96,13807.0,17782.23,18577.86,,17.24,13.5,13.0,12.41,22064.0,27321.71,28508.08,29969.9,0.54,0.57,0.58,0.58,16.91,3.62,4.28,10.07,8.1,23.83,4.34,5.13,13.67,10.75,27.74,3.82,4.76,15.16,11.58,13.25,12.97,10.52,8.28,5.04,6.34,6.66,6.55,6.7,5.73,5.53,5.3,5.63,5.52,3.2,0.4,0.47,3.27,2.45,0.34,0.37,0.38,,3.44,0.31,,5.39,,134676.5,32.68,41.74,43.34,50.91,40844.0,47751.32,49479.79,51599.41,123.1,142.66,157.38,169.0,13807.0,17782.23,18577.86,26034.16,11.87,10.43,9.98,9.08,22064.0,27321.71,28508.08,40876.18,0.45,0.45,0.44,0.36,16.91,6.17,9.79,10.74,11.15,23.83,4.34,6.97,13.67,10.92,27.74,5.63,2.72,15.16,8.2,511.15,10.2,10.11,2.76,2.64,2.18,2.22,2.32,2.29,4.28,3.85,3.61,3.44,3.73,3.63,3.2,-0.34,0.07,2.87,1.2,0.33,0.34,0.32,0.17,1.17,0.08,0.0,-0.46,-4.49
VEDANTA,METALS,NON-FERROUS,LARGE CAP,VEDL,300.8,134676.5,49.97,77.55,82.1,56.42,78437.0,199341.7,211638.4,232351.9,127.16,155.71,127.95,193.99,19657.0,32679.94,34871.33,39041.35,6.02,3.88,3.66,5.33,24579.0,74103.59,78126.26,85016.0,0.31,0.37,0.37,0.37,154.14,6.17,9.79,64.26,43.62,201.49,5.43,8.82,78.29,51.23,55.19,5.86,-31.28,28.18,4.13,3.77,4.29,2.37,1.93,2.35,1.55,2.14,1.94,1.72,0.68,0.64,0.58,0.66,0.63,5.84,-0.26,-0.33,8.54,5.3,0.25,0.16,0.16,0.17,-8.67,0.08,0.33,-18.92,-12.48,134676.5,32.68,41.74,43.34,50.91,40844.0,47751.32,49479.79,51599.41,123.1,142.66,157.38,169.0,13807.0,17782.23,18577.86,26034.16,11.87,10.43,9.98,9.08,22064.0,27321.71,28508.08,40876.18,0.45,0.45,0.44,0.36,16.91,6.17,9.79,10.74,11.15,23.83,4.34,6.97,13.67,10.92,27.74,5.63,2.72,15.16,8.2,511.15,10.2,10.11,2.76,2.64,2.18,2.22,2.32,2.29,4.28,3.85,3.61,3.44,3.73,3.63,3.2,-0.34,0.07,2.87,1.2,0.33,0.34,0.32,0.17,1.17,0.08,0.0,-0.46,-4.49
HINDUSTAN COPPER,METALS,NON-FERROUS,SMALL CAP,HINDCOPPER,511.15,53766.53,10.51,17.5,19.9,,3077.92,4689.8,5551.9,6753.8,,46.8,,60.7,1016.42,1690.3,1919.9,,48.63,29.21,25.69,,1462.08,2402.7,2790.6,,0.48,0.51,0.5,,52.37,18.38,21.65,34.3,29.95,64.33,16.14,,38.15,,66.51,13.71,,37.6,,27.45,27.45,,10.92,,8.42,10.92,9.67,17.47,11.46,9.68,7.96,10.57,9.7,3.73,-0.97,,2.87,,0.33,0.36,0.35,,3.02,-1.46,,2.33,,134676.5,32.68,41.74,43.34,50.91,40844.0,47751.32,49479.79,51599.41,123.1,142.66,157.38,169.0,13807.0,17782.23,18577.86,26034.16,11.87,10.43,9.98,9.08,22064.0,27321.71,28508.08,40876.18,0.45,0.45,0.44,0.36,16.91,6.17,9.79,10.74,11.15,23.83,4.34,6.97,13.67,10.92,27.74,5.63,2.72,15.16,8.2,511.15,10.2,10.11,2.76,2.64,2.18,2.22,2.32,2.29,4.28,3.85,3.61,3.44,3.73,3.63,3.2,-0.34,0.07,2.87,1.2,0.33,0.34,0.32,0.17,1.17,0.08,0.0,-0.46,-4.49
NATIONAL ALUMINIUM,METALS,NON-FERROUS,MID CAP,NATIONALUM,376.0,76440.6,31.67,36.04,37.69,37.95,17843.05,19877.91,21176.36,22224.35,119.04,142.66,186.8,169.0,5815.76,6711.06,6838.75,6311.7,11.87,10.43,9.98,9.91,7952.48,8998.18,9367.29,8029.6,0.45,0.45,0.44,0.36,11.4,6.53,4.95,8.94,7.59,13.15,4.1,-14.28,8.53,0.32,13.8,4.58,0.69,9.09,6.22,10.2,10.11,3.16,2.64,2.01,2.22,2.32,2.29,4.28,3.85,3.61,3.44,3.73,3.63,0.7,-1.03,-8.1,-0.38,-6.76,0.33,0.34,0.32,0.28,1.17,-1.47,-3.89,-0.46,-4.49,134676.5,32.68,41.74,43.34,50.91,40844.0,47751.32,49479.79,51599.41,123.1,142.66,157.38,169.0,13807.0,17782.23,18577.86,26034.16,11.87,10.43,9.98,9.08,22064.0,27321.71,28508.08,40876.18,0.45,0.45,0.44,0.36,16.91,6.17,9.79,10.74,11.15,23.83,4.34,6.97,13.67,10.92,27.74,5.63,2.72,15.16,8.2,511.15,10.2,10.11,2.76,2.64,2.18,2.22,2.32,2.29,4.28,3.85,3.61,3.44,3.73,3.63,3.2,-0.34,0.07,2.87,1.2,0.33,0.34,0.32,0.17,1.17,0.08,0.0,-0.46,-4.49
COAL INDIA,METALS,MINING,LARGE CAP,COALINDIA,451.3,282345.3,50.46,54.34,56.4,59.52,168400.3,173437.2,183348.6,195330.0,193.26,216.71,272.16,243.51,31094.29,33598.75,35056.59,35313.83,8.94,8.31,8.0,7.58,41241.99,46192.58,48225.7,51887.43,0.24,0.27,0.26,0.27,2.99,5.71,6.53,4.34,5.07,12.0,4.4,7.59,8.14,7.95,7.69,3.79,5.52,5.72,5.66,8.15,7.96,2.34,2.08,1.66,1.85,1.87,1.86,1.68,1.63,1.54,1.45,1.58,1.54,2.14,-0.33,0.26,3.63,2.75,0.18,0.19,0.19,0.18,0.91,-0.25,-1.04,1.76,-0.7,24133.79,14.72,23.9,28.0,59.52,17112.67,26464.99,29945.65,48396.76,163.2,183.31,272.16,206.67,3680.85,6831.98,7969.72,8379.81,22.36,12.29,10.69,9.49,6140.16,9474.68,10364.49,18766.68,0.28,0.33,0.35,0.34,41.27,10.91,6.55,28.27,10.1,68.1,12.83,7.59,41.88,10.37,56.25,15.06,4.75,37.92,7.8,405.45,11.49,11.49,2.48,2.17,1.73,1.91,1.98,1.92,4.17,2.81,2.66,2.15,2.73,2.67,3.12,1.34,-0.27,6.75,2.62,0.18,0.22,0.23,0.18,1.75,0.63,-1.04,6.54,-1.64
NMDC,METALS,MINING,MID CAP,NMDC,88.42,79715.37,7.44,8.64,8.98,9.32,23905.52,28474.3,29945.65,31906.19,33.78,39.09,51.2,45.02,6541.98,7608.4,7969.72,8309.02,11.88,10.23,9.84,9.49,8148.67,9474.68,10364.49,10956.98,0.34,0.33,0.35,0.34,19.11,5.17,6.55,11.92,10.1,16.27,9.39,5.72,12.78,10.37,16.14,3.95,3.75,9.88,7.8,10.04,9.85,2.62,2.26,1.73,1.96,1.99,1.98,3.33,2.8,2.66,2.5,2.73,2.65,-0.81,1.34,-0.27,0.77,0.25,0.27,0.27,0.27,0.26,-0.65,-0.11,-0.57,-1.38,-1.64,24133.79,14.72,23.9,28.0,59.52,17112.67,26464.99,29945.65,48396.76,163.2,183.31,272.16,206.67,3680.85,6831.98,7969.72,8379.81,22.36,12.29,10.69,9.49,6140.16,9474.68,10364.49,18766.68,0.28,0.33,0.35,0.34,41.27,10.91,6.55,28.27,10.1,68.1,12.83,7.59,41.88,10.37,56.25,15.06,4.75,37.92,7.8,405.45,11.49,11.49,2.48,2.17,1.73,1.91,1.98,1.92,4.17,2.81,2.66,2.15,2.73,2.67,3.12,1.34,-0.27,6.75,2.62,0.18,0.22,0.23,0.18,1.75,0.63,-1.04,6.54,-1.64
LLOYDS METALS AND ENERGY,METALS,MINING,MID CAP,LLOYDSME,1766.2,104281.0,66.87,121.5,142.15,148.9,17112.67,26464.99,30228.24,48396.76,246.57,353.46,626.16,484.24,3680.85,6831.98,7993.31,8379.81,26.41,14.54,12.43,11.86,6140.16,10321.79,12359.89,18766.68,0.36,0.39,0.41,0.39,54.65,14.22,60.1,32.91,41.42,68.1,19.75,51.84,41.88,45.12,81.69,17.0,4.75,45.8,30.58,13.48,12.94,7.16,5.0,2.82,3.65,3.91,3.82,6.09,3.94,3.45,2.15,3.7,3.18,3.12,1.89,-2.11,6.75,2.62,0.22,0.26,0.26,0.17,4.31,0.63,-9.13,10.88,-6.98,24133.79,14.72,23.9,28.0,59.52,17112.67,26464.99,29945.65,48396.76,163.2,183.31,272.16,206.67,3680.85,6831.98,7969.72,8379.81,22.36,12.29,10.69,9.49,6140.16,9474.68,10364.49,18766.68,0.28,0.33,0.35,0.34,41.27,10.91,6.55,28.27,10.1,68.1,12.83,7.59,41.88,10.37,56.25,15.06,4.75,37.92,7.8,405.45,11.49,11.49,2.48,2.17,1.73,1.91,1.98,1.92,4.17,2.81,2.66,2.15,2.73,2.67,3.12,1.34,-0.27,6.75,2.62,0.18,0.22,0.23,0.18,1.75,0.63,-1.04,6.54,-1.64
KIOCL,METALS,MINING,SMALL CAP,KIOCL,405.45,24133.79,,,,,,,,,,,,,,,,,,,,,,,,,,,,,,,,,,,,,,,,,,,,,,,,,,,,,,,,,,,,,,,,,,,,,,,,24133.79,14.72,23.9,28.0,59.52,17112.67,26464.99,29945.65,48396.76,163.2,183.31,272.16,206.67,3680.85,6831.98,7969.72,8379.81,22.36,12.29,10.69,9.49,6140.16,9474.68,10364.49,18766.68,0.28,0.33,0.35,0.34,41.27,10.91,6.55,28.27,10.1,68.1,12.83,7.59,41.88,10.37,56.25,15.06,4.75,37.92,7.8,405.45,11.49,11.49,2.48,2.17,1.73,1.91,1.98,1.92,4.17,2.81,2.66,2.15,2.73,2.67,3.12,1.34,-0.27,6.75,2.62,0.18,0.22,0.23,0.18,1.75,0.63,-1.04,6.54,-1.64
GUJARAT MINERAL DEVELOPMENT CORPORATION,METALS,MINING,SMALL CAP,GMDCLTD,612.9,22042.16,14.72,23.0,28.0,,2653.38,3748.5,4457.7,,,,,,468.16,727.1,892.7,,41.64,26.65,21.89,,477.2,901.8,1217.4,,0.18,0.24,0.27,,41.27,18.92,,29.62,,88.98,35.0,,59.72,,56.25,21.74,,37.92,,24.27,24.27,,,,,,,8.31,5.88,4.94,,5.41,5.41,6.07,3.25,,23.23,,0.18,0.19,0.2,,1.75,0.63,,6.54,,24133.79,14.72,23.9,28.0,59.52,17112.67,26464.99,29945.65,48396.76,163.2,183.31,272.16,206.67,3680.85,6831.98,7969.72,8379.81,22.36,12.29,10.69,9.49,6140.16,9474.68,10364.49,18766.68,0.28,0.33,0.35,0.34,41.27,10.91,6.55,28.27,10.1,68.1,12.83,7.59,41.88,10.37,56.25,15.06,4.75,37.92,7.8,405.45,11.49,11.49,2.48,2.17,1.73,1.91,1.98,1.92,4.17,2.81,2.66,2.15,2.73,2.67,3.12,1.34,-0.27,6.75,2.62,0.18,0.22,0.23,0.18,1.75,0.63,-1.04,6.54,-1.64
SANDUR MANGANESE & IRON ORES,METALS,MINING,SMALL CAP,SANDUMA,211.72,11537.21,,,,,,,,,,,,,,,,,,,,,,,,,,,,,,,,,,,,,,,,,,,,,,,,,,,,,,,,,,,,,,,,,,,,,,,,24133.79,14.72,23.9,28.0,59.52,17112.67,26464.99,29945.65,48396.76,163.2,183.31,272.16,206.67,3680.85,6831.98,7969.72,8379.81,22.36,12.29,10.69,9.49,6140.16,9474.68,10364.49,18766.68,0.28,0.33,0.35,0.34,41.27,10.91,6.55,28.27,10.1,68.1,12.83,7.59,41.88,10.37,56.25,15.06,4.75,37.92,7.8,405.45,11.49,11.49,2.48,2.17,1.73,1.91,1.98,1.92,4.17,2.81,2.66,2.15,2.73,2.67,3.12,1.34,-0.27,6.75,2.62,0.18,0.22,0.23,0.18,1.75,0.63,-1.04,6.54,-1.64
MOIL,METALS,MINING,SMALL CAP,MOIL,293.85,6137.11,13.14,23.9,27.5,,1472.84,2185.03,2423.47,,133.14,149.9,,169.83,267.48,486.47,561.2,,22.36,12.29,10.69,,414.61,758.33,855.63,,0.28,0.35,0.35,,48.36,10.91,,28.27,,82.9,12.83,,43.66,,81.89,15.06,,44.67,,11.49,11.49,2.21,1.96,,1.73,1.96,1.85,4.17,2.81,2.53,,2.67,2.67,6.56,0.6,,11.99,,0.18,0.22,0.23,,4.1,0.89,,12.92,,24133.79,14.72,23.9,28.0,59.52,17112.67,26464.99,29945.65,48396.76,163.2,183.31,272.16,206.67,3680.85,6831.98,7969.72,8379.81,22.36,12.29,10.69,9.49,6140.16,9474.68,10364.49,18766.68,0.28,0.33,0.35,0.34,41.27,10.91,6.55,28.27,10.1,68.1,12.83,7.59,41.88,10.37,56.25,15.06,4.75,37.92,7.8,405.45,11.49,11.49,2.48,2.17,1.73,1.91,1.98,1.92,4.17,2.81,2.66,2.15,2.73,2.67,3.12,1.34,-0.27,6.75,2.62,0.18,0.22,0.23,0.18,1.75,0.63,-1.04,6.54,-1.64
JINDAL STAINLESS - HISSAR,METALS,METAL PROCESSOR,MID CAP,JSL,696.7,59962.94,39.4,44.7,54.11,56.28,43306.14,49191.91,55073.66,62351.08,,281.39,386.32,327.64,3251.79,3731.02,4477.97,4392.4,17.68,15.59,12.88,12.38,5577.16,6135.03,7126.7,5690.53,0.13,0.12,0.13,0.09,13.59,11.96,13.21,12.77,12.92,10.0,16.16,-20.15,13.04,0.67,13.45,21.05,4.02,17.19,12.62,14.23,13.61,,2.48,1.8,2.13,2.14,2.14,1.38,1.22,1.09,0.96,1.15,1.09,-0.41,0.47,-3.81,0.24,-10.84,0.08,0.08,0.08,0.07,0.08,0.55,-1.09,4.06,-2.1,8108.08,15.9,20.1,25.53,76.15,4775.24,6135.0,6990.1,9863.93,197.21,233.28,368.89,288.77,378.8,474.03,577.86,771.55,29.94,22.62,17.57,15.55,584.33,664.4,793.94,1120.68,0.13,0.12,0.13,0.1,14.88,14.94,16.07,13.46,14.01,17.81,20.35,17.27,22.54,17.76,20.6,28.71,18.17,22.86,20.67,553.35,20.1,18.09,5.11,3.45,2.74,2.9,2.97,2.95,1.94,1.62,1.31,1.23,1.46,1.35,0.26,0.6,0.08,3.73,1.77,0.08,0.07,0.07,0.07,0.3,0.55,0.14,5.46,4.24
APL APOLLO TUBES,METALS,METAL PROCESSOR,MID CAP,APLAPOLLO,1871.6,52035.96,43.34,52.74,63.67,76.15,23079.0,26513.26,30809.99,35760.58,190.76,233.28,351.45,288.77,1203.08,1465.31,1775.47,2111.57,43.18,35.49,29.39,24.58,1801.82,2122.7,2509.2,2942.48,0.08,0.08,0.08,0.08,14.88,16.21,16.07,15.54,15.72,17.81,18.21,17.27,18.01,17.76,21.69,20.73,19.6,21.21,20.67,32.44,29.82,9.81,8.02,5.33,6.48,6.67,6.61,2.25,1.96,1.69,1.46,1.83,1.7,0.2,0.14,0.08,2.13,1.77,0.05,0.06,0.06,0.06,0.31,0.24,0.14,5.14,4.24,8108.08,15.9,20.1,25.53,76.15,4775.24,6135.0,6990.1,9863.93,197.21,233.28,368.89,288.77,378.8,474.03,577.86,771.55,29.94,22.62,17.57,15.55,584.33,664.4,793.94,1120.68,0.13,0.12,0.13,0.1,14.88,14.94,16.07,13.46,14.01,17.81,20.35,17.27,22.54,17.76,20.6,28.71,18.17,22.86,20.67,553.35,20.1,18.09,5.11,3.45,2.74,2.9,2.97,2.95,1.94,1.62,1.31,1.23,1.46,1.35,0.26,0.6,0.08,3.73,1.77,0.08,0.07,0.07,0.07,0.3,0.55,0.14,5.46,4.24
RATNAMANI METALS & TUBES,METALS,METAL PROCESSOR,SMALL CAP,RATNAMANI,2770.9,18108.97,82.44,87.12,93.15,110.08,4876.14,5067.55,5541.12,6407.25,529.13,605.4,791.55,684.6,578.01,610.67,652.92,771.55,33.61,31.8,29.75,25.17,808.76,886.2,956.0,1120.68,0.17,0.17,0.17,0.17,3.93,9.35,15.63,6.6,9.53,9.57,7.88,17.23,8.72,11.49,5.68,6.92,18.17,6.3,10.12,30.78,28.91,5.24,4.58,3.5,4.05,4.04,4.04,3.71,3.57,3.27,2.83,3.42,3.22,0.9,-0.23,0.24,1.99,1.79,0.12,0.12,0.12,0.12,0.2,-0.27,0.26,-0.3,0.53,8108.08,15.9,20.1,25.53,76.15,4775.24,6135.0,6990.1,9863.93,197.21,233.28,368.89,288.77,378.8,474.03,577.86,771.55,29.94,22.62,17.57,15.55,584.33,664.4,793.94,1120.68,0.13,0.12,0.13,0.1,14.88,14.94,16.07,13.46,14.01,17.81,20.35,17.27,22.54,17.76,20.6,28.71,18.17,22.86,20.67,553.35,20.1,18.09,5.11,3.45,2.74,2.9,2.97,2.95,1.94,1.62,1.31,1.23,1.46,1.35,0.26,0.6,0.08,3.73,1.77,0.08,0.07,0.07,0.07,0.3,0.55,0.14,5.46,4.24
WELSPUN,METALS,METAL PROCESSOR,SMALL CAP,WELCORP,1423.4,34782.55,61.2,67.37,89.22,91.55,16770.14,21461.97,26614.6,30959.4,358.68,412.6,572.6,490.17,1613.05,1907.48,2344.97,2406.25,23.26,21.13,15.95,15.55,2235.64,2771.18,3358.98,2016.6,0.13,0.13,0.13,0.07,27.98,24.01,16.32,25.98,22.67,23.95,21.21,-39.96,22.58,-3.38,10.08,32.43,2.61,20.74,14.37,18.54,17.54,3.97,3.45,2.49,2.9,2.97,2.95,2.07,1.62,1.31,1.12,1.46,1.35,-0.42,-0.29,-6.11,-2.7,-21.24,0.1,0.09,0.09,0.08,-0.73,-0.08,-1.04,-4.29,-6.86,8108.08,15.9,20.1,25.53,76.15,4775.24,6135.0,6990.1,9863.93,197.21,233.28,368.89,288.77,378.8,474.03,577.86,771.55,29.94,22.62,17.57,15.55,584.33,664.4,793.94,1120.68,0.13,0.12,0.13,0.1,14.88,14.94,16.07,13.46,14.01,17.81,20.35,17.27,22.54,17.76,20.6,28.71,18.17,22.86,20.67,553.35,20.1,18.09,5.11,3.45,2.74,2.9,2.97,2.95,1.94,1.62,1.31,1.23,1.46,1.35,0.26,0.6,0.08,3.73,1.77,0.08,0.07,0.07,0.07,0.3,0.55,0.14,5.46,4.24
JINDAL SAW,METALS,METAL PROCESSOR,SMALL CAP,JINDALSAW,260.88,14593.23,15.23,18.37,25.53,28.8,17895.17,18785.03,21473.8,25663.4,197.21,218.1,327.3,246.43,973.35,1100.87,1581.2,1843.1,17.13,14.2,10.22,9.06,2214.74,2469.2,3325.53,4002.4,0.12,0.13,0.15,0.16,4.97,14.31,19.51,9.54,12.77,11.49,34.68,20.35,22.54,21.81,20.6,39.02,12.8,29.48,23.66,12.21,11.16,1.32,1.2,0.8,1.06,1.0,1.02,0.82,0.78,0.68,0.57,0.73,0.68,0.77,2.34,0.11,11.86,8.01,0.05,0.06,0.07,0.07,0.42,1.5,-0.18,16.35,9.71,8108.08,15.9,20.1,25.53,76.15,4775.24,6135.0,6990.1,9863.93,197.21,233.28,368.89,288.77,378.8,474.03,577.86,771.55,29.94,22.62,17.57,15.55,584.33,664.4,793.94,1120.68,0.13,0.12,0.13,0.1,14.88,14.94,16.07,13.46,14.01,17.81,20.35,17.27,22.54,17.76,20.6,28.71,18.17,22.86,20.67,553.35,20.1,18.09,5.11,3.45,2.74,2.9,2.97,2.95,1.94,1.62,1.31,1.23,1.46,1.35,0.26,0.6,0.08,3.73,1.77,0.08,0.07,0.07,0.07,0.3,0.55,0.14,5.46,4.24
MAHARASHTRA SEAMLESS,METALS,METAL PROCESSOR,SMALL CAP,MAHSEAMLES,630.65,8449.99,,,,,4674.34,,,,,,,,,,,,,,,,681.24,,,,0.15,,,,,,,,,,,,,,,,,,,,,,,,,,,1.81,,,,,,,,,,,,,,,,,,,,8108.08,15.9,20.1,25.53,76.15,4775.24,6135.0,6990.1,9863.93,197.21,233.28,368.89,288.77,378.8,474.03,577.86,771.55,29.94,22.62,17.57,15.55,584.33,664.4,793.94,1120.68,0.13,0.12,0.13,0.1,14.88,14.94,16.07,13.46,14.01,17.81,20.35,17.27,22.54,17.76,20.6,28.71,18.17,22.86,20.67,553.35,20.1,18.09,5.11,3.45,2.74,2.9,2.97,2.95,1.94,1.62,1.31,1.23,1.46,1.35,0.26,0.6,0.08,3.73,1.77,0.08,0.07,0.07,0.07,0.3,0.55,0.14,5.46,4.24
USHA MARTIN,METALS,METAL PROCESSOR,SMALL CAP,USHAMART,476.05,14635.57,15.9,20.1,24.0,,3691.06,4366.3,4711.4,,,,,,482.86,612.6,732.5,,29.94,23.68,19.84,,706.72,902.3,1058.4,,0.19,0.21,0.22,,18.29,7.9,,12.98,,27.67,17.3,,22.38,,26.42,19.4,,22.86,,21.76,21.76,,,,,,,3.97,3.35,3.11,,3.23,3.23,1.52,1.8,,8.32,,0.13,0.14,0.16,,0.95,1.52,,9.02,,8108.08,15.9,20.1,25.53,76.15,4775.24,6135.0,6990.1,9863.93,197.21,233.28,368.89,288.77,378.8,474.03,577.86,771.55,29.94,22.62,17.57,15.55,584.33,664.4,793.94,1120.68,0.13,0.12,0.13,0.1,14.88,14.94,16.07,13.46,14.01,17.81,20.35,17.27,22.54,17.76,20.6,28.71,18.17,22.86,20.67,553.35,20.1,18.09,5.11,3.45,2.74,2.9,2.97,2.95,1.94,1.62,1.31,1.23,1.46,1.35,0.26,0.6,0.08,3.73,1.77,0.08,0.07,0.07,0.07,0.3,0.55,0.14,5.46,4.24
SURYA ROSHNI,METALS,METAL PROCESSOR,SMALL CAP,SURYAROSNI,266.34,5061.66,13.13,18.0,22.0,,7540.42,8741.6,9576.7,,,136.0,,154.0,285.81,387.7,470.6,,20.28,14.8,12.11,,487.42,664.4,785.3,,0.06,0.08,0.08,,15.93,9.55,,12.7,,36.31,18.2,,26.93,,37.09,22.22,,29.44,,13.45,13.45,,1.96,,1.73,1.96,1.84,0.67,0.58,0.53,,0.55,0.55,1.14,0.6,,12.63,,0.04,0.04,0.05,,0.64,0.48,,13.86,,8108.08,15.9,20.1,25.53,76.15,4775.24,6135.0,6990.1,9863.93,197.21,233.28,368.89,288.77,378.8,474.03,577.86,771.55,29.94,22.62,17.57,15.55,584.33,664.4,793.94,1120.68,0.13,0.12,0.13,0.1,14.88,14.94,16.07,13.46,14.01,17.81,20.35,17.27,22.54,17.76,20.6,28.71,18.17,22.86,20.67,553.35,20.1,18.09,5.11,3.45,2.74,2.9,2.97,2.95,1.94,1.62,1.31,1.23,1.46,1.35,0.26,0.6,0.08,3.73,1.77,0.08,0.07,0.07,0.07,0.3,0.55,0.14,5.46,4.24
MISHRA DHATU NIGAM,METALS,METAL PROCESSOR,SMALL CAP,MIDHANI,437.0,7766.18,5.92,7.1,9.3,11.65,1074.1,1192.25,1382.6,1591.75,75.53,80.5,97.2,87.7,110.84,133.55,174.65,218.8,73.82,61.55,46.99,37.51,218.05,247.35,304.15,366.1,0.2,0.21,0.22,0.23,11.0,15.97,15.13,13.46,14.01,13.44,22.96,20.37,18.11,18.85,19.93,30.99,25.27,25.34,25.31,54.27,48.68,5.79,5.43,4.5,4.98,4.96,4.97,7.23,6.51,5.62,4.88,6.07,5.67,0.45,1.25,1.0,4.1,4.25,0.1,0.11,0.13,0.14,0.88,1.43,1.11,10.64,10.03,8108.08,15.9,20.1,25.53,76.15,4775.24,6135.0,6990.1,9863.93,197.21,233.28,368.89,288.77,378.8,474.03,577.86,771.55,29.94,22.62,17.57,15.55,584.33,664.4,793.94,1120.68,0.13,0.12,0.13,0.1,14.88,14.94,16.07,13.46,14.01,17.81,20.35,17.27,22.54,17.76,20.6,28.71,18.17,22.86,20.67,553.35,20.1,18.09,5.11,3.45,2.74,2.9,2.97,2.95,1.94,1.62,1.31,1.23,1.46,1.35,0.26,0.6,0.08,3.73,1.77,0.08,0.07,0.07,0.07,0.3,0.55,0.14,5.46,4.24
GRAVITA INDIA,METALS,METAL PROCESSOR,SMALL CAP,GRAVITA,1721.6,12104.8,52.02,64.62,78.89,94.33,4265.27,6497.09,8117.96,9863.93,336.66,394.1,573.2,468.16,378.8,474.03,577.86,696.0,33.09,26.64,21.82,18.25,434.93,618.71,793.94,970.27,0.1,0.1,0.1,0.1,52.33,24.95,21.51,37.96,32.24,42.26,28.32,22.21,35.11,30.66,24.23,22.08,19.58,23.15,21.95,24.23,22.24,5.11,4.37,3.0,3.68,3.69,3.68,2.84,1.86,1.49,1.23,1.68,1.53,-0.67,0.26,0.06,-2.07,-1.19,0.09,0.07,0.07,0.07,-1.58,-0.18,-0.06,-10.47,-7.38,8108.08,15.9,20.1,25.53,76.15,4775.24,6135.0,6990.1,9863.93,197.21,233.28,368.89,288.77,378.8,474.03,577.86,771.55,29.94,22.62,17.57,15.55,584.33,664.4,793.94,1120.68,0.13,0.12,0.13,0.1,14.88,14.94,16.07,13.46,14.01,17.81,20.35,17.27,22.54,17.76,20.6,28.71,18.17,22.86,20.67,553.35,20.1,18.09,5.11,3.45,2.74,2.9,2.97,2.95,1.94,1.62,1.31,1.23,1.46,1.35,0.26,0.6,0.08,3.73,1.77,0.08,0.07,0.07,0.07,0.3,0.55,0.14,5.46,4.24
ELECTROSTEEL CASTINGS,METALS,METAL PROCESSOR,SMALL CAP,ELECTCAST,81.34,5077.15,3.23,2.4,4.0,,5918.02,6135.0,6990.1,,,,,,199.82,154.6,257.3,,25.18,33.89,20.34,,358.98,380.4,552.2,,0.06,0.06,0.08,,3.67,13.94,,8.68,,5.97,45.16,,24.03,,-25.7,66.67,,11.28,,27.11,27.11,,,,,,,0.86,0.83,0.73,,0.78,0.78,0.13,1.7,,14.12,,0.03,0.03,0.04,,-0.86,1.16,,4.41,,8108.08,15.9,20.1,25.53,76.15,4775.24,6135.0,6990.1,9863.93,197.21,233.28,368.89,288.77,378.8,474.03,577.86,771.55,29.94,22.62,17.57,15.55,584.33,664.4,793.94,1120.68,0.13,0.12,0.13,0.1,14.88,14.94,16.07,13.46,14.01,17.81,20.35,17.27,22.54,17.76,20.6,28.71,18.17,22.86,20.67,553.35,20.1,18.09,5.11,3.45,2.74,2.9,2.97,2.95,1.94,1.62,1.31,1.23,1.46,1.35,0.26,0.6,0.08,3.73,1.77,0.08,0.07,0.07,0.07,0.3,0.55,0.14,5.46,4.24
MSTC,METALS,METAL PROCESSOR,SMALL CAP,MSTCLTD,692.75,3070.14,,,,,,,,,,,,,,,,,,,,,,,,,,,,,,,,,,,,,,,,,,,,,,,,,,,,,,,,,,,,,,,,,,,,,,,,8108.08,15.9,20.1,25.53,76.15,4775.24,6135.0,6990.1,9863.93,197.21,233.28,368.89,288.77,378.8,474.03,577.86,771.55,29.94,22.62,17.57,15.55,584.33,664.4,793.94,1120.68,0.13,0.12,0.13,0.1,14.88,14.94,16.07,13.46,14.01,17.81,20.35,17.27,22.54,17.76,20.6,28.71,18.17,22.86,20.67,553.35,20.1,18.09,5.11,3.45,2.74,2.9,2.97,2.95,1.94,1.62,1.31,1.23,1.46,1.35,0.26,0.6,0.08,3.73,1.77,0.08,0.07,0.07,0.07,0.3,0.55,0.14,5.46,4.24
JTL INDUSTRIES,METALS,METAL PROCESSOR,SMALL CAP,JTLIND,79.23,2731.92,2.62,4.0,6.2,,2136.36,3398.25,4535.7,,,37.0,,43.2,98.47,166.8,256.05,,30.24,19.81,12.78,,154.38,254.25,377.95,,0.07,0.07,0.08,,59.07,33.47,,45.71,,64.69,48.65,,56.47,,52.67,55.0,,53.83,,16.29,16.29,,2.14,,1.83,2.14,1.99,1.28,0.8,0.6,,0.7,0.7,0.26,0.85,,7.38,,0.05,0.05,0.06,,0.3,0.74,,10.67,,8108.08,15.9,20.1,25.53,76.15,4775.24,6135.0,6990.1,9863.93,197.21,233.28,368.89,288.77,378.8,474.03,577.86,771.55,29.94,22.62,17.57,15.55,584.33,664.4,793.94,1120.68,0.13,0.12,0.13,0.1,14.88,14.94,16.07,13.46,14.01,17.81,20.35,17.27,22.54,17.76,20.6,28.71,18.17,22.86,20.67,553.35,20.1,18.09,5.11,3.45,2.74,2.9,2.97,2.95,1.94,1.62,1.31,1.23,1.46,1.35,0.26,0.6,0.08,3.73,1.77,0.08,0.07,0.07,0.07,0.3,0.55,0.14,5.46,4.24
SUNFLAG IRON AND STEEL COMPANY,METALS,METAL PROCESSOR,SMALL CAP,SUNFLAG,358.55,7108.75,,,,,,,,,,,,,,,,,,,,,,,,,,,,,,,,,,,,,,,,,,,,,,,,,,,,,,,,,,,,,,,,,,,,,,,,8108.08,15.9,20.1,25.53,76.15,4775.24,6135.0,6990.1,9863.93,197.21,233.28,368.89,288.77,378.8,474.03,577.86,771.55,29.94,22.62,17.57,15.55,584.33,664.4,793.94,1120.68,0.13,0.12,0.13,0.1,14.88,14.94,16.07,13.46,14.01,17.81,20.35,17.27,22.54,17.76,20.6,28.71,18.17,22.86,20.67,553.35,20.1,18.09,5.11,3.45,2.74,2.9,2.97,2.95,1.94,1.62,1.31,1.23,1.46,1.35,0.26,0.6,0.08,3.73,1.77,0.08,0.07,0.07,0.07,0.3,0.55,0.14,5.46,4.24
PENNAR INDUSTRIES,METALS,METAL PROCESSOR,SMALL CAP,PENIND,160.9,2117.44,8.84,10.1,13.0,15.1,3226.58,3703.4,4256.6,4770.7,73.99,81.3,105.8,92.5,119.27,136.6,175.0,204.3,18.2,15.93,12.38,10.66,318.12,350.1,413.7,469.5,0.1,0.09,0.1,0.1,14.78,14.94,12.08,14.86,13.92,10.05,18.17,13.49,14.04,13.85,14.25,28.71,16.15,21.27,19.54,14.15,12.99,2.17,1.98,1.52,1.74,1.75,1.75,0.66,0.57,0.5,0.44,0.53,0.5,-0.41,0.27,0.12,-0.71,-0.06,0.04,0.04,0.04,0.04,-0.01,0.42,0.17,5.46,5.03,8108.08,15.9,20.1,25.53,76.15,4775.24,6135.0,6990.1,9863.93,197.21,233.28,368.89,288.77,378.8,474.03,577.86,771.55,29.94,22.62,17.57,15.55,584.33,664.4,793.94,1120.68,0.13,0.12,0.13,0.1,14.88,14.94,16.07,13.46,14.01,17.81,20.35,17.27,22.54,17.76,20.6,28.71,18.17,22.86,20.67,553.35,20.1,18.09,5.11,3.45,2.74,2.9,2.97,2.95,1.94,1.62,1.31,1.23,1.46,1.35,0.26,0.6,0.08,3.73,1.77,0.08,0.07,0.07,0.07,0.3,0.55,0.14,5.46,4.24
VENUS PIPES & TUBES,METALS,METAL PROCESSOR,SMALL CAP,VENUSPIPES,1546.1,2978.15,49.65,68.34,87.98,109.95,1166.85,1467.8,1703.16,2030.65,,386.3,,477.8,102.42,140.8,181.7,226.85,31.14,22.62,17.57,14.06,190.58,248.7,299.3,351.65,0.16,0.17,0.18,0.17,25.79,16.03,19.23,20.81,20.28,30.5,20.35,17.49,25.32,22.65,37.64,28.74,24.97,33.12,30.34,20.1,18.09,,4.0,,3.24,4.0,3.62,2.55,2.03,1.75,1.47,1.89,1.75,0.61,0.63,-0.26,3.73,1.97,0.09,0.1,0.11,0.11,0.82,1.08,0.5,10.25,8.37,8108.08,15.9,20.1,25.53,76.15,4775.24,6135.0,6990.1,9863.93,197.21,233.28,368.89,288.77,378.8,474.03,577.86,771.55,29.94,22.62,17.57,15.55,584.33,664.4,793.94,1120.68,0.13,0.12,0.13,0.1,14.88,14.94,16.07,13.46,14.01,17.81,20.35,17.27,22.54,17.76,20.6,28.71,18.17,22.86,20.67,553.35,20.1,18.09,5.11,3.45,2.74,2.9,2.97,2.95,1.94,1.62,1.31,1.23,1.46,1.35,0.26,0.6,0.08,3.73,1.77,0.08,0.07,0.07,0.07,0.3,0.55,0.14,5.46,4.24
RELIANCE INDUSTRIES,DIVERSIFIED,DIVERSIFIED,LARGE CAP,RELIANCE,1309.5,1835418.0,59.69,63.43,71.11,81.34,1075675.0,1184809.0,1242793.0,1231102.0,668.05,743.39,846.06,803.8,80775.0,84595.99,95547.39,115951.0,21.94,20.65,18.42,16.1,178949.0,198674.7,219613.6,248938.3,0.17,0.17,0.18,0.2,10.15,4.89,-0.94,7.49,4.6,11.02,10.54,13.35,10.78,11.63,6.26,12.11,14.38,9.15,10.87,19.53,18.39,1.96,1.76,1.55,1.63,1.65,1.65,1.71,1.55,1.48,1.49,1.51,1.51,0.13,0.9,2.55,3.06,6.72,0.08,0.07,0.08,0.09,-0.37,0.55,1.73,1.18,7.84,201524.32,29.89,51.96,63.9,81.34,588071.8,658465.0,696108.9,1231102.0,668.05,743.39,846.06,803.8,40449.55,46857.34,54785.5,115951.0,15672.82,47.83,36.01,16.1,97706.5,110298.95,123692.45,248938.3,0.17,0.17,0.18,0.2,20.83,9.0,-0.94,14.72,4.6,22.09,18.61,13.35,20.33,11.63,20829.42,26.04,14.38,1163.27,10.87,1309.5,41.92,41.35,1.96,1.76,1.55,1.63,1.65,1.65,2.78,2.24,2.03,1.49,2.13,2.13,0.17,1.45,2.55,4.78,6.72,0.04,0.07,0.09,0.09,3.2,1.52,1.73,386.42,7.84
ADANI ENTERPRISES,DIVERSIFIED,DIVERSIFIED,LARGE CAP,ADANIENT,3038.4,386202.0,0.1,40.5,56.68,,100468.6,132121.0,149424.8,,,,,,124.1,9118.7,14023.6,,31323.71,75.02,53.6,,16464.0,21923.2,27771.3,,0.16,0.17,0.19,,31.5,13.1,,21.95,,33.16,26.68,,29.88,,41652.58,39.96,,2317.4,,64.31,64.31,,,,,,,3.84,2.92,2.58,,2.75,2.75,0.21,1.99,,6.5,,0.0,0.07,0.09,,6.78,2.48,,771.66,,201524.32,29.89,51.96,63.9,81.34,588071.8,658465.0,696108.9,1231102.0,668.05,743.39,846.06,803.8,40449.55,46857.34,54785.5,115951.0,15672.82,47.83,36.01,16.1,97706.5,110298.95,123692.45,248938.3,0.17,0.17,0.18,0.2,20.83,9.0,-0.94,14.72,4.6,22.09,18.61,13.35,20.33,11.63,20829.42,26.04,14.38,1163.27,10.87,1309.5,41.92,41.35,1.96,1.76,1.55,1.63,1.65,1.65,2.78,2.24,2.03,1.49,2.13,2.13,0.17,1.45,2.55,4.78,6.72,0.04,0.07,0.09,0.09,3.2,1.52,1.73,386.42,7.84
DCM SHRIRAM CONSOLIDATED,DIVERSIFIED,DIVERSIFIED,SMALL CAP,DCMSHRIRAM,1053.7,16846.65,,,,,,,,,,,,,,,,,,,,,,,,,,,,,,,,,,,,,,,,,,,,,,,,,,,,,,,,,,,,,,,,,,,,,,,,201524.32,29.89,51.96,63.9,81.34,588071.8,658465.0,696108.9,1231102.0,668.05,743.39,846.06,803.8,40449.55,46857.34,54785.5,115951.0,15672.82,47.83,36.01,16.1,97706.5,110298.95,123692.45,248938.3,0.17,0.17,0.18,0.2,20.83,9.0,-0.94,14.72,4.6,22.09,18.61,13.35,20.33,11.63,20829.42,26.04,14.38,1163.27,10.87,1309.5,41.92,41.35,1.96,1.76,1.55,1.63,1.65,1.65,2.78,2.24,2.03,1.49,2.13,2.13,0.17,1.45,2.55,4.78,6.72,0.04,0.07,0.09,0.09,3.2,1.52,1.73,386.42,7.84
SWAN ENERGY,DIVERSIFIED,DIVERSIFIED,SMALL CAP,SWANENERGY,,9989.87,,,,,,,,,,,,,,,,,,,,,,,,,,,,,,,,,,,,,,,,,,,,,,,,,,,,,,,,,,,,,,,,,,,,,,,,201524.32,29.89,51.96,63.9,81.34,588071.8,658465.0,696108.9,1231102.0,668.05,743.39,846.06,803.8,40449.55,46857.34,54785.5,115951.0,15672.82,47.83,36.01,16.1,97706.5,110298.95,123692.45,248938.3,0.17,0.17,0.18,0.2,20.83,9.0,-0.94,14.72,4.6,22.09,18.61,13.35,20.33,11.63,20829.42,26.04,14.38,1163.27,10.87,1309.5,41.92,41.35,1.96,1.76,1.55,1.63,1.65,1.65,2.78,2.24,2.03,1.49,2.13,2.13,0.17,1.45,2.55,4.78,6.72,0.04,0.07,0.09,0.09,3.2,1.52,1.73,386.42,7.84
BHARTI AIRTEL,TELECOM,TELECOM,LARGE CAP,BHARTIARTL,1910.8,1124874.0,50.05,63.95,83.46,102.7,210972.8,239940.4,268472.9,282739.9,244.73,287.93,385.42,336.24,30112.7,37046.58,48228.44,59506.18,38.18,29.88,22.9,18.61,120039.0,137253.4,155371.7,159900.5,0.57,0.57,0.58,0.57,13.73,11.89,5.31,12.81,10.25,14.34,13.2,2.91,13.77,10.03,27.77,30.5,23.05,29.13,27.07,26.39,23.79,7.81,6.64,4.96,5.68,5.8,5.76,5.33,4.69,4.19,3.98,4.44,4.29,0.31,0.67,-1.32,0.85,-0.2,0.14,0.15,0.18,0.21,1.17,2.52,3.08,12.19,13.82,23742.04,27.09,29.23,31.74,63.0,9353.8,10687.67,12169.41,32119.71,143.3,144.83,214.2,173.75,374.89,450.67,777.94,2434.19,35.01,27.32,22.13,15.4,4822.46,5707.24,6566.08,7710.15,0.19,0.21,0.22,0.49,13.73,12.63,8.35,12.81,10.25,17.87,15.05,10.46,16.69,14.57,27.77,30.5,13.99,29.13,27.07,365.3,24.72,23.43,6.17,5.31,4.96,4.6,4.89,4.76,3.41,3.08,2.73,2.44,2.9,2.75,0.46,0.67,0.19,3.65,2.76,0.08,0.08,0.08,0.09,1.17,1.35,0.91,10.79,13.82
BHARTI HEXACOM,TELECOM,TELECOM,MID CAP,BHARTIHEXA,1494.5,77899.95,35.33,48.31,63.52,79.37,9353.8,10687.67,12169.41,13590.76,143.3,161.6,256.81,192.92,1766.8,2481.01,3280.02,3971.58,42.3,30.93,23.53,18.83,4890.4,5824.34,6835.69,7710.15,0.52,0.54,0.56,0.57,14.26,13.86,11.68,14.06,13.26,19.1,17.36,12.79,18.23,16.39,36.73,31.49,24.95,34.08,30.97,27.23,24.43,10.43,9.25,5.82,7.75,7.53,7.6,8.33,7.29,6.4,5.73,6.85,6.47,2.21,1.68,0.56,3.65,2.76,0.19,0.23,0.27,0.29,4.33,3.74,2.27,19.45,15.66,23742.04,27.09,29.23,31.74,63.0,9353.8,10687.67,12169.41,32119.71,143.3,144.83,214.2,173.75,374.89,450.67,777.94,2434.19,35.01,27.32,22.13,15.4,4822.46,5707.24,6566.08,7710.15,0.19,0.21,0.22,0.49,13.73,12.63,8.35,12.81,10.25,17.87,15.05,10.46,16.69,14.57,27.77,30.5,13.99,29.13,27.07,365.3,24.72,23.43,6.17,5.31,4.96,4.6,4.89,4.76,3.41,3.08,2.73,2.44,2.9,2.75,0.46,0.67,0.19,3.65,2.76,0.08,0.08,0.08,0.09,1.17,1.35,0.91,10.79,13.82
VODAFONE IDEA,TELECOM,TELECOM,MID CAP,IDEA,14.92,153197.0,-2.23,-1.74,-1.5,-1.03,44873.0,49810.16,56102.56,63071.43,,-6.72,-7.24,-9.65,-24055.0,-18921.23,-16465.39,-11410.64,-6.69,-8.6,-9.98,-14.47,19003.0,22399.2,26538.33,30937.76,0.42,0.45,0.47,0.49,11.0,12.63,12.42,11.81,12.02,17.87,18.48,16.58,18.18,17.64,-22.2,-13.83,-31.04,-18.12,-22.68,-9.29,-11.02,,-2.22,-2.06,-1.55,-2.14,-1.94,3.41,3.08,2.73,2.43,2.9,2.75,2.62,2.33,1.75,5.69,5.02,-0.54,-0.38,-0.29,-0.18,15.62,8.64,11.26,-26.01,-30.38,23742.04,27.09,29.23,31.74,63.0,9353.8,10687.67,12169.41,32119.71,143.3,144.83,214.2,173.75,374.89,450.67,777.94,2434.19,35.01,27.32,22.13,15.4,4822.46,5707.24,6566.08,7710.15,0.19,0.21,0.22,0.49,13.73,12.63,8.35,12.81,10.25,17.87,15.05,10.46,16.69,14.57,27.77,30.5,13.99,29.13,27.07,365.3,24.72,23.43,6.17,5.31,4.96,4.6,4.89,4.76,3.41,3.08,2.73,2.44,2.9,2.75,0.46,0.67,0.19,3.65,2.76,0.08,0.08,0.08,0.09,1.17,1.35,0.91,10.79,13.82
INDUS TOWERS,TELECOM,TELECOM,LARGE CAP,INDUSTOWER,411.2,114256.1,27.09,29.23,31.74,33.72,32493.1,34509.95,36361.13,37649.93,150.33,160.5,182.3,173.75,7144.9,7623.42,8365.65,9005.66,15.18,14.07,12.95,12.19,17975.6,18730.49,19902.93,20077.43,0.55,0.54,0.55,0.53,6.21,5.36,3.54,5.78,5.03,4.2,6.26,0.88,5.22,3.75,7.88,8.61,6.23,8.25,7.57,13.51,13.07,2.74,2.56,2.26,2.37,2.41,2.39,3.52,3.31,3.14,3.03,3.23,3.16,-1.05,0.46,-1.41,-0.53,-1.22,0.22,0.22,0.23,0.24,0.1,0.92,0.91,2.29,2.84,23742.04,27.09,29.23,31.74,63.0,9353.8,10687.67,12169.41,32119.71,143.3,144.83,214.2,173.75,374.89,450.67,777.94,2434.19,35.01,27.32,22.13,15.4,4822.46,5707.24,6566.08,7710.15,0.19,0.21,0.22,0.49,13.73,12.63,8.35,12.81,10.25,17.87,15.05,10.46,16.69,14.57,27.77,30.5,13.99,29.13,27.07,365.3,24.72,23.43,6.17,5.31,4.96,4.6,4.89,4.76,3.41,3.08,2.73,2.44,2.9,2.75,0.46,0.67,0.19,3.65,2.76,0.08,0.08,0.08,0.09,1.17,1.35,0.91,10.79,13.82
TATA COMMUNICATIONS,TELECOM,TELECOM,MID CAP,TATACOMM,1988.8,57259.35,37.04,62.24,82.74,94.32,24802.72,27021.26,29645.74,32119.71,120.95,144.83,246.1,210.03,1057.34,1848.59,2428.74,2434.19,53.69,31.96,24.04,21.09,4822.46,5707.24,6566.08,7253.06,0.19,0.21,0.22,0.23,8.94,9.71,8.35,9.33,9.0,18.35,15.05,10.46,16.69,14.57,68.03,32.94,13.99,49.46,36.55,28.0,25.69,16.44,13.73,8.08,9.47,10.91,10.43,2.31,2.12,1.93,1.78,2.03,1.94,1.68,1.03,0.43,6.73,5.11,0.04,0.07,0.08,0.08,2.58,1.35,-0.61,38.63,21.14,23742.04,27.09,29.23,31.74,63.0,9353.8,10687.67,12169.41,32119.71,143.3,144.83,214.2,173.75,374.89,450.67,777.94,2434.19,35.01,27.32,22.13,15.4,4822.46,5707.24,6566.08,7710.15,0.19,0.21,0.22,0.49,13.73,12.63,8.35,12.81,10.25,17.87,15.05,10.46,16.69,14.57,27.77,30.5,13.99,29.13,27.07,365.3,24.72,23.43,6.17,5.31,4.96,4.6,4.89,4.76,3.41,3.08,2.73,2.44,2.9,2.75,0.46,0.67,0.19,3.65,2.76,0.08,0.08,0.08,0.09,1.17,1.35,0.91,10.79,13.82
ITI,TELECOM,TELECOM,SMALL CAP,ITI,312.45,28914.44,,,,,,,,,,,,,,,,,,,,,,,,,,,,,,,,,,,,,,,,,,,,,,,,,,,,,,,,,,,,,,,,,,,,,,,,23742.04,27.09,29.23,31.74,63.0,9353.8,10687.67,12169.41,32119.71,143.3,144.83,214.2,173.75,374.89,450.67,777.94,2434.19,35.01,27.32,22.13,15.4,4822.46,5707.24,6566.08,7710.15,0.19,0.21,0.22,0.49,13.73,12.63,8.35,12.81,10.25,17.87,15.05,10.46,16.69,14.57,27.77,30.5,13.99,29.13,27.07,365.3,24.72,23.43,6.17,5.31,4.96,4.6,4.89,4.76,3.41,3.08,2.73,2.44,2.9,2.75,0.46,0.67,0.19,3.65,2.76,0.08,0.08,0.08,0.09,1.17,1.35,0.91,10.79,13.82
TATA TLSVS.MAHARASTRA,TELECOM,TELECOM,SMALL CAP,TTML,44.19,8396.41,,,,,,,,,,,,,,,,,,,,,,,,,,,,,,,,,,,,,,,,,,,,,,,,,,,,,,,,,,,,,,,,,,,,,,,,23742.04,27.09,29.23,31.74,63.0,9353.8,10687.67,12169.41,32119.71,143.3,144.83,214.2,173.75,374.89,450.67,777.94,2434.19,35.01,27.32,22.13,15.4,4822.46,5707.24,6566.08,7710.15,0.19,0.21,0.22,0.49,13.73,12.63,8.35,12.81,10.25,17.87,15.05,10.46,16.69,14.57,27.77,30.5,13.99,29.13,27.07,365.3,24.72,23.43,6.17,5.31,4.96,4.6,4.89,4.76,3.41,3.08,2.73,2.44,2.9,2.75,0.46,0.67,0.19,3.65,2.76,0.08,0.08,0.08,0.09,1.17,1.35,0.91,10.79,13.82
TEJAS NETWORKS,TELECOM,TELECOM,SMALL CAP,TEJASNET,632.35,8905.84,,,,,,,,,,,,,,,,,,,,,,,,,,,,,,,,,,,,,,,,,,,,,,,,,,,,,,,,,,,,,,,,,,,,,,,,23742.04,27.09,29.23,31.74,63.0,9353.8,10687.67,12169.41,32119.71,143.3,144.83,214.2,173.75,374.89,450.67,777.94,2434.19,35.01,27.32,22.13,15.4,4822.46,5707.24,6566.08,7710.15,0.19,0.21,0.22,0.49,13.73,12.63,8.35,12.81,10.25,17.87,15.05,10.46,16.69,14.57,27.77,30.5,13.99,29.13,27.07,365.3,24.72,23.43,6.17,5.31,4.96,4.6,4.89,4.76,3.41,3.08,2.73,2.44,2.9,2.75,0.46,0.67,0.19,3.65,2.76,0.08,0.08,0.08,0.09,1.17,1.35,0.91,10.79,13.82
HFCL,TELECOM,TELECOM,SMALL CAP,HFCL,209.61,24759.66,,,,,,,,,,,,,,,,,,,,,,,,,,,,,,,,,,,,,,,,,,,,,,,,,,,,,,,,,,,,,,,,,,,,,,,,23742.04,27.09,29.23,31.74,63.0,9353.8,10687.67,12169.41,32119.71,143.3,144.83,214.2,173.75,374.89,450.67,777.94,2434.19,35.01,27.32,22.13,15.4,4822.46,5707.24,6566.08,7710.15,0.19,0.21,0.22,0.49,13.73,12.63,8.35,12.81,10.25,17.87,15.05,10.46,16.69,14.57,27.77,30.5,13.99,29.13,27.07,365.3,24.72,23.43,6.17,5.31,4.96,4.6,4.89,4.76,3.41,3.08,2.73,2.44,2.9,2.75,0.46,0.67,0.19,3.65,2.76,0.08,0.08,0.08,0.09,1.17,1.35,0.91,10.79,13.82
RAILTEL OF INDIA,TELECOM,TELECOM,SMALL CAP,RAILTEL,319.4,10400.01,10.03,12.9,14.95,,4277.48,4968.7,5858.6,,70.5,80.0,,90.8,321.96,414.95,478.1,,31.84,24.76,21.36,,636.46,709.75,808.6,,0.15,0.14,0.14,,16.16,17.91,,17.03,,11.52,13.93,,12.71,,28.61,15.89,,22.09,,23.06,23.06,4.53,3.99,,3.52,3.99,3.76,2.43,2.09,1.78,,1.93,1.93,-0.59,-0.48,,-3.69,,0.08,0.08,0.08,,0.82,-0.19,,4.13,,23742.04,27.09,29.23,31.74,63.0,9353.8,10687.67,12169.41,32119.71,143.3,144.83,214.2,173.75,374.89,450.67,777.94,2434.19,35.01,27.32,22.13,15.4,4822.46,5707.24,6566.08,7710.15,0.19,0.21,0.22,0.49,13.73,12.63,8.35,12.81,10.25,17.87,15.05,10.46,16.69,14.57,27.77,30.5,13.99,29.13,27.07,365.3,24.72,23.43,6.17,5.31,4.96,4.6,4.89,4.76,3.41,3.08,2.73,2.44,2.9,2.75,0.46,0.67,0.19,3.65,2.76,0.08,0.08,0.08,0.09,1.17,1.35,0.91,10.79,13.82
BLACK BOX,TELECOM,TELECOM,SMALL CAP,BBOX,1023.0,17373.64,16.33,19.65,27.4,,6321.85,7676.35,8784.85,,,77.2,,102.9,280.37,342.6,478.2,,62.65,52.06,37.34,,556.73,711.05,839.95,,0.09,0.09,0.1,,21.43,14.44,,17.88,,27.72,18.13,,22.83,,20.33,39.44,,29.53,,44.7,44.7,,13.25,,9.94,13.25,11.6,2.75,2.26,1.98,,2.12,2.12,0.46,0.3,,4.2,,0.04,0.04,0.05,,0.03,0.98,,10.79,,23742.04,27.09,29.23,31.74,63.0,9353.8,10687.67,12169.41,32119.71,143.3,144.83,214.2,173.75,374.89,450.67,777.94,2434.19,35.01,27.32,22.13,15.4,4822.46,5707.24,6566.08,7710.15,0.19,0.21,0.22,0.49,13.73,12.63,8.35,12.81,10.25,17.87,15.05,10.46,16.69,14.57,27.77,30.5,13.99,29.13,27.07,365.3,24.72,23.43,6.17,5.31,4.96,4.6,4.89,4.76,3.41,3.08,2.73,2.44,2.9,2.75,0.46,0.67,0.19,3.65,2.76,0.08,0.08,0.08,0.09,1.17,1.35,0.91,10.79,13.82
GTL INFRASTRUCTURE,TELECOM,TELECOM,SMALL CAP,GTLINFRA,1.52,1729.23,,,,,,,,,,,,,,,,,,,,,,,,,,,,,,,,,,,,,,,,,,,,,,,,,,,,,,,,,,,,,,,,,,,,,,,,23742.04,27.09,29.23,31.74,63.0,9353.8,10687.67,12169.41,32119.71,143.3,144.83,214.2,173.75,374.89,450.67,777.94,2434.19,35.01,27.32,22.13,15.4,4822.46,5707.24,6566.08,7710.15,0.19,0.21,0.22,0.49,13.73,12.63,8.35,12.81,10.25,17.87,15.05,10.46,16.69,14.57,27.77,30.5,13.99,29.13,27.07,365.3,24.72,23.43,6.17,5.31,4.96,4.6,4.89,4.76,3.41,3.08,2.73,2.44,2.9,2.75,0.46,0.67,0.19,3.65,2.76,0.08,0.08,0.08,0.09,1.17,1.35,0.91,10.79,13.82
ROUTE MOBILE,TELECOM,TELECOM,SMALL CAP,ROUTE,545.5,3238.39,59.51,56.88,61.7,63.0,4408.21,4574.12,4841.92,5071.1,439.63,465.3,,508.8,374.89,354.3,389.08,396.6,9.17,9.59,8.84,8.66,537.25,549.02,585.95,617.1,0.12,0.12,0.12,0.12,3.76,5.85,4.73,4.8,4.78,2.19,6.73,5.32,4.43,4.73,-4.43,8.48,2.11,1.82,1.92,9.22,9.03,1.24,1.17,,1.07,1.17,1.12,0.73,0.71,0.67,0.64,0.69,0.67,-0.18,0.1,0.07,-0.35,-0.05,0.09,0.08,0.08,0.08,-0.76,0.29,-0.21,-2.8,-2.75,23742.04,27.09,29.23,31.74,63.0,9353.8,10687.67,12169.41,32119.71,143.3,144.83,214.2,173.75,374.89,450.67,777.94,2434.19,35.01,27.32,22.13,15.4,4822.46,5707.24,6566.08,7710.15,0.19,0.21,0.22,0.49,13.73,12.63,8.35,12.81,10.25,17.87,15.05,10.46,16.69,14.57,27.77,30.5,13.99,29.13,27.07,365.3,24.72,23.43,6.17,5.31,4.96,4.6,4.89,4.76,3.41,3.08,2.73,2.44,2.9,2.75,0.46,0.67,0.19,3.65,2.76,0.08,0.08,0.08,0.09,1.17,1.35,0.91,10.79,13.82
STERLITE TECHNOLOGIES,TELECOM,TELECOM,SMALL CAP,STLTECH,,23742.04,1.17,8.72,15.12,18.12,4745.0,6929.22,8362.76,9711.39,46.48,51.29,73.17,60.48,40.0,450.67,777.94,887.78,,,,,569.0,1134.56,1589.61,1864.38,0.12,0.16,0.19,0.19,46.03,20.69,16.13,32.76,26.96,99.4,40.11,17.29,67.14,48.53,645.73,73.25,19.86,259.44,149.25,,,,,,,,,5.0,3.43,2.84,2.44,3.13,2.9,4.38,2.63,0.19,25.9,16.98,0.01,0.07,0.09,0.09,5.66,2.8,-0.16,232.19,121.34,23742.04,27.09,29.23,31.74,63.0,9353.8,10687.67,12169.41,32119.71,143.3,144.83,214.2,173.75,374.89,450.67,777.94,2434.19,35.01,27.32,22.13,15.4,4822.46,5707.24,6566.08,7710.15,0.19,0.21,0.22,0.49,13.73,12.63,8.35,12.81,10.25,17.87,15.05,10.46,16.69,14.57,27.77,30.5,13.99,29.13,27.07,365.3,24.72,23.43,6.17,5.31,4.96,4.6,4.89,4.76,3.41,3.08,2.73,2.44,2.9,2.75,0.46,0.67,0.19,3.65,2.76,0.08,0.08,0.08,0.09,1.17,1.35,0.91,10.79,13.82
MAHANAGAR TEL.NIGAM,TELECOM,TELECOM,SMALL CAP,MTNL,31.87,1913.94,,,,,,,,,,,,,,,,,,,,,,,,,,,,,,,,,,,,,,,,,,,,,,,,,,,,,,,,,,,,,,,,,,,,,,,,23742.04,27.09,29.23,31.74,63.0,9353.8,10687.67,12169.41,32119.71,143.3,144.83,214.2,173.75,374.89,450.67,777.94,2434.19,35.01,27.32,22.13,15.4,4822.46,5707.24,6566.08,7710.15,0.19,0.21,0.22,0.49,13.73,12.63,8.35,12.81,10.25,17.87,15.05,10.46,16.69,14.57,27.77,30.5,13.99,29.13,27.07,365.3,24.72,23.43,6.17,5.31,4.96,4.6,4.89,4.76,3.41,3.08,2.73,2.44,2.9,2.75,0.46,0.67,0.19,3.65,2.76,0.08,0.08,0.08,0.09,1.17,1.35,0.91,10.79,13.82
SIEMENS,CAPITAL GOODS,CAPITAL GOODS ELECTRIC EQUIPMENT,LARGE CAP,SIEMENS,3759.6,130952.5,79.43,61.24,71.48,,24.85,20669.22,24067.06,,,482.68,,539.95,2825.9,2166.5,2533.42,,47.33,61.39,52.59,,,2593.14,3075.32,,,0.13,0.13,,83090.67,16.44,,3012.34,,,18.59,,,,-22.9,16.73,,-5.13,,56.99,56.99,,7.79,,6.96,7.79,7.38,5270.65,6.34,5.44,,5.89,5.89,,0.23,,,,113.74,0.1,0.11,,-11363.36,0.04,,-96.96,,123724.6,59.7,60.62,74.15,111.86,8147.71,11920.93,15880.56,19270.4,105.07,227.47,401.79,283.36,1241.84,1537.57,1983.42,2582.88,88.39,67.15,58.92,54.28,1586.36,2049.47,2631.24,3425.54,0.15,0.16,0.16,0.18,25.68,21.25,15.43,24.4,19.79,24.23,25.38,21.1,25.42,27.47,20.56,21.42,19.52,18.3,26.27,3759.6,63.04,58.98,19.04,14.39,12.39,12.37,12.55,12.49,11.15,8.87,6.97,7.9,7.92,7.26,0.36,0.28,0.57,2.34,4.0,0.13,0.11,0.11,0.14,-0.68,0.15,0.2,-0.96,4.17
Siemens Energy India Limited,CAPITAL GOODS,CAPITAL GOODS ELECTRIC EQUIPMENT,LARGE CAP,ENRIN,3833.9,123310.2,,,,,7826.7,9734.57,12112.99,14780.68,,,,,1100.1,1532.26,1983.42,2391.44,,,,,1520.9,2029.37,2559.31,3183.46,0.19,0.21,0.21,0.22,24.38,24.43,22.02,24.4,23.61,33.43,26.11,24.39,29.72,27.92,,,,,,,,,,,,,,15.76,12.67,10.18,8.34,11.42,10.4,1.41,0.28,0.41,4.27,3.49,0.14,0.16,0.16,0.16,1.68,0.63,-0.19,7.93,4.8,123724.6,59.7,60.62,74.15,111.86,8147.71,11920.93,15880.56,19270.4,105.07,227.47,401.79,283.36,1241.84,1537.57,1983.42,2582.88,88.39,67.15,58.92,54.28,1586.36,2049.47,2631.24,3425.54,0.15,0.16,0.16,0.18,25.68,21.25,15.43,24.4,19.79,24.23,25.38,21.1,25.42,27.47,20.56,21.42,19.52,18.3,26.27,3759.6,63.04,58.98,19.04,14.39,12.39,12.37,12.55,12.49,11.15,8.87,6.97,7.9,7.92,7.26,0.36,0.28,0.57,2.34,4.0,0.13,0.11,0.11,0.14,-0.68,0.15,0.2,-0.96,4.17
ABB INDIA,CAPITAL GOODS,CAPITAL GOODS ELECTRIC EQUIPMENT,LARGE CAP,ABB,7248.0,144182.4,78.73,86.82,101.16,120.91,13202.73,14241.73,16274.44,18695.64,369.78,456.42,585.11,513.48,1668.26,2034.25,2207.55,2637.04,92.06,83.48,71.65,59.95,2043.0,2123.3,2631.24,3157.87,0.15,0.15,0.16,0.17,7.87,14.27,14.88,11.03,12.29,3.93,23.92,20.01,13.49,15.62,10.27,16.51,19.52,13.35,15.37,77.57,71.69,19.6,15.88,12.39,14.12,14.13,14.13,10.92,10.12,8.86,7.71,9.49,8.9,-0.57,1.26,0.72,2.22,2.96,0.13,0.14,0.14,0.14,1.65,-0.72,0.54,3.61,3.73,123724.6,59.7,60.62,74.15,111.86,8147.71,11920.93,15880.56,19270.4,105.07,227.47,401.79,283.36,1241.84,1537.57,1983.42,2582.88,88.39,67.15,58.92,54.28,1586.36,2049.47,2631.24,3425.54,0.15,0.16,0.16,0.18,25.68,21.25,15.43,24.4,19.79,24.23,25.38,21.1,25.42,27.47,20.56,21.42,19.52,18.3,26.27,3759.6,63.04,58.98,19.04,14.39,12.39,12.37,12.55,12.49,11.15,8.87,6.97,7.9,7.92,7.26,0.36,0.28,0.57,2.34,4.0,0.13,0.11,0.11,0.14,-0.68,0.15,0.2,-0.96,4.17
CG POWER AND INDUSTRIAL SOLUTIONS,CAPITAL GOODS,CAPITAL GOODS ELECTRIC EQUIPMENT,LARGE CAP,CGPOWER,963.7,138462.2,7.92,10.27,13.31,16.07,12417.95,15606.3,19852.81,23315.64,50.61,57.03,82.7,66.59,1241.84,1619.71,2163.0,2528.73,121.68,93.81,72.39,59.98,1625.29,2195.41,2936.47,3483.3,0.13,0.14,0.15,0.15,25.68,27.21,17.44,26.44,23.37,35.08,33.75,18.62,34.41,28.93,29.71,29.58,20.7,29.65,26.59,83.1,75.39,19.04,16.9,11.65,14.47,14.28,14.34,11.15,8.87,6.97,5.94,7.92,7.26,0.98,0.72,0.15,6.31,4.51,0.1,0.1,0.11,0.11,0.38,0.52,-0.05,4.38,2.74,123724.6,59.7,60.62,74.15,111.86,8147.71,11920.93,15880.56,19270.4,105.07,227.47,401.79,283.36,1241.84,1537.57,1983.42,2582.88,88.39,67.15,58.92,54.28,1586.36,2049.47,2631.24,3425.54,0.15,0.16,0.16,0.18,25.68,21.25,15.43,24.4,19.79,24.23,25.38,21.1,25.42,27.47,20.56,21.42,19.52,18.3,26.27,3759.6,63.04,58.98,19.04,14.39,12.39,12.37,12.55,12.49,11.15,8.87,6.97,7.9,7.92,7.26,0.36,0.28,0.57,2.34,4.0,0.13,0.11,0.11,0.14,-0.68,0.15,0.2,-0.96,4.17
BHARAT HEAVY ELS.,CAPITAL GOODS,CAPITAL GOODS ELECTRIC EQUIPMENT,MID CAP,BHEL,414.35,145463.1,4.53,9.16,12.98,15.19,33782.18,43977.24,53320.76,60585.93,76.15,82.17,103.04,92.84,1577.95,3193.04,4568.04,5344.65,91.47,45.22,31.92,27.27,2332.19,4531.7,6293.98,7690.26,0.07,0.1,0.12,0.13,30.18,21.25,13.63,25.63,21.5,94.31,38.89,22.18,64.28,48.84,102.27,41.66,17.06,69.27,49.69,38.57,34.8,5.44,5.04,4.02,4.46,4.53,4.51,4.31,3.31,2.73,2.4,3.02,2.81,3.4,1.5,0.89,30.76,22.51,0.05,0.07,0.09,0.09,2.59,1.31,0.25,35.43,23.61,123724.6,59.7,60.62,74.15,111.86,8147.71,11920.93,15880.56,19270.4,105.07,227.47,401.79,283.36,1241.84,1537.57,1983.42,2582.88,88.39,67.15,58.92,54.28,1586.36,2049.47,2631.24,3425.54,0.15,0.16,0.16,0.18,25.68,21.25,15.43,24.4,19.79,24.23,25.38,21.1,25.42,27.47,20.56,21.42,19.52,18.3,26.27,3759.6,63.04,58.98,19.04,14.39,12.39,12.37,12.55,12.49,11.15,8.87,6.97,7.9,7.92,7.26,0.36,0.28,0.57,2.34,4.0,0.13,0.11,0.11,0.14,-0.68,0.15,0.2,-0.96,4.17
CUMMINS INDIA,CAPITAL GOODS,CAPITAL GOODS ELECTRIC EQUIPMENT,LARGE CAP,CUMMINSIND,5865.0,150200.7,68.75,84.32,96.27,111.86,10166.21,11920.93,13787.44,15973.59,253.18,298.54,401.79,345.47,1905.78,2031.61,2648.29,2737.82,85.31,69.56,60.92,52.43,2068.03,2526.73,2914.82,3400.82,0.2,0.21,0.21,0.21,17.26,15.66,15.86,16.46,16.26,22.18,15.36,16.67,18.72,18.03,22.65,14.17,16.19,18.33,17.62,65.24,60.97,23.17,19.65,14.6,16.98,17.12,17.07,14.77,12.6,10.89,9.4,11.75,10.97,0.85,-0.05,0.15,1.94,1.53,0.19,0.17,0.19,0.17,-1.7,2.17,-2.07,1.22,-2.94,123724.6,59.7,60.62,74.15,111.86,8147.71,11920.93,15880.56,19270.4,105.07,227.47,401.79,283.36,1241.84,1537.57,1983.42,2582.88,88.39,67.15,58.92,54.28,1586.36,2049.47,2631.24,3425.54,0.15,0.16,0.16,0.18,25.68,21.25,15.43,24.4,19.79,24.23,25.38,21.1,25.42,27.47,20.56,21.42,19.52,18.3,26.27,3759.6,63.04,58.98,19.04,14.39,12.39,12.37,12.55,12.49,11.15,8.87,6.97,7.9,7.92,7.26,0.36,0.28,0.57,2.34,4.0,0.13,0.11,0.11,0.14,-0.68,0.15,0.2,-0.96,4.17
APAR INDUSTRIES,CAPITAL GOODS,CAPITAL GOODS ELECTRIC EQUIPMENT,MID CAP,APARINDS,16280.0,50354.99,204.47,251.43,286.01,339.39,18581.21,22713.35,26501.24,30479.63,1121.17,1262.01,1801.08,1532.66,821.3,1013.66,1149.08,1363.53,79.62,64.75,56.92,47.97,1547.42,1853.1,2133.72,2479.82,0.08,0.08,0.08,0.08,22.24,16.68,15.01,19.43,17.94,19.75,15.14,16.22,17.43,17.02,22.97,13.75,18.66,18.27,18.4,60.84,56.55,14.52,12.9,9.04,10.62,10.97,10.85,2.71,2.22,1.9,1.65,2.06,1.92,-0.17,-0.11,0.08,-1.67,-0.77,0.04,0.04,0.04,0.04,0.04,-0.13,0.14,-0.96,0.4,123724.6,59.7,60.62,74.15,111.86,8147.71,11920.93,15880.56,19270.4,105.07,227.47,401.79,283.36,1241.84,1537.57,1983.42,2582.88,88.39,67.15,58.92,54.28,1586.36,2049.47,2631.24,3425.54,0.15,0.16,0.16,0.18,25.68,21.25,15.43,24.4,19.79,24.23,25.38,21.1,25.42,27.47,20.56,21.42,19.52,18.3,26.27,3759.6,63.04,58.98,19.04,14.39,12.39,12.37,12.55,12.49,11.15,8.87,6.97,7.9,7.92,7.26,0.36,0.28,0.57,2.34,4.0,0.13,0.11,0.11,0.14,-0.68,0.15,0.2,-0.96,4.17
HITACHI ENERGY INDIA,CAPITAL GOODS,CAPITAL GOODS ELECTRIC EQUIPMENT,MID CAP,POWERINDIA,36880.0,160438.1,233.81,318.69,456.16,628.73,8147.71,11587.71,15880.56,19845.15,1161.25,1446.81,2841.1,1865.0,1042.08,1403.11,1946.22,2904.6,157.73,115.72,80.85,58.66,1252.27,1809.17,2648.36,3707.25,0.15,0.16,0.17,0.19,42.22,37.05,24.97,39.61,34.55,44.47,46.39,39.98,45.43,43.59,36.3,43.13,37.83,39.68,39.06,98.29,85.08,31.76,25.49,12.98,19.77,19.24,19.42,19.69,13.85,10.1,8.08,11.97,10.68,0.24,1.06,2.0,4.17,6.72,0.13,0.12,0.12,0.15,-0.68,0.15,2.38,-2.11,4.6,123724.6,59.7,60.62,74.15,111.86,8147.71,11920.93,15880.56,19270.4,105.07,227.47,401.79,283.36,1241.84,1537.57,1983.42,2582.88,88.39,67.15,58.92,54.28,1586.36,2049.47,2631.24,3425.54,0.15,0.16,0.16,0.18,25.68,21.25,15.43,24.4,19.79,24.23,25.38,21.1,25.42,27.47,20.56,21.42,19.52,18.3,26.27,3759.6,63.04,58.98,19.04,14.39,12.39,12.37,12.55,12.49,11.15,8.87,6.97,7.9,7.92,7.26,0.36,0.28,0.57,2.34,4.0,0.13,0.11,0.11,0.14,-0.68,0.15,0.2,-0.96,4.17
GE VERNOVA T&D INDIA,CAPITAL GOODS,CAPITAL GOODS ELECTRIC EQUIPMENT,MID CAP,GVT&D,5533.5,124139.0,50.64,59.99,76.81,101.94,6206.31,8001.04,10388.56,10217.48,105.07,156.4,295.92,221.26,1296.82,1537.57,1969.54,2506.1,109.27,92.23,72.04,54.28,1683.63,2049.47,2631.2,3450.26,0.27,0.26,0.25,0.34,28.92,29.84,-1.65,29.38,18.08,21.73,28.38,31.13,25.01,27.02,18.47,28.02,32.72,23.16,26.27,82.14,72.85,52.66,35.38,18.7,25.01,27.04,26.36,20.0,15.52,11.95,12.15,13.73,13.2,-1.51,-0.29,8.44,-3.37,7.57,0.21,0.19,0.19,0.25,-1.68,-0.26,5.57,-4.75,5.49,123724.6,59.7,60.62,74.15,111.86,8147.71,11920.93,15880.56,19270.4,105.07,227.47,401.79,283.36,1241.84,1537.57,1983.42,2582.88,88.39,67.15,58.92,54.28,1586.36,2049.47,2631.24,3425.54,0.15,0.16,0.16,0.18,25.68,21.25,15.43,24.4,19.79,24.23,25.38,21.1,25.42,27.47,20.56,21.42,19.52,18.3,26.27,3759.6,63.04,58.98,19.04,14.39,12.39,12.37,12.55,12.49,11.15,8.87,6.97,7.9,7.92,7.26,0.36,0.28,0.57,2.34,4.0,0.13,0.11,0.11,0.14,-0.68,0.15,0.2,-0.96,4.17
TRANSFORMERS AND RECTIFIERS (INDIA),CAPITAL GOODS,CAPITAL GOODS ELECTRIC EQUIPMENT,SMALL CAP,TARIL,357.55,9635.32,9.07,9.83,12.4,,2508.8,3070.5,3783.67,,50.47,59.75,,71.85,264.39,295.23,323.7,,39.42,36.36,28.83,,383.18,483.87,606.67,,0.15,0.16,0.16,,22.39,23.23,,22.81,,26.28,25.38,,25.83,,8.41,26.11,,16.92,,32.6,32.6,7.08,5.98,,4.98,5.98,5.48,3.84,3.14,2.55,,2.84,2.84,0.49,0.28,,2.46,,0.11,0.1,0.09,,-0.92,-1.06,,-9.9,,123724.6,59.7,60.62,74.15,111.86,8147.71,11920.93,15880.56,19270.4,105.07,227.47,401.79,283.36,1241.84,1537.57,1983.42,2582.88,88.39,67.15,58.92,54.28,1586.36,2049.47,2631.24,3425.54,0.15,0.16,0.16,0.18,25.68,21.25,15.43,24.4,19.79,24.23,25.38,21.1,25.42,27.47,20.56,21.42,19.52,18.3,26.27,3759.6,63.04,58.98,19.04,14.39,12.39,12.37,12.55,12.49,11.15,8.87,6.97,7.9,7.92,7.26,0.36,0.28,0.57,2.34,4.0,0.13,0.11,0.11,0.14,-0.68,0.15,0.2,-0.96,4.17
GENUS POWER INFRASTRUCTURES,CAPITAL GOODS,CAPITAL GOODS ELECTRIC EQUIPMENT,SMALL CAP,GENUSPOWER,324.7,9912.0,21.29,22.5,25.5,,4750.92,6108.65,6805.4,,80.18,98.6,,123.45,592.3,684.35,775.5,,15.25,14.43,12.73,,913.33,1114.5,1259.6,,0.19,0.18,0.19,,28.58,11.41,,19.68,,22.03,13.02,,17.44,,5.68,13.33,,9.44,,13.58,13.58,4.05,3.29,,2.63,3.29,2.96,2.09,1.62,1.46,,1.54,1.54,-0.98,0.26,,-1.88,,0.12,0.11,0.11,,-1.26,0.19,,-4.39,,123724.6,59.7,60.62,74.15,111.86,8147.71,11920.93,15880.56,19270.4,105.07,227.47,401.79,283.36,1241.84,1537.57,1983.42,2582.88,88.39,67.15,58.92,54.28,1586.36,2049.47,2631.24,3425.54,0.15,0.16,0.16,0.18,25.68,21.25,15.43,24.4,19.79,24.23,25.38,21.1,25.42,27.47,20.56,21.42,19.52,18.3,26.27,3759.6,63.04,58.98,19.04,14.39,12.39,12.37,12.55,12.49,11.15,8.87,6.97,7.9,7.92,7.26,0.36,0.28,0.57,2.34,4.0,0.13,0.11,0.11,0.14,-0.68,0.15,0.2,-0.96,4.17
DIAMOND POWER INFRASTRUCTURE,CAPITAL GOODS,CAPITAL GOODS ELECTRIC EQUIPMENT,SMALL CAP,DIACABS,209.24,10889.85,,,,,,,,,,,,,,,,,,,,,,,,,,,,,,,,,,,,,,,,,,,,,,,,,,,,,,,,,,,,,,,,,,,,,,,,123724.6,59.7,60.62,74.15,111.86,8147.71,11920.93,15880.56,19270.4,105.07,227.47,401.79,283.36,1241.84,1537.57,1983.42,2582.88,88.39,67.15,58.92,54.28,1586.36,2049.47,2631.24,3425.54,0.15,0.16,0.16,0.18,25.68,21.25,15.43,24.4,19.79,24.23,25.38,21.1,25.42,27.47,20.56,21.42,19.52,18.3,26.27,3759.6,63.04,58.98,19.04,14.39,12.39,12.37,12.55,12.49,11.15,8.87,6.97,7.9,7.92,7.26,0.36,0.28,0.57,2.34,4.0,0.13,0.11,0.11,0.14,-0.68,0.15,0.2,-0.96,4.17
TRANSRAIL LIGHTING,CAPITAL GOODS,CAPITAL GOODS ELECTRIC EQUIPMENT,SMALL CAP,TRANSRAILL,507.7,6969.22,,,,,,,,,,,,,,,,,,,,,,,,,,,,,,,,,,,,,,,,,,,,,,,,,,,,,,,,,,,,,,,,,,,,,,,,123724.6,59.7,60.62,74.15,111.86,8147.71,11920.93,15880.56,19270.4,105.07,227.47,401.79,283.36,1241.84,1537.57,1983.42,2582.88,88.39,67.15,58.92,54.28,1586.36,2049.47,2631.24,3425.54,0.15,0.16,0.16,0.18,25.68,21.25,15.43,24.4,19.79,24.23,25.38,21.1,25.42,27.47,20.56,21.42,19.52,18.3,26.27,3759.6,63.04,58.98,19.04,14.39,12.39,12.37,12.55,12.49,11.15,8.87,6.97,7.9,7.92,7.26,0.36,0.28,0.57,2.34,4.0,0.13,0.11,0.11,0.14,-0.68,0.15,0.2,-0.96,4.17
GE POWER INDIA,CAPITAL GOODS,CAPITAL GOODS ELECTRIC EQUIPMENT,SMALL CAP,GEPIL,,5362.06,,,,,,,,,,,,,,,,,,,,,,,,,,,,,,,,,,,,,,,,,,,,,,,,,,,,,,,,,,,,,,,,,,,,,,,,123724.6,59.7,60.62,74.15,111.86,8147.71,11920.93,15880.56,19270.4,105.07,227.47,401.79,283.36,1241.84,1537.57,1983.42,2582.88,88.39,67.15,58.92,54.28,1586.36,2049.47,2631.24,3425.54,0.15,0.16,0.16,0.18,25.68,21.25,15.43,24.4,19.79,24.23,25.38,21.1,25.42,27.47,20.56,21.42,19.52,18.3,26.27,3759.6,63.04,58.98,19.04,14.39,12.39,12.37,12.55,12.49,11.15,8.87,6.97,7.9,7.92,7.26,0.36,0.28,0.57,2.34,4.0,0.13,0.11,0.11,0.14,-0.68,0.15,0.2,-0.96,4.17
SUZLON ENERGY,CAPITAL GOODS,CAPITAL GOODS POWER,MID CAP,SUZLON,59.2,74859.34,2.26,1.98,2.3,2.25,16679.11,22087.75,25322.68,25495.8,6.9,8.45,,10.6,3093.39,2712.19,3144.02,3057.4,26.19,29.93,25.73,26.31,3022.38,4009.6,4689.01,4773.15,0.18,0.18,0.19,0.19,32.43,14.65,0.68,23.22,15.19,32.66,16.94,1.79,24.56,16.45,-12.48,16.33,-2.22,0.9,-0.15,27.83,27.32,8.59,7.01,,5.58,7.01,6.3,4.49,3.39,2.96,2.94,3.17,3.09,0.03,0.36,0.2,1.09,1.09,0.19,0.12,0.12,0.12,-6.27,0.14,-0.42,-18.18,-13.53,16629.1,24.96,21.0,28.2,51.98,6061.57,7208.7,8738.0,12924.71,231.39,255.74,294.18,291.13,478.96,639.72,1041.16,1408.14,32.52,29.93,22.01,20.77,757.17,1064.5,1560.14,2873.0,0.18,0.16,0.16,0.19,19.36,19.11,14.35,22.64,20.0,21.98,23.37,17.52,24.56,22.11,20.57,28.17,20.16,25.15,26.44,875.95,23.64,22.68,5.78,4.76,2.6,3.75,3.85,3.82,4.49,3.44,2.8,2.56,3.17,3.09,0.03,0.37,0.41,1.28,1.09,0.13,0.12,0.12,0.12,-0.02,0.49,0.05,1.32,0.59
WAAREE ENERGIES,CAPITAL GOODS,CAPITAL GOODS POWER,MID CAP,WAAREEENER,3125.4,88829.59,139.07,159.88,174.58,209.77,26536.77,34471.57,39915.03,44551.78,501.9,656.34,1064.13,833.97,4006.08,4637.08,4903.43,6057.17,22.47,19.55,17.9,14.9,5908.64,7207.12,8231.96,9674.48,0.22,0.21,0.21,0.22,29.9,15.79,11.62,22.64,18.85,21.98,14.22,17.52,18.03,17.86,14.96,9.2,20.16,12.04,14.68,18.73,17.45,6.23,4.76,2.94,3.75,3.85,3.82,3.35,2.58,2.23,1.99,2.4,2.27,-1.36,-0.28,1.09,-3.76,-0.83,0.15,0.13,0.12,0.14,-1.64,-1.17,1.31,-9.79,-3.43,16629.1,24.96,21.0,28.2,51.98,6061.57,7208.7,8738.0,12924.71,231.39,255.74,294.18,291.13,478.96,639.72,1041.16,1408.14,32.52,29.93,22.01,20.77,757.17,1064.5,1560.14,2873.0,0.18,0.16,0.16,0.19,19.36,19.11,14.35,22.64,20.0,21.98,23.37,17.52,24.56,22.11,20.57,28.17,20.16,25.15,26.44,875.95,23.64,22.68,5.78,4.76,2.6,3.75,3.85,3.82,4.49,3.44,2.8,2.56,3.17,3.09,0.03,0.37,0.41,1.28,1.09,0.13,0.12,0.12,0.12,-0.02,0.49,0.05,1.32,0.59
PREMIER ENERGIES,CAPITAL GOODS,CAPITAL GOODS POWER,MID CAP,PREMIERENE,1079.6,45985.14,33.63,42.71,49.05,51.98,7824.38,13373.09,17127.2,21077.72,95.92,137.23,236.05,184.61,1509.77,1885.48,2205.71,2301.3,32.1,25.28,22.01,20.77,2377.23,3674.61,4463.22,5030.36,0.3,0.27,0.26,0.24,70.92,28.07,23.07,47.95,39.14,54.58,21.46,12.71,37.02,28.38,27.01,14.84,5.96,20.77,15.62,23.64,22.68,11.26,7.87,4.57,5.85,6.22,6.1,5.88,3.44,2.68,2.18,3.06,2.77,-2.9,-1.42,-2.19,-7.39,-7.73,0.19,0.14,0.13,0.11,-5.2,-1.22,-1.96,-18.3,-17.29,16629.1,24.96,21.0,28.2,51.98,6061.57,7208.7,8738.0,12924.71,231.39,255.74,294.18,291.13,478.96,639.72,1041.16,1408.14,32.52,29.93,22.01,20.77,757.17,1064.5,1560.14,2873.0,0.18,0.16,0.16,0.19,19.36,19.11,14.35,22.64,20.0,21.98,23.37,17.52,24.56,22.11,20.57,28.17,20.16,25.15,26.44,875.95,23.64,22.68,5.78,4.76,2.6,3.75,3.85,3.82,4.49,3.44,2.8,2.56,3.17,3.09,0.03,0.37,0.41,1.28,1.09,0.13,0.12,0.12,0.12,-0.02,0.49,0.05,1.32,0.59
THERMAX,CAPITAL GOODS,CAPITAL GOODS POWER,MID CAP,THERMAX,4702.4,49968.7,58.51,74.43,95.67,118.28,10694.15,12498.84,14711.86,16705.77,465.77,519.7,662.32,590.51,659.29,856.5,1098.58,1301.9,80.37,63.18,49.15,39.76,1069.08,1264.65,1560.14,1946.76,0.1,0.1,0.11,0.12,16.88,17.71,13.55,17.29,16.03,18.29,23.37,24.78,20.8,22.11,27.21,28.53,23.63,27.87,26.44,56.17,50.7,10.1,9.05,7.1,7.96,8.07,8.04,4.67,4.0,3.4,2.99,3.7,3.46,0.12,0.49,1.05,3.0,5.24,0.06,0.07,0.07,0.08,0.69,0.61,0.33,10.06,8.13,16629.1,24.96,21.0,28.2,51.98,6061.57,7208.7,8738.0,12924.71,231.39,255.74,294.18,291.13,478.96,639.72,1041.16,1408.14,32.52,29.93,22.01,20.77,757.17,1064.5,1560.14,2873.0,0.18,0.16,0.16,0.19,19.36,19.11,14.35,22.64,20.0,21.98,23.37,17.52,24.56,22.11,20.57,28.17,20.16,25.15,26.44,875.95,23.64,22.68,5.78,4.76,2.6,3.75,3.85,3.82,4.49,3.44,2.8,2.56,3.17,3.09,0.03,0.37,0.41,1.28,1.09,0.13,0.12,0.12,0.12,-0.02,0.49,0.05,1.32,0.59
INOX WIND,CAPITAL GOODS,CAPITAL GOODS POWER,SMALL CAP,INOXWIND,90.72,16629.1,2.79,3.77,5.88,6.76,3701.54,5007.07,7710.23,8936.26,57.66,42.62,57.48,49.62,461.68,615.65,987.2,1134.42,32.52,24.08,15.42,13.42,757.17,1064.5,1596.52,1844.58,0.2,0.21,0.21,0.21,35.27,53.99,15.9,44.33,34.15,40.59,49.98,15.54,45.21,34.56,35.02,56.17,14.91,45.21,34.31,19.75,17.64,1.57,2.13,1.58,1.83,1.85,1.84,4.49,3.32,2.16,1.86,2.74,2.45,0.8,-0.55,-0.06,0.61,0.3,0.12,0.12,0.13,0.13,-0.18,0.51,-0.11,1.32,0.59,16629.1,24.96,21.0,28.2,51.98,6061.57,7208.7,8738.0,12924.71,231.39,255.74,294.18,291.13,478.96,639.72,1041.16,1408.14,32.52,29.93,22.01,20.77,757.17,1064.5,1560.14,2873.0,0.18,0.16,0.16,0.19,19.36,19.11,14.35,22.64,20.0,21.98,23.37,17.52,24.56,22.11,20.57,28.17,20.16,25.15,26.44,875.95,23.64,22.68,5.78,4.76,2.6,3.75,3.85,3.82,4.49,3.44,2.8,2.56,3.17,3.09,0.03,0.37,0.41,1.28,1.09,0.13,0.12,0.12,0.12,-0.02,0.49,0.05,1.32,0.59
INOX WIND ENERGY,CAPITAL GOODS,CAPITAL GOODS POWER,SMALL CAP,IWEL,,12400.56,,,,,,,,,,,,,,,,,,,,,,,,,,,,,,,,,,,,,,,,,,,,,,,,,,,,,,,,,,,,,,,,,,,,,,,,16629.1,24.96,21.0,28.2,51.98,6061.57,7208.7,8738.0,12924.71,231.39,255.74,294.18,291.13,478.96,639.72,1041.16,1408.14,32.52,29.93,22.01,20.77,757.17,1064.5,1560.14,2873.0,0.18,0.16,0.16,0.19,19.36,19.11,14.35,22.64,20.0,21.98,23.37,17.52,24.56,22.11,20.57,28.17,20.16,25.15,26.44,875.95,23.64,22.68,5.78,4.76,2.6,3.75,3.85,3.82,4.49,3.44,2.8,2.56,3.17,3.09,0.03,0.37,0.41,1.28,1.09,0.13,0.12,0.12,0.12,-0.02,0.49,0.05,1.32,0.59
ACME SOLAR HOLDINGS,CAPITAL GOODS,CAPITAL GOODS POWER,SMALL CAP,ACMESOLAR,337.65,18328.15,8.12,10.98,24.14,29.13,2023.38,3661.5,6549.0,9143.66,83.61,94.12,150.38,118.75,496.24,663.79,1391.45,1882.6,41.58,30.76,13.99,11.59,1781.53,3212.18,5869.5,8084.54,0.88,0.88,0.9,0.88,80.96,78.86,39.62,79.91,65.33,80.3,82.73,37.74,81.51,65.56,35.2,119.87,20.7,72.41,53.09,22.37,18.78,4.04,3.59,2.25,2.84,2.92,2.89,9.06,5.01,2.8,2.0,3.9,3.27,-0.32,1.9,-1.21,0.89,0.14,0.25,0.18,0.21,0.21,-6.4,3.12,-0.66,-6.92,-5.66,16629.1,24.96,21.0,28.2,51.98,6061.57,7208.7,8738.0,12924.71,231.39,255.74,294.18,291.13,478.96,639.72,1041.16,1408.14,32.52,29.93,22.01,20.77,757.17,1064.5,1560.14,2873.0,0.18,0.16,0.16,0.19,19.36,19.11,14.35,22.64,20.0,21.98,23.37,17.52,24.56,22.11,20.57,28.17,20.16,25.15,26.44,875.95,23.64,22.68,5.78,4.76,2.6,3.75,3.85,3.82,4.49,3.44,2.8,2.56,3.17,3.09,0.03,0.37,0.41,1.28,1.09,0.13,0.12,0.12,0.12,-0.02,0.49,0.05,1.32,0.59
KEC INTERNATIONAL,CAPITAL GOODS,CAPITAL GOODS POWER,SMALL CAP,KEC,541.45,13286.04,24.96,30.47,40.78,54.98,23505.54,26564.77,30152.75,34719.52,231.39,255.74,352.3,291.13,664.37,812.81,1095.12,1465.78,21.69,17.77,13.28,9.85,1658.57,1933.52,2343.29,2873.0,0.07,0.07,0.08,0.08,13.01,13.51,15.15,13.26,13.89,16.58,21.19,22.61,18.86,20.1,22.07,33.85,34.83,27.82,30.12,15.52,13.63,2.34,2.12,1.54,1.86,1.83,1.84,0.57,0.5,0.44,0.38,0.47,0.44,0.22,0.49,0.5,4.95,5.45,0.03,0.03,0.04,0.04,0.23,0.57,0.59,13.36,14.31,16629.1,24.96,21.0,28.2,51.98,6061.57,7208.7,8738.0,12924.71,231.39,255.74,294.18,291.13,478.96,639.72,1041.16,1408.14,32.52,29.93,22.01,20.77,757.17,1064.5,1560.14,2873.0,0.18,0.16,0.16,0.19,19.36,19.11,14.35,22.64,20.0,21.98,23.37,17.52,24.56,22.11,20.57,28.17,20.16,25.15,26.44,875.95,23.64,22.68,5.78,4.76,2.6,3.75,3.85,3.82,4.49,3.44,2.8,2.56,3.17,3.09,0.03,0.37,0.41,1.28,1.09,0.13,0.12,0.12,0.12,-0.02,0.49,0.05,1.32,0.59
TRIVENI TURBINE,CAPITAL GOODS,CAPITAL GOODS POWER,SMALL CAP,TRITURBINE,672.3,21949.06,11.49,13.42,16.54,18.05,2181.1,2457.37,2927.08,3186.7,45.49,54.34,74.0,65.56,365.4,427.38,526.13,573.4,58.51,50.1,40.65,37.25,450.3,516.74,627.57,701.7,0.21,0.21,0.21,0.22,12.67,19.11,8.87,15.85,13.47,14.76,21.45,11.81,18.05,15.94,16.78,23.27,9.13,19.98,16.25,45.38,42.67,14.78,12.37,9.09,10.25,10.73,10.57,10.06,8.93,7.5,6.89,8.22,7.77,0.38,0.41,0.58,1.91,2.17,0.17,0.17,0.18,0.18,0.64,0.58,0.02,3.58,2.41,16629.1,24.96,21.0,28.2,51.98,6061.57,7208.7,8738.0,12924.71,231.39,255.74,294.18,291.13,478.96,639.72,1041.16,1408.14,32.52,29.93,22.01,20.77,757.17,1064.5,1560.14,2873.0,0.18,0.16,0.16,0.19,19.36,19.11,14.35,22.64,20.0,21.98,23.37,17.52,24.56,22.11,20.57,28.17,20.16,25.15,26.44,875.95,23.64,22.68,5.78,4.76,2.6,3.75,3.85,3.82,4.49,3.44,2.8,2.56,3.17,3.09,0.03,0.37,0.41,1.28,1.09,0.13,0.12,0.12,0.12,-0.02,0.49,0.05,1.32,0.59
KALPATARU POWER TNSM.,CAPITAL GOODS,CAPITAL GOODS POWER,SMALL CAP,KPIL,1398.7,22150.89,41.3,55.1,70.62,87.64,18887.91,24710.13,29028.91,33591.64,420.73,467.22,616.58,537.52,680.95,878.68,1202.5,1408.14,33.87,25.38,19.81,15.96,1586.99,2040.64,2539.25,3034.86,0.08,0.08,0.09,0.09,30.83,17.48,15.72,23.97,21.16,28.59,24.43,19.52,26.49,24.12,33.41,28.17,24.1,30.76,28.5,22.6,20.38,3.32,2.99,2.27,2.6,2.63,2.62,1.17,0.9,0.76,0.66,0.83,0.77,-0.14,0.49,0.29,2.03,2.45,0.04,0.04,0.04,0.04,-0.05,0.59,0.05,7.19,5.15,16629.1,24.96,21.0,28.2,51.98,6061.57,7208.7,8738.0,12924.71,231.39,255.74,294.18,291.13,478.96,639.72,1041.16,1408.14,32.52,29.93,22.01,20.77,757.17,1064.5,1560.14,2873.0,0.18,0.16,0.16,0.19,19.36,19.11,14.35,22.64,20.0,21.98,23.37,17.52,24.56,22.11,20.57,28.17,20.16,25.15,26.44,875.95,23.64,22.68,5.78,4.76,2.6,3.75,3.85,3.82,4.49,3.44,2.8,2.56,3.17,3.09,0.03,0.37,0.41,1.28,1.09,0.13,0.12,0.12,0.12,-0.02,0.49,0.05,1.32,0.59
STERLING AND WILSON RENEWABLE ENERGY,CAPITAL GOODS,CAPITAL GOODS POWER,SMALL CAP,SWSOLAR,235.47,4478.9,-13.25,13.25,18.3,,7548.05,9009.05,10942.6,,,,,,-309.43,308.35,426.55,,-17.77,17.77,12.87,,302.39,399.5,519.85,,0.04,0.04,0.05,,19.36,21.46,,20.4,,32.11,30.13,,31.12,,-200.0,38.11,,,,15.32,15.32,,,,,,,0.59,0.5,0.41,,0.45,0.45,0.43,0.32,,8.9,,-0.04,0.03,0.04,,7.52,0.48,,,,16629.1,24.96,21.0,28.2,51.98,6061.57,7208.7,8738.0,12924.71,231.39,255.74,294.18,291.13,478.96,639.72,1041.16,1408.14,32.52,29.93,22.01,20.77,757.17,1064.5,1560.14,2873.0,0.18,0.16,0.16,0.19,19.36,19.11,14.35,22.64,20.0,21.98,23.37,17.52,24.56,22.11,20.57,28.17,20.16,25.15,26.44,875.95,23.64,22.68,5.78,4.76,2.6,3.75,3.85,3.82,4.49,3.44,2.8,2.56,3.17,3.09,0.03,0.37,0.41,1.28,1.09,0.13,0.12,0.12,0.12,-0.02,0.49,0.05,1.32,0.59
SCHNEIDER ELECTRIC INFR.,CAPITAL GOODS,CAPITAL GOODS POWER,SMALL CAP,SCHNEIDER,1331.4,32919.84,10.46,12.26,19.68,25.12,2636.71,3130.41,4119.54,5026.53,,,,,250.24,297.4,397.2,494.8,127.28,108.64,67.64,53.0,382.77,459.16,674.8,844.05,0.15,0.15,0.16,0.17,18.72,31.6,22.02,25.0,23.99,19.96,46.96,25.08,32.78,30.16,17.16,60.63,27.61,37.18,33.92,88.14,76.43,,,,,,,12.49,10.52,7.99,6.55,9.25,8.35,0.15,1.71,0.41,6.22,4.97,0.09,0.1,0.1,0.1,0.01,0.14,0.2,0.79,1.23,16629.1,24.96,21.0,28.2,51.98,6061.57,7208.7,8738.0,12924.71,231.39,255.74,294.18,291.13,478.96,639.72,1041.16,1408.14,32.52,29.93,22.01,20.77,757.17,1064.5,1560.14,2873.0,0.18,0.16,0.16,0.19,19.36,19.11,14.35,22.64,20.0,21.98,23.37,17.52,24.56,22.11,20.57,28.17,20.16,25.15,26.44,875.95,23.64,22.68,5.78,4.76,2.6,3.75,3.85,3.82,4.49,3.44,2.8,2.56,3.17,3.09,0.03,0.37,0.41,1.28,1.09,0.13,0.12,0.12,0.12,-0.02,0.49,0.05,1.32,0.59
ESAB INDIA,CAPITAL GOODS,CAPITAL GOODS POWER,SMALL CAP,ESABINDIA,5829.0,10775.11,,,,,,,,,,,,,,,,,,,,,,,,,,,,,,,,,,,,,,,,,,,,,,,,,,,,,,,,,,,,,,,,,,,,,,,,16629.1,24.96,21.0,28.2,51.98,6061.57,7208.7,8738.0,12924.71,231.39,255.74,294.18,291.13,478.96,639.72,1041.16,1408.14,32.52,29.93,22.01,20.77,757.17,1064.5,1560.14,2873.0,0.18,0.16,0.16,0.19,19.36,19.11,14.35,22.64,20.0,21.98,23.37,17.52,24.56,22.11,20.57,28.17,20.16,25.15,26.44,875.95,23.64,22.68,5.78,4.76,2.6,3.75,3.85,3.82,4.49,3.44,2.8,2.56,3.17,3.09,0.03,0.37,0.41,1.28,1.09,0.13,0.12,0.12,0.12,-0.02,0.49,0.05,1.32,0.59
POWER MECH PROJECTS,CAPITAL GOODS,CAPITAL GOODS POWER,SMALL CAP,POWERMECH,2839.9,7884.78,115.12,138.8,172.7,,6061.57,7208.7,8738.0,,796.55,944.9,,1127.8,363.98,439.0,546.1,,24.67,20.46,16.44,,704.61,837.4,1041.8,,0.12,0.12,0.12,,18.92,21.21,,20.06,,18.85,24.41,,21.6,,20.57,24.42,,22.48,,18.45,18.45,3.57,3.01,,2.52,3.01,2.76,1.3,1.09,0.9,,1.0,1.0,-0.01,0.31,,1.28,,0.06,0.06,0.06,,0.09,0.16,,2.02,,16629.1,24.96,21.0,28.2,51.98,6061.57,7208.7,8738.0,12924.71,231.39,255.74,294.18,291.13,478.96,639.72,1041.16,1408.14,32.52,29.93,22.01,20.77,757.17,1064.5,1560.14,2873.0,0.18,0.16,0.16,0.19,19.36,19.11,14.35,22.64,20.0,21.98,23.37,17.52,24.56,22.11,20.57,28.17,20.16,25.15,26.44,875.95,23.64,22.68,5.78,4.76,2.6,3.75,3.85,3.82,4.49,3.44,2.8,2.56,3.17,3.09,0.03,0.37,0.41,1.28,1.09,0.13,0.12,0.12,0.12,-0.02,0.49,0.05,1.32,0.59
VOLTAMP TRANSFORMERS,CAPITAL GOODS,CAPITAL GOODS POWER,SMALL CAP,VOLTAMP,10237.5,9280.43,301.85,333.01,388.96,423.3,2153.69,2497.91,2863.87,3083.7,1771.06,2003.78,,2275.38,305.38,336.97,393.54,428.3,33.92,30.74,26.32,24.18,355.32,392.26,460.33,522.2,0.16,0.16,0.16,0.17,15.98,14.65,7.68,15.31,12.71,10.4,17.35,13.44,13.82,13.69,10.32,16.8,8.83,13.52,11.93,28.53,27.08,5.78,5.11,,4.5,5.11,4.8,4.31,3.72,3.24,3.01,3.48,3.32,-0.79,0.37,0.86,-1.29,0.87,0.14,0.13,0.14,0.14,-0.69,0.25,0.15,-1.56,-0.69,16629.1,24.96,21.0,28.2,51.98,6061.57,7208.7,8738.0,12924.71,231.39,255.74,294.18,291.13,478.96,639.72,1041.16,1408.14,32.52,29.93,22.01,20.77,757.17,1064.5,1560.14,2873.0,0.18,0.16,0.16,0.19,19.36,19.11,14.35,22.64,20.0,21.98,23.37,17.52,24.56,22.11,20.57,28.17,20.16,25.15,26.44,875.95,23.64,22.68,5.78,4.76,2.6,3.75,3.85,3.82,4.49,3.44,2.8,2.56,3.17,3.09,0.03,0.37,0.41,1.28,1.09,0.13,0.12,0.12,0.12,-0.02,0.49,0.05,1.32,0.59
BOROSIL RENEWABLES,CAPITAL GOODS,CAPITAL GOODS POWER,SMALL CAP,BORORENEW,598.25,7147.42,25.3,8.5,9.9,,1555.84,1361.9,1517.7,,,,,,,,,,23.65,70.38,60.43,,440.44,204.2,225.6,,0.28,0.15,0.15,,-12.47,11.44,,-1.23,,-53.64,10.48,,-28.43,,-66.4,16.47,,-37.45,,65.41,65.41,,,,,,,4.59,5.25,4.71,,4.98,4.98,-13.32,-0.13,,-27.54,,,,,,,,,,,16629.1,24.96,21.0,28.2,51.98,6061.57,7208.7,8738.0,12924.71,231.39,255.74,294.18,291.13,478.96,639.72,1041.16,1408.14,32.52,29.93,22.01,20.77,757.17,1064.5,1560.14,2873.0,0.18,0.16,0.16,0.19,19.36,19.11,14.35,22.64,20.0,21.98,23.37,17.52,24.56,22.11,20.57,28.17,20.16,25.15,26.44,875.95,23.64,22.68,5.78,4.76,2.6,3.75,3.85,3.82,4.49,3.44,2.8,2.56,3.17,3.09,0.03,0.37,0.41,1.28,1.09,0.13,0.12,0.12,0.12,-0.02,0.49,0.05,1.32,0.59
TD POWER SYSTEMS,CAPITAL GOODS,CAPITAL GOODS POWER,SMALL CAP,TDPOWERSYS,1272.7,21359.54,15.28,21.0,28.2,,1856.23,2409.95,3075.85,3318.5,,,,,238.77,329.85,441.3,,83.29,60.6,45.13,,329.72,453.7,600.5,,0.18,0.19,0.2,,29.83,27.63,7.89,28.73,21.37,37.6,32.36,,34.95,,37.43,34.29,,35.85,,52.87,52.87,,,,,,,11.51,8.86,6.94,6.44,7.9,7.41,1.06,0.7,,4.84,,0.13,0.14,0.14,,0.82,0.66,,5.61,,16629.1,24.96,21.0,28.2,51.98,6061.57,7208.7,8738.0,12924.71,231.39,255.74,294.18,291.13,478.96,639.72,1041.16,1408.14,32.52,29.93,22.01,20.77,757.17,1064.5,1560.14,2873.0,0.18,0.16,0.16,0.19,19.36,19.11,14.35,22.64,20.0,21.98,23.37,17.52,24.56,22.11,20.57,28.17,20.16,25.15,26.44,875.95,23.64,22.68,5.78,4.76,2.6,3.75,3.85,3.82,4.49,3.44,2.8,2.56,3.17,3.09,0.03,0.37,0.41,1.28,1.09,0.13,0.12,0.12,0.12,-0.02,0.49,0.05,1.32,0.59
JYOTI STRUCTURES,CAPITAL GOODS,CAPITAL GOODS POWER,SMALL CAP,JYOTISTRUC,12.37,1489.69,,,,,,,,,,,,,,,,,,,,,,,,,,,,,,,,,,,,,,,,,,,,,,,,,,,,,,,,,,,,,,,,,,,,,,,,16629.1,24.96,21.0,28.2,51.98,6061.57,7208.7,8738.0,12924.71,231.39,255.74,294.18,291.13,478.96,639.72,1041.16,1408.14,32.52,29.93,22.01,20.77,757.17,1064.5,1560.14,2873.0,0.18,0.16,0.16,0.19,19.36,19.11,14.35,22.64,20.0,21.98,23.37,17.52,24.56,22.11,20.57,28.17,20.16,25.15,26.44,875.95,23.64,22.68,5.78,4.76,2.6,3.75,3.85,3.82,4.49,3.44,2.8,2.56,3.17,3.09,0.03,0.37,0.41,1.28,1.09,0.13,0.12,0.12,0.12,-0.02,0.49,0.05,1.32,0.59
INOX GREEN ENERGY SERVICES,CAPITAL GOODS,CAPITAL GOODS POWER,SMALL CAP,INOXGREEN,199.47,7198.34,,,,,,,,,,,,,,,,,,,,,,,,,,,,,,,,,,,,,,,,,,,,,,,,,,,,,,,,,,,,,,,,,,,,,,,,16629.1,24.96,21.0,28.2,51.98,6061.57,7208.7,8738.0,12924.71,231.39,255.74,294.18,291.13,478.96,639.72,1041.16,1408.14,32.52,29.93,22.01,20.77,757.17,1064.5,1560.14,2873.0,0.18,0.16,0.16,0.19,19.36,19.11,14.35,22.64,20.0,21.98,23.37,17.52,24.56,22.11,20.57,28.17,20.16,25.15,26.44,875.95,23.64,22.68,5.78,4.76,2.6,3.75,3.85,3.82,4.49,3.44,2.8,2.56,3.17,3.09,0.03,0.37,0.41,1.28,1.09,0.13,0.12,0.12,0.12,-0.02,0.49,0.05,1.32,0.59
BEML,CAPITAL GOODS,CAPITAL GOODS CONSTRUCTION VEHICLE,SMALL CAP,BEML,1749.3,15364.32,35.32,40.3,56.28,75.67,4022.22,4485.15,5413.15,6564.5,342.66,365.02,452.47,403.75,294.19,320.38,469.45,631.43,49.53,43.41,31.08,23.12,506.08,547.02,733.78,959.67,0.13,0.12,0.14,0.15,11.51,20.69,21.27,16.01,17.74,8.09,34.14,30.78,20.41,23.78,14.1,39.64,34.46,26.23,28.91,37.25,32.54,5.11,4.79,3.87,4.33,4.33,4.33,3.82,3.43,2.84,2.34,3.13,2.87,-0.39,1.36,1.06,3.8,5.13,0.07,0.07,0.09,0.1,-0.17,1.53,0.95,8.89,9.56,12189.85,60.04,51.26,62.94,77.36,2679.26,2988.25,3546.18,4230.82,267.84,285.71,354.58,314.35,280.86,300.84,397.5,500.67,51.97,58.76,48.67,40.73,423.29,457.99,576.51,718.96,0.19,0.18,0.19,0.2,11.56,16.64,17.12,14.05,15.06,8.22,23.89,22.43,15.69,17.88,-6.24,25.75,24.01,8.42,13.31,1362.48,53.71,49.39,14.5,13.57,10.91,12.42,12.24,12.3,7.05,6.32,5.51,4.79,5.91,5.54,-0.56,0.79,0.65,1.39,2.39,0.14,0.13,0.14,0.15,-0.66,1.03,0.53,3.65,4.34
ACTION CONSTRUCTION EQUIPMENT,CAPITAL GOODS,CAPITAL GOODS CONSTRUCTION VEHICLE,SMALL CAP,ACE,975.65,10651.1,,,,,,,,,,,,,,,,,,,,,,,,,,,,,,,,,,,,,,,,,,,,,,,,,,,,,,,,,,,,,,,,,,,,,,,,12189.85,60.04,51.26,62.94,77.36,2679.26,2988.25,3546.18,4230.82,267.84,285.71,354.58,314.35,280.86,300.84,397.5,500.67,51.97,58.76,48.67,40.73,423.29,457.99,576.51,718.96,0.19,0.18,0.19,0.2,11.56,16.64,17.12,14.05,15.06,8.22,23.89,22.43,15.69,17.88,-6.24,25.75,24.01,8.42,13.31,1362.48,53.71,49.39,14.5,13.57,10.91,12.42,12.24,12.3,7.05,6.32,5.51,4.79,5.91,5.54,-0.56,0.79,0.65,1.39,2.39,0.14,0.13,0.14,0.15,-0.66,1.03,0.53,3.65,4.34
INGERSOLL-RAND (INDIA),CAPITAL GOODS,CAPITAL GOODS CONSTRUCTION VEHICLE,SMALL CAP,INGERRAND,4611.3,13728.6,84.75,62.22,69.6,79.04,1336.29,1491.35,1679.2,1897.15,193.02,206.4,256.7,224.95,267.53,281.3,325.55,369.9,54.41,74.11,66.25,58.34,340.49,368.95,419.25,478.25,0.25,0.25,0.25,0.25,11.6,12.6,12.98,12.1,12.39,8.36,13.63,14.07,10.96,11.99,-26.58,11.86,13.56,-9.38,-2.3,70.18,66.23,23.89,22.34,17.96,20.5,20.15,20.27,10.27,9.21,8.18,7.24,8.69,8.21,-0.74,0.23,0.24,-1.01,-0.36,0.2,0.19,0.19,0.19,-1.16,0.53,0.11,-1.59,-0.88,12189.85,60.04,51.26,62.94,77.36,2679.26,2988.25,3546.18,4230.82,267.84,285.71,354.58,314.35,280.86,300.84,397.5,500.67,51.97,58.76,48.67,40.73,423.29,457.99,576.51,718.96,0.19,0.18,0.19,0.2,11.56,16.64,17.12,14.05,15.06,8.22,23.89,22.43,15.69,17.88,-6.24,25.75,24.01,8.42,13.31,1362.48,53.71,49.39,14.5,13.57,10.91,12.42,12.24,12.3,7.05,6.32,5.51,4.79,5.91,5.54,-0.56,0.79,0.65,1.39,2.39,0.14,0.13,0.14,0.15,-0.66,1.03,0.53,3.65,4.34
UNIPARTS INDIA,CAPITAL GOODS,CAPITAL GOODS CONSTRUCTION VEHICLE,SMALL CAP,UNIPARTS,674.7,2739.22,,,,,,,,,,,,,,,,,,,,,,,,,,,,,,,,,,,,,,,,,,,,,,,,,,,,,,,,,,,,,,,,,,,,,,,,12189.85,60.04,51.26,62.94,77.36,2679.26,2988.25,3546.18,4230.82,267.84,285.71,354.58,314.35,280.86,300.84,397.5,500.67,51.97,58.76,48.67,40.73,423.29,457.99,576.51,718.96,0.19,0.18,0.19,0.2,11.56,16.64,17.12,14.05,15.06,8.22,23.89,22.43,15.69,17.88,-6.24,25.75,24.01,8.42,13.31,1362.48,53.71,49.39,14.5,13.57,10.91,12.42,12.24,12.3,7.05,6.32,5.51,4.79,5.91,5.54,-0.56,0.79,0.65,1.39,2.39,0.14,0.13,0.14,0.15,-0.66,1.03,0.53,3.65,4.34
ELECON ENGINEERING,CAPITAL GOODS,BEARINGS,SMALL CAP,ELECON,539.05,11784.36,16.15,18.9,23.0,29.5,2366.05,2702.5,3120.63,3988.2,102.76,118.57,163.2,137.93,362.45,474.57,549.85,662.3,33.38,28.52,23.44,18.27,523.14,603.63,714.8,924.7,0.22,0.22,0.23,0.23,14.22,15.47,27.8,14.84,19.01,15.39,18.42,29.36,16.89,20.91,17.03,21.69,28.26,19.34,22.24,25.98,23.41,5.25,4.55,3.3,3.91,3.92,3.92,4.98,4.36,3.78,2.95,4.07,3.7,0.23,0.57,0.28,1.78,1.6,0.15,0.18,0.18,0.17,2.24,0.06,-1.01,7.25,2.73,10120.86,35.01,37.1,43.01,42.3,2247.82,2524.28,2844.78,3358.8,102.76,236.08,279.5,265.81,327.78,376.57,418.83,662.3,30.5,29.28,24.79,24.0,385.69,465.44,575.04,665.85,0.19,0.19,0.2,0.19,13.09,13.21,15.02,12.97,13.65,20.16,18.24,16.55,18.21,18.42,16.19,17.19,14.44,17.06,15.88,1088.68,27.04,26.02,5.25,5.0,4.04,4.38,4.52,4.47,4.48,3.98,3.53,3.03,3.76,3.51,1.12,0.63,0.15,4.65,3.31,0.13,0.12,0.13,0.14,0.44,0.38,0.17,3.81,2.73
SCHAEFFLER INDIA,CAPITAL GOODS,BEARINGS,MID CAP,SCHAEFFLER,4329.9,65586.6,73.6,87.26,100.84,113.78,9685.85,10977.31,12460.4,14465.0,386.94,433.05,565.83,491.12,1150.35,1363.83,1576.56,1778.22,58.83,49.62,42.94,38.06,2059.58,2055.06,2379.53,2604.18,0.21,0.19,0.19,0.18,13.33,13.51,16.09,13.42,14.3,-0.22,15.79,9.44,7.49,8.13,18.56,15.57,12.82,17.05,15.63,46.28,43.54,11.19,10.0,7.65,8.82,8.83,8.82,6.77,5.97,5.26,4.53,5.62,5.26,-2.54,0.38,-1.09,-5.23,-5.4,0.12,0.12,0.13,0.12,0.55,0.23,-0.36,3.21,1.16,10120.86,35.01,37.1,43.01,42.3,2247.82,2524.28,2844.78,3358.8,102.76,236.08,279.5,265.81,327.78,376.57,418.83,662.3,30.5,29.28,24.79,24.0,385.69,465.44,575.04,665.85,0.19,0.19,0.2,0.19,13.09,13.21,15.02,12.97,13.65,20.16,18.24,16.55,18.21,18.42,16.19,17.19,14.44,17.06,15.88,1088.68,27.04,26.02,5.25,5.0,4.04,4.38,4.52,4.47,4.48,3.98,3.53,3.03,3.76,3.51,1.12,0.63,0.15,4.65,3.31,0.13,0.12,0.13,0.14,0.44,0.38,0.17,3.81,2.73
SKF INDIA,CAPITAL GOODS,BEARINGS,SMALL CAP,SKFINDIA,1638.3,8457.35,59.29,54.54,62.66,55.1,2129.59,2346.06,2568.92,2729.4,,300.35,343.0,337.65,293.11,278.58,287.8,,27.63,30.04,26.15,29.73,248.24,327.24,435.28,407.0,0.12,0.14,0.17,0.15,10.16,9.5,6.25,9.83,8.62,31.82,33.02,-6.5,32.42,17.92,-8.01,14.89,-12.07,2.8,-2.41,28.09,28.64,,5.45,4.78,4.85,5.12,5.03,3.97,3.6,3.29,3.1,3.45,3.33,2.29,3.0,-2.03,20.56,8.56,0.14,0.12,0.11,,-1.89,-0.67,,-9.78,,10120.86,35.01,37.1,43.01,42.3,2247.82,2524.28,2844.78,3358.8,102.76,236.08,279.5,265.81,327.78,376.57,418.83,662.3,30.5,29.28,24.79,24.0,385.69,465.44,575.04,665.85,0.19,0.19,0.2,0.19,13.09,13.21,15.02,12.97,13.65,20.16,18.24,16.55,18.21,18.42,16.19,17.19,14.44,17.06,15.88,1088.68,27.04,26.02,5.25,5.0,4.04,4.38,4.52,4.47,4.48,3.98,3.53,3.03,3.76,3.51,1.12,0.63,0.15,4.65,3.31,0.13,0.12,0.13,0.14,0.44,0.38,0.17,3.81,2.73
TIMKEN INDIA,CAPITAL GOODS,BEARINGS,SMALL CAP,TIMKEN,3689.4,27114.84,52.96,67.17,83.63,100.7,3419.32,3947.88,4525.25,5329.2,,467.86,606.0,548.8,398.33,490.85,626.42,761.1,69.66,54.93,44.11,36.64,611.74,750.33,915.77,1080.15,0.18,0.19,0.2,0.2,15.46,14.62,17.77,15.04,15.94,22.65,22.05,17.95,22.35,20.87,26.83,24.52,20.41,25.67,23.89,49.52,45.23,,7.89,6.09,6.72,6.99,6.9,7.93,6.87,5.99,5.09,6.43,5.98,1.12,1.23,0.03,6.35,4.25,0.12,0.12,0.14,0.14,0.78,1.41,0.44,9.01,7.03,10120.86,35.01,37.1,43.01,42.3,2247.82,2524.28,2844.78,3358.8,102.76,236.08,279.5,265.81,327.78,376.57,418.83,662.3,30.5,29.28,24.79,24.0,385.69,465.44,575.04,665.85,0.19,0.19,0.2,0.19,13.09,13.21,15.02,12.97,13.65,20.16,18.24,16.55,18.21,18.42,16.19,17.19,14.44,17.06,15.88,1088.68,27.04,26.02,5.25,5.0,4.04,4.38,4.52,4.47,4.48,3.98,3.53,3.03,3.76,3.51,1.12,0.63,0.15,4.65,3.31,0.13,0.12,0.13,0.14,0.44,0.38,0.17,3.81,2.73
ROLEX RINGS,CAPITAL GOODS,BEARINGS,SMALL CAP,ROLEXRINGS,143.23,3920.51,7.08,7.75,8.9,10.2,1143.5,1290.45,1447.6,1649.6,44.56,52.0,71.0,61.0,192.74,204.9,241.2,278.2,20.23,18.48,16.09,14.04,230.24,274.7,308.85,356.3,0.2,0.21,0.21,0.22,12.85,12.18,13.95,12.51,12.99,19.31,12.43,15.36,15.82,15.67,9.46,14.84,14.61,12.12,12.94,17.29,16.21,3.21,2.75,2.02,2.35,2.39,2.37,3.43,3.04,2.71,2.38,2.87,2.71,1.15,0.05,0.26,2.94,2.37,0.17,0.16,0.17,0.17,-0.98,0.78,0.2,-0.57,0.02,10120.86,35.01,37.1,43.01,42.3,2247.82,2524.28,2844.78,3358.8,102.76,236.08,279.5,265.81,327.78,376.57,418.83,662.3,30.5,29.28,24.79,24.0,385.69,465.44,575.04,665.85,0.19,0.19,0.2,0.19,13.09,13.21,15.02,12.97,13.65,20.16,18.24,16.55,18.21,18.42,16.19,17.19,14.44,17.06,15.88,1088.68,27.04,26.02,5.25,5.0,4.04,4.38,4.52,4.47,4.48,3.98,3.53,3.03,3.76,3.51,1.12,0.63,0.15,4.65,3.31,0.13,0.12,0.13,0.14,0.44,0.38,0.17,3.81,2.73
HARSHA ENGINEERS INTERNATIONAL,CAPITAL GOODS,BEARINGS,SMALL CAP,HARSHA,431.05,3639.03,17.05,19.67,23.37,26.7,1626.79,1819.27,2054.3,2300.3,,171.8,216.0,193.97,155.2,179.67,213.6,243.2,25.28,21.92,18.45,16.14,224.86,272.1,321.23,378.2,0.14,0.15,0.16,0.16,11.83,12.92,11.97,12.37,12.24,21.01,18.06,17.73,19.52,18.92,15.35,18.81,14.26,17.07,16.13,20.18,18.84,,2.51,2.0,2.22,2.25,2.24,2.24,2.0,1.77,1.58,1.89,1.78,1.13,0.68,0.8,6.36,5.95,0.1,0.1,0.1,0.11,0.34,0.52,0.17,4.4,3.48,10120.86,35.01,37.1,43.01,42.3,2247.82,2524.28,2844.78,3358.8,102.76,236.08,279.5,265.81,327.78,376.57,418.83,662.3,30.5,29.28,24.79,24.0,385.69,465.44,575.04,665.85,0.19,0.19,0.2,0.19,13.09,13.21,15.02,12.97,13.65,20.16,18.24,16.55,18.21,18.42,16.19,17.19,14.44,17.06,15.88,1088.68,27.04,26.02,5.25,5.0,4.04,4.38,4.52,4.47,4.48,3.98,3.53,3.03,3.76,3.51,1.12,0.63,0.15,4.65,3.31,0.13,0.12,0.13,0.14,0.44,0.38,0.17,3.81,2.73
PRAJ INDUSTRIES,CAPITAL GOODS,OTHER CAPITAL GOODS,SMALL CAP,PRAJIND,340.5,7239.48,10.38,4.79,8.65,12.07,3228.04,3197.47,3555.7,4038.24,75.17,74.0,88.15,79.53,190.75,61.57,158.76,222.17,32.8,71.13,39.35,28.21,324.83,195.49,303.33,386.7,0.1,0.06,0.09,0.1,-0.95,11.2,13.57,4.95,7.75,-39.82,55.17,27.49,-3.37,5.98,-53.88,80.76,39.5,-8.7,5.16,55.24,46.23,4.53,4.6,3.86,4.28,4.23,4.25,2.24,2.26,2.04,1.79,2.15,2.03,-3.95,2.42,1.05,-7.93,-1.64,0.06,0.02,0.04,0.06,-3.98,2.54,1.04,-13.08,-2.35,10091.32,23.35,26.25,42.41,38.08,2695.7,3197.47,3555.7,4044.4,109.8,129.25,145.9,153.15,265.68,305.03,369.9,455.7,38.93,43.43,37.94,29.51,344.79,414.07,511.05,669.3,0.14,0.14,0.14,0.14,14.66,15.16,13.57,14.62,12.29,17.31,23.17,20.1,17.1,18.46,14.12,20.25,20.99,18.18,18.8,773.8,40.6,36.94,7.08,6.36,3.86,5.43,5.48,5.45,5.24,4.53,3.99,3.57,4.26,4.0,0.09,0.68,0.85,2.5,1.07,0.1,0.12,0.12,0.11,-0.03,0.51,0.88,3.45,1.82
TECHNO ELEC.& ENGR.CO.,CAPITAL GOODS,OTHER CAPITAL GOODS,SMALL CAP,TECHNOE,1079.3,13969.9,37.65,44.2,55.7,61.7,2401.74,3503.4,4607.4,5180.8,323.9,357.0,445.1,398.8,428.1,513.5,648.0,718.0,28.67,24.42,19.38,17.49,328.02,490.5,649.6,730.5,0.14,0.14,0.14,0.14,45.87,31.51,12.45,38.5,29.21,49.54,32.44,12.45,40.73,30.59,17.4,26.02,10.77,21.63,17.9,21.9,20.43,3.33,3.02,2.42,2.71,2.72,2.72,5.82,3.99,3.03,2.7,3.51,3.24,0.34,0.1,0.0,1.6,1.07,0.18,0.15,0.14,0.14,-3.17,-0.59,-0.21,-11.17,-8.05,10091.32,23.35,26.25,42.41,38.08,2695.7,3197.47,3555.7,4044.4,109.8,129.25,145.9,153.15,265.68,305.03,369.9,455.7,38.93,43.43,37.94,29.51,344.79,414.07,511.05,669.3,0.14,0.14,0.14,0.14,14.66,15.16,13.57,14.62,12.29,17.31,23.17,20.1,17.1,18.46,14.12,20.25,20.99,18.18,18.8,773.8,40.6,36.94,7.08,6.36,3.86,5.43,5.48,5.45,5.24,4.53,3.99,3.57,4.26,4.0,0.09,0.68,0.85,2.5,1.07,0.1,0.12,0.12,0.11,-0.03,0.51,0.88,3.45,1.82
INOX INDIA,CAPITAL GOODS,OTHER CAPITAL GOODS,SMALL CAP,INOXINDIA,1917.8,13506.51,28.69,35.37,42.5,49.2,1587.06,1869.7,2190.23,2623.4,123.13,147.8,,179.2,261.17,319.8,385.7,455.7,66.85,54.23,45.12,38.98,344.79,414.07,499.97,581.2,0.22,0.22,0.23,0.22,17.81,17.14,19.78,17.48,18.24,20.09,20.75,16.25,20.42,19.01,23.27,20.17,15.76,21.71,19.7,49.68,46.11,15.57,12.98,,10.7,12.98,11.84,8.51,7.22,6.17,5.15,6.7,6.18,0.42,0.68,-0.67,2.5,0.65,0.16,0.17,0.18,0.17,0.65,0.51,-0.24,3.45,1.82,10091.32,23.35,26.25,42.41,38.08,2695.7,3197.47,3555.7,4044.4,109.8,129.25,145.9,153.15,265.68,305.03,369.9,455.7,38.93,43.43,37.94,29.51,344.79,414.07,511.05,669.3,0.14,0.14,0.14,0.14,14.66,15.16,13.57,14.62,12.29,17.31,23.17,20.1,17.1,18.46,14.12,20.25,20.99,18.18,18.8,773.8,40.6,36.94,7.08,6.36,3.86,5.43,5.48,5.45,5.24,4.53,3.99,3.57,4.26,4.0,0.09,0.68,0.85,2.5,1.07,0.1,0.12,0.12,0.11,-0.03,0.51,0.88,3.45,1.82
ISGEC HEAVY ENGINEERING,CAPITAL GOODS,OTHER CAPITAL GOODS,SMALL CAP,ISGEC,925.0,7688.24,,,,,,,,,,,,,,,,,,,,,,,,,,,,,,,,,,,,,,,,,,,,,,,,,,,,,,,,,,,,,,,,,,,,,,,,10091.32,23.35,26.25,42.41,38.08,2695.7,3197.47,3555.7,4044.4,109.8,129.25,145.9,153.15,265.68,305.03,369.9,455.7,38.93,43.43,37.94,29.51,344.79,414.07,511.05,669.3,0.14,0.14,0.14,0.14,14.66,15.16,13.57,14.62,12.29,17.31,23.17,20.1,17.1,18.46,14.12,20.25,20.99,18.18,18.8,773.8,40.6,36.94,7.08,6.36,3.86,5.43,5.48,5.45,5.24,4.53,3.99,3.57,4.26,4.0,0.09,0.68,0.85,2.5,1.07,0.1,0.12,0.12,0.11,-0.03,0.51,0.88,3.45,1.82
KIRLOSKAR BROTHERS,CAPITAL GOODS,OTHER CAPITAL GOODS,SMALL CAP,KIRLOSBROS,1933.6,12789.6,,,,,,,,,,,,,,,,,,,,,,,,,,,,,,,,,,,,,,,,,,,,,,,,,,,,,,,,,,,,,,,,,,,,,,,,10091.32,23.35,26.25,42.41,38.08,2695.7,3197.47,3555.7,4044.4,109.8,129.25,145.9,153.15,265.68,305.03,369.9,455.7,38.93,43.43,37.94,29.51,344.79,414.07,511.05,669.3,0.14,0.14,0.14,0.14,14.66,15.16,13.57,14.62,12.29,17.31,23.17,20.1,17.1,18.46,14.12,20.25,20.99,18.18,18.8,773.8,40.6,36.94,7.08,6.36,3.86,5.43,5.48,5.45,5.24,4.53,3.99,3.57,4.26,4.0,0.09,0.68,0.85,2.5,1.07,0.1,0.12,0.12,0.11,-0.03,0.51,0.88,3.45,1.82
LLOYDS ENGINEERING WORKS,CAPITAL GOODS,OTHER CAPITAL GOODS,SMALL CAP,LLOYDSENGG,86.84,11244.1,,,,,,,,,,,,,,,,,,,,,,,,,,,,,,,,,,,,,,,,,,,,,,,,,,,,,,,,,,,,,,,,,,,,,,,,10091.32,23.35,26.25,42.41,38.08,2695.7,3197.47,3555.7,4044.4,109.8,129.25,145.9,153.15,265.68,305.03,369.9,455.7,38.93,43.43,37.94,29.51,344.79,414.07,511.05,669.3,0.14,0.14,0.14,0.14,14.66,15.16,13.57,14.62,12.29,17.31,23.17,20.1,17.1,18.46,14.12,20.25,20.99,18.18,18.8,773.8,40.6,36.94,7.08,6.36,3.86,5.43,5.48,5.45,5.24,4.53,3.99,3.57,4.26,4.0,0.09,0.68,0.85,2.5,1.07,0.1,0.12,0.12,0.11,-0.03,0.51,0.88,3.45,1.82
VA TECH WABAG,CAPITAL GOODS,OTHER CAPITAL GOODS,SMALL CAP,WABAG,1983.6,9386.61,70.19,69.77,85.5,,3944.2,4522.25,5265.25,,412.22,466.22,,544.2,375.2,438.92,538.22,,28.26,28.43,23.2,,524.1,604.88,705.55,,0.13,0.13,0.13,,14.66,16.43,,15.54,,15.41,16.64,,16.03,,-0.6,22.55,,10.37,,25.82,25.82,4.81,4.25,,3.64,4.25,3.95,2.38,2.08,1.78,,1.93,1.93,0.09,0.02,,0.42,,0.1,0.1,0.1,,0.19,0.52,,3.66,,10091.32,23.35,26.25,42.41,38.08,2695.7,3197.47,3555.7,4044.4,109.8,129.25,145.9,153.15,265.68,305.03,369.9,455.7,38.93,43.43,37.94,29.51,344.79,414.07,511.05,669.3,0.14,0.14,0.14,0.14,14.66,15.16,13.57,14.62,12.29,17.31,23.17,20.1,17.1,18.46,14.12,20.25,20.99,18.18,18.8,773.8,40.6,36.94,7.08,6.36,3.86,5.43,5.48,5.45,5.24,4.53,3.99,3.57,4.26,4.0,0.09,0.68,0.85,2.5,1.07,0.1,0.12,0.12,0.11,-0.03,0.51,0.88,3.45,1.82
KIRLOSKAR PNEUMATIC,CAPITAL GOODS,OTHER CAPITAL GOODS,SMALL CAP,KIRLPNU,1950.0,10796.04,41.56,44.9,51.63,,1786.8,2076.77,2391.53,,192.25,228.35,,271.0,270.2,290.27,333.73,,46.92,43.43,37.77,,357.2,392.5,456.15,,0.2,0.19,0.19,,16.23,15.16,,15.69,,9.88,16.22,,13.01,,8.04,15.0,,11.46,,40.6,40.6,10.14,8.54,,7.2,8.54,7.87,6.04,5.2,4.51,,4.86,4.86,-1.09,0.17,,-2.32,,0.15,0.14,0.14,,-1.15,-0.02,,-3.94,,10091.32,23.35,26.25,42.41,38.08,2695.7,3197.47,3555.7,4044.4,109.8,129.25,145.9,153.15,265.68,305.03,369.9,455.7,38.93,43.43,37.94,29.51,344.79,414.07,511.05,669.3,0.14,0.14,0.14,0.14,14.66,15.16,13.57,14.62,12.29,17.31,23.17,20.1,17.1,18.46,14.12,20.25,20.99,18.18,18.8,773.8,40.6,36.94,7.08,6.36,3.86,5.43,5.48,5.45,5.24,4.53,3.99,3.57,4.26,4.0,0.09,0.68,0.85,2.5,1.07,0.1,0.12,0.12,0.11,-0.03,0.51,0.88,3.45,1.82
SHAKTI PUMPS (INDIA),CAPITAL GOODS,OTHER CAPITAL GOODS,SMALL CAP,SHAKTIPUMP,551.05,6291.44,,,,,,,,,,,,,,,,,,,,,,,,,,,,,,,,,,,,,,,,,,,,,,,,,,,,,,,,,,,,,,,,,,,,,,,,10091.32,23.35,26.25,42.41,38.08,2695.7,3197.47,3555.7,4044.4,109.8,129.25,145.9,153.15,265.68,305.03,369.9,455.7,38.93,43.43,37.94,29.51,344.79,414.07,511.05,669.3,0.14,0.14,0.14,0.14,14.66,15.16,13.57,14.62,12.29,17.31,23.17,20.1,17.1,18.46,14.12,20.25,20.99,18.18,18.8,773.8,40.6,36.94,7.08,6.36,3.86,5.43,5.48,5.45,5.24,4.53,3.99,3.57,4.26,4.0,0.09,0.68,0.85,2.5,1.07,0.1,0.12,0.12,0.11,-0.03,0.51,0.88,3.45,1.82
HLE GLASCOAT,CAPITAL GOODS,OTHER CAPITAL GOODS,SMALL CAP,HLEGLAS,375.0,2308.33,,,,,,,,,,,,,,,,,,,,,,,,,,,,,,,,,,,,,,,,,,,,,,,,,,,,,,,,,,,,,,,,,,,,,,,,10091.32,23.35,26.25,42.41,38.08,2695.7,3197.47,3555.7,4044.4,109.8,129.25,145.9,153.15,265.68,305.03,369.9,455.7,38.93,43.43,37.94,29.51,344.79,414.07,511.05,669.3,0.14,0.14,0.14,0.14,14.66,15.16,13.57,14.62,12.29,17.31,23.17,20.1,17.1,18.46,14.12,20.25,20.99,18.18,18.8,773.8,40.6,36.94,7.08,6.36,3.86,5.43,5.48,5.45,5.24,4.53,3.99,3.57,4.26,4.0,0.09,0.68,0.85,2.5,1.07,0.1,0.12,0.12,0.11,-0.03,0.51,0.88,3.45,1.82
ELGI EQUIPMENTS,CAPITAL GOODS,OTHER CAPITAL GOODS,SMALL CAP,ELGIEQUIP,612.75,17748.09,11.08,12.88,15.48,17.75,3510.4,3916.32,4399.25,4970.68,59.09,69.83,97.77,82.67,350.2,416.47,488.07,563.0,55.3,47.59,39.6,34.52,524.9,576.28,709.82,815.18,0.15,0.15,0.16,0.16,11.56,12.33,12.99,11.95,12.29,9.79,23.17,14.84,16.29,15.8,16.2,20.19,14.7,18.18,17.01,43.59,40.57,10.37,8.77,6.27,7.41,7.52,7.48,5.06,4.53,4.03,3.57,4.28,4.05,-0.24,1.42,0.26,3.88,3.13,0.1,0.11,0.11,0.11,0.66,0.46,0.23,5.46,4.32,10091.32,23.35,26.25,42.41,38.08,2695.7,3197.47,3555.7,4044.4,109.8,129.25,145.9,153.15,265.68,305.03,369.9,455.7,38.93,43.43,37.94,29.51,344.79,414.07,511.05,669.3,0.14,0.14,0.14,0.14,14.66,15.16,13.57,14.62,12.29,17.31,23.17,20.1,17.1,18.46,14.12,20.25,20.99,18.18,18.8,773.8,40.6,36.94,7.08,6.36,3.86,5.43,5.48,5.45,5.24,4.53,3.99,3.57,4.26,4.0,0.09,0.68,0.85,2.5,1.07,0.1,0.12,0.12,0.11,-0.03,0.51,0.88,3.45,1.82
RHI MAGNESITA INDIA,CAPITAL GOODS,OTHER CAPITAL GOODS,SMALL CAP,RHIM,381.95,8375.69,9.81,11.37,17.17,20.4,3674.5,4196.17,4669.73,5173.37,193.64,201.5,232.5,215.3,202.51,233.63,354.1,421.2,38.93,33.6,22.25,18.72,479.08,511.23,654.83,744.5,0.13,0.12,0.14,0.14,14.2,11.29,10.79,12.73,12.08,6.71,28.09,13.69,16.91,15.83,15.87,51.02,18.83,32.29,27.64,27.93,24.86,1.97,1.9,1.64,1.77,1.77,1.77,2.28,2.0,1.79,1.62,1.89,1.8,-0.85,1.84,0.37,3.71,3.35,0.06,0.06,0.08,0.08,0.06,2.02,0.56,17.3,13.89,10091.32,23.35,26.25,42.41,38.08,2695.7,3197.47,3555.7,4044.4,109.8,129.25,145.9,153.15,265.68,305.03,369.9,455.7,38.93,43.43,37.94,29.51,344.79,414.07,511.05,669.3,0.14,0.14,0.14,0.14,14.66,15.16,13.57,14.62,12.29,17.31,23.17,20.1,17.1,18.46,14.12,20.25,20.99,18.18,18.8,773.8,40.6,36.94,7.08,6.36,3.86,5.43,5.48,5.45,5.24,4.53,3.99,3.57,4.26,4.0,0.09,0.68,0.85,2.5,1.07,0.1,0.12,0.12,0.11,-0.03,0.51,0.88,3.45,1.82
LAKSHMI MACHINE WKS.,CAPITAL GOODS,OTHER CAPITAL GOODS,SMALL CAP,LMW,16665.0,16321.48,134.71,212.3,255.3,350.7,3207.42,3807.8,4130.5,4488.3,,,,,143.91,226.7,272.6,374.5,123.71,78.5,65.28,47.52,169.23,280.9,337.8,464.9,0.05,0.07,0.08,0.1,18.72,8.47,8.66,13.48,11.85,65.99,20.26,37.63,41.28,40.05,57.6,20.25,37.37,37.67,37.57,71.89,63.76,,,,,,,5.09,4.29,3.95,3.64,4.12,3.96,2.1,0.8,2.18,24.5,25.21,0.04,0.06,0.07,0.08,1.47,0.65,1.74,21.28,22.97,10091.32,23.35,26.25,42.41,38.08,2695.7,3197.47,3555.7,4044.4,109.8,129.25,145.9,153.15,265.68,305.03,369.9,455.7,38.93,43.43,37.94,29.51,344.79,414.07,511.05,669.3,0.14,0.14,0.14,0.14,14.66,15.16,13.57,14.62,12.29,17.31,23.17,20.1,17.1,18.46,14.12,20.25,20.99,18.18,18.8,773.8,40.6,36.94,7.08,6.36,3.86,5.43,5.48,5.45,5.24,4.53,3.99,3.57,4.26,4.0,0.09,0.68,0.85,2.5,1.07,0.1,0.12,0.12,0.11,-0.03,0.51,0.88,3.45,1.82
KSB,CAPITAL GOODS,OTHER CAPITAL GOODS,SMALL CAP,KSB,902.55,14120.67,17.0,19.4,22.95,26.75,2695.7,3114.85,3541.75,4044.4,96.46,110.7,145.9,127.1,296.0,337.65,399.15,465.0,53.09,46.52,39.33,33.74,373.5,438.15,511.05,311.12,0.14,0.14,0.14,0.08,15.55,13.71,14.19,14.62,14.48,17.31,16.64,-39.12,16.97,-5.91,14.12,18.3,16.56,16.19,16.31,42.92,39.86,9.36,8.15,6.19,7.1,7.17,7.15,5.24,4.53,3.99,3.49,4.26,4.0,0.21,0.36,-6.74,2.05,-17.81,0.11,0.11,0.11,0.11,-0.14,0.43,0.23,1.31,1.55,10091.32,23.35,26.25,42.41,38.08,2695.7,3197.47,3555.7,4044.4,109.8,129.25,145.9,153.15,265.68,305.03,369.9,455.7,38.93,43.43,37.94,29.51,344.79,414.07,511.05,669.3,0.14,0.14,0.14,0.14,14.66,15.16,13.57,14.62,12.29,17.31,23.17,20.1,17.1,18.46,14.12,20.25,20.99,18.18,18.8,773.8,40.6,36.94,7.08,6.36,3.86,5.43,5.48,5.45,5.24,4.53,3.99,3.57,4.26,4.0,0.09,0.68,0.85,2.5,1.07,0.1,0.12,0.12,0.11,-0.03,0.51,0.88,3.45,1.82
GRAPHITE INDIA,CAPITAL GOODS,OTHER CAPITAL GOODS,SMALL CAP,GRAPHITE,639.55,14769.41,23.65,26.25,42.41,56.02,2560.0,2781.53,3337.33,3833.4,300.82,329.55,390.5,355.3,462.0,522.17,847.93,1110.53,27.04,24.37,15.08,11.42,254.87,326.0,582.83,831.47,0.1,0.12,0.17,0.22,8.65,19.98,14.86,14.18,14.41,27.91,78.78,42.66,51.22,48.31,10.98,61.57,32.09,33.91,33.3,19.72,16.95,2.13,1.94,1.64,1.8,1.79,1.79,5.77,5.31,4.43,3.85,4.87,4.53,1.76,5.74,4.23,32.44,29.64,0.18,0.19,0.25,0.29,0.73,6.63,3.56,18.65,17.09,10091.32,23.35,26.25,42.41,38.08,2695.7,3197.47,3555.7,4044.4,109.8,129.25,145.9,153.15,265.68,305.03,369.9,455.7,38.93,43.43,37.94,29.51,344.79,414.07,511.05,669.3,0.14,0.14,0.14,0.14,14.66,15.16,13.57,14.62,12.29,17.31,23.17,20.1,17.1,18.46,14.12,20.25,20.99,18.18,18.8,773.8,40.6,36.94,7.08,6.36,3.86,5.43,5.48,5.45,5.24,4.53,3.99,3.57,4.26,4.0,0.09,0.68,0.85,2.5,1.07,0.1,0.12,0.12,0.11,-0.03,0.51,0.88,3.45,1.82
THE ANUP ENGINEERING,CAPITAL GOODS,OTHER CAPITAL GOODS,SMALL CAP,ANUP,2246.0,3968.63,59.04,53.4,59.2,72.9,732.79,813.4,894.7,1033.4,,,,,118.3,106.3,117.8,145.2,38.04,42.06,37.94,30.81,165.22,178.5,191.0,229.4,0.23,0.22,0.21,0.22,11.0,10.0,15.5,10.5,12.14,8.04,7.0,20.1,7.52,11.56,-9.55,10.86,23.14,0.14,7.28,40.0,36.94,,,,,,,5.42,4.88,4.44,3.84,4.66,4.39,-0.6,-0.6,0.85,-2.7,-0.52,0.16,0.13,0.13,0.14,-3.08,0.1,0.88,-9.69,-4.52,10091.32,23.35,26.25,42.41,38.08,2695.7,3197.47,3555.7,4044.4,109.8,129.25,145.9,153.15,265.68,305.03,369.9,455.7,38.93,43.43,37.94,29.51,344.79,414.07,511.05,669.3,0.14,0.14,0.14,0.14,14.66,15.16,13.57,14.62,12.29,17.31,23.17,20.1,17.1,18.46,14.12,20.25,20.99,18.18,18.8,773.8,40.6,36.94,7.08,6.36,3.86,5.43,5.48,5.45,5.24,4.53,3.99,3.57,4.26,4.0,0.09,0.68,0.85,2.5,1.07,0.1,0.12,0.12,0.11,-0.03,0.51,0.88,3.45,1.82
G M M PFAUDLER,CAPITAL GOODS,OTHER CAPITAL GOODS,SMALL CAP,GMMPFAUDLR,809.65,3580.39,23.35,31.1,48.4,,3523.94,3922.9,4373.0,4876.9,,,,,123.13,135.7,215.5,298.3,34.67,26.03,16.73,,402.62,448.2,552.1,669.3,0.11,0.11,0.13,0.14,11.32,11.47,11.52,11.4,11.44,11.32,23.18,21.23,17.1,18.46,33.19,55.63,,43.97,,21.38,21.38,,,,,,,1.02,0.91,0.82,0.73,0.87,0.82,-0.0,1.2,1.1,5.12,6.3,0.03,0.03,0.05,0.06,-0.03,1.47,1.19,18.76,20.52,10091.32,23.35,26.25,42.41,38.08,2695.7,3197.47,3555.7,4044.4,109.8,129.25,145.9,153.15,265.68,305.03,369.9,455.7,38.93,43.43,37.94,29.51,344.79,414.07,511.05,669.3,0.14,0.14,0.14,0.14,14.66,15.16,13.57,14.62,12.29,17.31,23.17,20.1,17.1,18.46,14.12,20.25,20.99,18.18,18.8,773.8,40.6,36.94,7.08,6.36,3.86,5.43,5.48,5.45,5.24,4.53,3.99,3.57,4.26,4.0,0.09,0.68,0.85,2.5,1.07,0.1,0.12,0.12,0.11,-0.03,0.51,0.88,3.45,1.82
GREAVES COTTON,CAPITAL GOODS,OTHER CAPITAL GOODS,SMALL CAP,GREAVESCOT,198.54,4228.3,6.23,5.7,5.7,,3436.62,3893.2,4594.0,,61.43,110.3,,114.0,146.48,,,,31.87,34.83,34.83,,239.1,284.2,340.0,,0.07,0.07,0.07,,13.29,18.0,,15.62,,18.86,19.63,,19.25,,-8.51,0.0,,-4.35,,34.83,34.83,3.23,1.8,,1.74,1.8,1.77,1.23,1.09,0.92,,1.0,1.0,0.34,0.1,,3.14,,0.04,,,,,,,,,10091.32,23.35,26.25,42.41,38.08,2695.7,3197.47,3555.7,4044.4,109.8,129.25,145.9,153.15,265.68,305.03,369.9,455.7,38.93,43.43,37.94,29.51,344.79,414.07,511.05,669.3,0.14,0.14,0.14,0.14,14.66,15.16,13.57,14.62,12.29,17.31,23.17,20.1,17.1,18.46,14.12,20.25,20.99,18.18,18.8,773.8,40.6,36.94,7.08,6.36,3.86,5.43,5.48,5.45,5.24,4.53,3.99,3.57,4.26,4.0,0.09,0.68,0.85,2.5,1.07,0.1,0.12,0.12,0.11,-0.03,0.51,0.88,3.45,1.82
AEROFLEX INDUSTRIES,CAPITAL GOODS,OTHER CAPITAL GOODS,SMALL CAP,AEROFLEX,507.25,5335.57,4.28,6.6,9.1,,441.94,587.0,735.3,,33.8,36.0,,43.7,,85.4,118.0,,118.52,76.86,55.74,,99.74,134.9,175.7,,0.23,0.23,0.24,,32.82,25.26,,28.99,,35.25,30.24,,32.73,,54.21,37.88,,45.81,,66.3,66.3,15.01,14.09,,11.61,14.09,12.85,12.07,9.09,7.26,,8.17,8.17,0.41,0.91,,2.9,,,0.15,0.16,,,1.5,,,,10091.32,23.35,26.25,42.41,38.08,2695.7,3197.47,3555.7,4044.4,109.8,129.25,145.9,153.15,265.68,305.03,369.9,455.7,38.93,43.43,37.94,29.51,344.79,414.07,511.05,669.3,0.14,0.14,0.14,0.14,14.66,15.16,13.57,14.62,12.29,17.31,23.17,20.1,17.1,18.46,14.12,20.25,20.99,18.18,18.8,773.8,40.6,36.94,7.08,6.36,3.86,5.43,5.48,5.45,5.24,4.53,3.99,3.57,4.26,4.0,0.09,0.68,0.85,2.5,1.07,0.1,0.12,0.12,0.11,-0.03,0.51,0.88,3.45,1.82
JYOTI CNC AUTOMATION,CAPITAL GOODS,OTHER CAPITAL GOODS,SMALL CAP,JYOTICNC,737.95,15015.6,14.3,16.3,19.4,26.95,1817.7,2218.65,2761.9,3502.2,74.15,90.9,139.7,112.2,325.08,369.8,440.7,612.9,51.6,45.27,38.04,27.38,490.86,585.3,727.05,951.8,0.27,0.26,0.26,0.27,22.06,24.49,26.8,23.27,24.43,19.24,24.22,30.91,21.7,24.7,13.99,19.02,38.92,16.48,23.52,41.66,36.9,9.95,8.12,5.28,6.58,6.7,6.66,8.26,6.77,5.44,4.29,6.1,5.5,-0.62,-0.06,0.85,-1.27,0.21,0.18,0.17,0.16,0.18,-1.22,-0.71,1.54,-5.54,-0.72,10091.32,23.35,26.25,42.41,38.08,2695.7,3197.47,3555.7,4044.4,109.8,129.25,145.9,153.15,265.68,305.03,369.9,455.7,38.93,43.43,37.94,29.51,344.79,414.07,511.05,669.3,0.14,0.14,0.14,0.14,14.66,15.16,13.57,14.62,12.29,17.31,23.17,20.1,17.1,18.46,14.12,20.25,20.99,18.18,18.8,773.8,40.6,36.94,7.08,6.36,3.86,5.43,5.48,5.45,5.24,4.53,3.99,3.57,4.26,4.0,0.09,0.68,0.85,2.5,1.07,0.1,0.12,0.12,0.11,-0.03,0.51,0.88,3.45,1.82
LARSEN & TOUBRO,CONSTRUCTION,ENGINEERING CONSTRUCTION,LARGE CAP,LT,4209.4,555477.3,129.4,150.87,182.51,209.09,285874.4,325458.3,376237.3,420252.6,794.47,910.43,1190.85,1040.42,17806.43,21024.74,25262.89,28918.87,32.53,27.9,23.06,20.13,36146.48,33547.48,39649.77,44360.9,0.13,0.1,0.11,0.11,13.85,15.6,11.7,14.72,13.7,-7.19,18.19,11.88,4.73,7.06,16.59,20.97,14.57,18.76,17.35,25.48,23.7,5.3,4.62,3.53,4.05,4.08,4.07,1.94,1.71,1.48,1.32,1.59,1.5,-2.34,0.23,0.02,-8.71,-5.84,0.06,0.06,0.07,0.07,0.23,0.25,0.17,3.83,3.38,7422.75,10.48,9.65,13.98,20.72,7793.31,8774.37,10032.6,17404.46,139.98,121.75,183.14,143.19,631.41,686.13,782.85,948.28,21.03,21.85,18.5,14.39,818.84,796.22,975.61,1833.44,0.1,0.1,0.11,0.11,14.15,15.6,12.93,14.72,13.7,4.35,18.06,14.23,9.02,13.97,12.81,21.79,20.5,14.41,16.85,199.92,19.9,19.62,2.12,1.95,1.35,1.74,1.83,1.82,1.42,1.31,1.08,0.92,1.26,1.21,-1.11,0.11,0.09,-2.74,-1.38,0.06,0.06,0.07,0.07,0.05,0.25,0.17,3.72,3.22
RAIL VIKAS NIGAM,CONSTRUCTION,ENGINEERING CONSTRUCTION,LARGE CAP,RVNL,243.99,54158.39,4.2,7.35,5.9,,20412.12,23485.0,24856.9,,47.11,55.2,,57.4,874.69,1480.75,1222.2,,58.09,33.2,41.35,,861.36,1305.4,1129.8,,0.04,0.06,0.05,,15.05,5.84,,10.35,,51.55,-13.45,,14.53,,75.0,-19.73,,18.52,,37.28,37.28,5.18,4.42,,4.25,4.42,4.34,2.65,2.31,2.18,,2.24,2.24,1.34,-1.01,,3.78,,0.04,0.06,0.05,,2.02,-1.39,,7.12,,7422.75,10.48,9.65,13.98,20.72,7793.31,8774.37,10032.6,17404.46,139.98,121.75,183.14,143.19,631.41,686.13,782.85,948.28,21.03,21.85,18.5,14.39,818.84,796.22,975.61,1833.44,0.1,0.1,0.11,0.11,14.15,15.6,12.93,14.72,13.7,4.35,18.06,14.23,9.02,13.97,12.81,21.79,20.5,14.41,16.85,199.92,19.9,19.62,2.12,1.95,1.35,1.74,1.83,1.82,1.42,1.31,1.08,0.92,1.26,1.21,-1.11,0.11,0.09,-2.74,-1.38,0.06,0.06,0.07,0.07,0.05,0.25,0.17,3.72,3.22
AFCONS INFRASTRUCTURE,CONSTRUCTION,ENGINEERING CONSTRUCTION,SMALL CAP,AFCONS,313.45,11861.05,8.89,11.31,16.45,20.72,11948.38,12817.68,15411.64,17404.46,148.18,160.54,183.14,175.62,328.01,382.91,604.82,761.92,35.26,27.72,19.06,15.13,1217.11,1359.46,1708.39,2010.22,0.1,0.11,0.11,0.12,7.28,20.24,12.93,13.57,13.36,11.7,25.67,17.67,18.48,18.21,27.19,45.47,25.97,36.02,32.58,23.39,20.64,2.12,1.95,1.71,1.78,1.83,1.82,0.99,0.93,0.77,0.68,0.85,0.79,0.42,0.48,0.46,4.32,4.28,0.03,0.03,0.04,0.04,0.24,0.94,0.45,19.56,16.83,7422.75,10.48,9.65,13.98,20.72,7793.31,8774.37,10032.6,17404.46,139.98,121.75,183.14,143.19,631.41,686.13,782.85,948.28,21.03,21.85,18.5,14.39,818.84,796.22,975.61,1833.44,0.1,0.1,0.11,0.11,14.15,15.6,12.93,14.72,13.7,4.35,18.06,14.23,9.02,13.97,12.81,21.79,20.5,14.41,16.85,199.92,19.9,19.62,2.12,1.95,1.35,1.74,1.83,1.82,1.42,1.31,1.08,0.92,1.26,1.21,-1.11,0.11,0.09,-2.74,-1.38,0.06,0.06,0.07,0.07,0.05,0.25,0.17,3.72,3.22
IRCON INTERNATIONAL,CONSTRUCTION,ENGINEERING CONSTRUCTION,SMALL CAP,IRCON,137.19,13188.84,6.33,8.0,7.7,,9071.05,10092.05,10032.6,,70.58,75.75,,80.9,595.47,741.8,722.4,,21.67,17.15,17.82,,765.75,549.5,457.3,,0.08,0.05,0.05,,11.26,-0.59,,5.17,,-28.24,-16.78,,-22.72,,26.38,-3.75,,10.29,,17.48,17.48,1.94,1.81,,1.7,1.81,1.75,1.45,1.31,1.31,,1.31,1.31,-3.0,-0.89,,-26.52,,0.07,0.07,0.07,,0.79,-0.15,,4.73,,7422.75,10.48,9.65,13.98,20.72,7793.31,8774.37,10032.6,17404.46,139.98,121.75,183.14,143.19,631.41,686.13,782.85,948.28,21.03,21.85,18.5,14.39,818.84,796.22,975.61,1833.44,0.1,0.1,0.11,0.11,14.15,15.6,12.93,14.72,13.7,4.35,18.06,14.23,9.02,13.97,12.81,21.79,20.5,14.41,16.85,199.92,19.9,19.62,2.12,1.95,1.35,1.74,1.83,1.82,1.42,1.31,1.08,0.92,1.26,1.21,-1.11,0.11,0.09,-2.74,-1.38,0.06,0.06,0.07,0.07,0.05,0.25,0.17,3.72,3.22
G R INFRAPROJECTS,CONSTRUCTION,ENGINEERING CONSTRUCTION,SMALL CAP,GRINFRA,895.15,9098.39,80.91,81.11,87.82,97.93,6515.57,7456.69,8688.93,9847.93,815.35,898.7,1101.42,1003.32,783.04,794.42,844.18,948.28,11.06,11.04,10.19,9.14,818.84,854.44,975.61,1114.47,0.13,0.11,0.11,0.11,14.44,16.53,13.34,15.48,14.76,4.35,14.18,14.23,9.15,10.82,0.25,8.27,11.52,4.18,6.57,10.61,10.12,1.1,1.0,0.81,0.89,0.9,0.9,1.4,1.22,1.05,0.92,1.13,1.06,-1.11,-0.23,0.09,-5.48,-3.43,0.12,0.11,0.1,0.1,-1.36,-0.94,-0.09,-10.09,-7.12,7422.75,10.48,9.65,13.98,20.72,7793.31,8774.37,10032.6,17404.46,139.98,121.75,183.14,143.19,631.41,686.13,782.85,948.28,21.03,21.85,18.5,14.39,818.84,796.22,975.61,1833.44,0.1,0.1,0.11,0.11,14.15,15.6,12.93,14.72,13.7,4.35,18.06,14.23,9.02,13.97,12.81,21.79,20.5,14.41,16.85,199.92,19.9,19.62,2.12,1.95,1.35,1.74,1.83,1.82,1.42,1.31,1.08,0.92,1.26,1.21,-1.11,0.11,0.09,-2.74,-1.38,0.06,0.06,0.07,0.07,0.05,0.25,0.17,3.72,3.22
NCC,CONSTRUCTION,ENGINEERING CONSTRUCTION,SMALL CAP,NCC,155.84,9420.83,10.06,11.35,14.66,15.85,17463.49,19998.33,22985.58,24914.41,,131.1,158.7,143.19,631.41,733.7,933.75,996.37,15.49,13.73,10.63,9.83,1393.69,1748.84,2064.77,2239.14,0.08,0.09,0.09,0.09,14.52,14.94,8.39,14.73,12.57,25.48,18.06,8.44,21.72,17.12,12.81,29.13,8.13,20.7,16.35,12.18,11.4,,1.19,0.98,1.09,1.09,1.09,0.54,0.47,0.41,0.38,0.44,0.42,0.76,0.24,0.0,6.09,4.04,0.04,0.04,0.04,0.04,0.05,0.39,-0.06,6.0,3.42,7422.75,10.48,9.65,13.98,20.72,7793.31,8774.37,10032.6,17404.46,139.98,121.75,183.14,143.19,631.41,686.13,782.85,948.28,21.03,21.85,18.5,14.39,818.84,796.22,975.61,1833.44,0.1,0.1,0.11,0.11,14.15,15.6,12.93,14.72,13.7,4.35,18.06,14.23,9.02,13.97,12.81,21.79,20.5,14.41,16.85,199.92,19.9,19.62,2.12,1.95,1.35,1.74,1.83,1.82,1.42,1.31,1.08,0.92,1.26,1.21,-1.11,0.11,0.09,-2.74,-1.38,0.06,0.06,0.07,0.07,0.05,0.25,0.17,3.72,3.22
RELIANCE INFRASTRUCTURE,CONSTRUCTION,ENGINEERING CONSTRUCTION,SMALL CAP,RELINFRA,,2615.62,,,,,,,,,,,,,,,,,,,,,,,,,,,,,,,,,,,,,,,,,,,,,,,,,,,,,,,,,,,,,,,,,,,,,,,,7422.75,10.48,9.65,13.98,20.72,7793.31,8774.37,10032.6,17404.46,139.98,121.75,183.14,143.19,631.41,686.13,782.85,948.28,21.03,21.85,18.5,14.39,818.84,796.22,975.61,1833.44,0.1,0.1,0.11,0.11,14.15,15.6,12.93,14.72,13.7,4.35,18.06,14.23,9.02,13.97,12.81,21.79,20.5,14.41,16.85,199.92,19.9,19.62,2.12,1.95,1.35,1.74,1.83,1.82,1.42,1.31,1.08,0.92,1.26,1.21,-1.11,0.11,0.09,-2.74,-1.38,0.06,0.06,0.07,0.07,0.05,0.25,0.17,3.72,3.22
MAN INFRACONSTRUCTION,CONSTRUCTION,ENGINEERING CONSTRUCTION,SMALL CAP,MANINFRA,104.97,4665.17,,,,,,,,,,,,,,,,,,,,,,,,,,,,,,,,,,,,,,,,,,,,,,,,,,,,,,,,,,,,,,,,,,,,,,,,7422.75,10.48,9.65,13.98,20.72,7793.31,8774.37,10032.6,17404.46,139.98,121.75,183.14,143.19,631.41,686.13,782.85,948.28,21.03,21.85,18.5,14.39,818.84,796.22,975.61,1833.44,0.1,0.1,0.11,0.11,14.15,15.6,12.93,14.72,13.7,4.35,18.06,14.23,9.02,13.97,12.81,21.79,20.5,14.41,16.85,199.92,19.9,19.62,2.12,1.95,1.35,1.74,1.83,1.82,1.42,1.31,1.08,0.92,1.26,1.21,-1.11,0.11,0.09,-2.74,-1.38,0.06,0.06,0.07,0.07,0.05,0.25,0.17,3.72,3.22
KNR CONSTRUCTIONS,CONSTRUCTION,ENGINEERING CONSTRUCTION,SMALL CAP,KNRCON,140.86,3744.36,26.33,5.54,7.09,10.23,3358.65,2136.61,2507.46,3310.52,140.27,146.94,161.5,155.2,740.69,183.33,211.85,298.1,5.35,25.41,19.86,13.77,625.94,224.68,291.52,427.73,0.19,0.11,0.12,0.13,-36.38,17.36,32.03,-13.6,-0.48,-64.11,29.75,46.72,-31.76,-11.92,-78.95,27.96,44.27,-48.1,-27.02,22.64,19.68,1.0,0.96,0.87,0.91,0.92,0.91,1.11,1.75,1.49,1.13,1.62,1.46,-8.12,1.11,1.29,-21.02,-11.5,0.22,0.09,0.08,0.09,-13.47,-0.13,0.56,-38.1,-25.81,7422.75,10.48,9.65,13.98,20.72,7793.31,8774.37,10032.6,17404.46,139.98,121.75,183.14,143.19,631.41,686.13,782.85,948.28,21.03,21.85,18.5,14.39,818.84,796.22,975.61,1833.44,0.1,0.1,0.11,0.11,14.15,15.6,12.93,14.72,13.7,4.35,18.06,14.23,9.02,13.97,12.81,21.79,20.5,14.41,16.85,199.92,19.9,19.62,2.12,1.95,1.35,1.74,1.83,1.82,1.42,1.31,1.08,0.92,1.26,1.21,-1.11,0.11,0.09,-2.74,-1.38,0.06,0.06,0.07,0.07,0.05,0.25,0.17,3.72,3.22
PATEL ENGINEERING,CONSTRUCTION,ENGINEERING CONSTRUCTION,SMALL CAP,PATELENG,31.02,2755.18,4.55,3.7,4.2,,5102.74,5509.4,6051.3,,44.75,48.5,,52.6,431.97,367.0,414.0,,6.82,8.38,7.39,,684.03,738.0,811.0,,0.13,0.13,0.13,,7.97,9.84,,8.9,,7.89,9.89,,8.89,,-18.68,13.51,,-3.92,,7.88,7.88,0.69,0.64,,0.59,0.64,0.61,0.54,0.5,0.46,,0.48,0.48,-0.01,0.01,,-0.01,,0.08,0.07,0.07,,-1.8,0.18,,-10.1,,7422.75,10.48,9.65,13.98,20.72,7793.31,8774.37,10032.6,17404.46,139.98,121.75,183.14,143.19,631.41,686.13,782.85,948.28,21.03,21.85,18.5,14.39,818.84,796.22,975.61,1833.44,0.1,0.1,0.11,0.11,14.15,15.6,12.93,14.72,13.7,4.35,18.06,14.23,9.02,13.97,12.81,21.79,20.5,14.41,16.85,199.92,19.9,19.62,2.12,1.95,1.35,1.74,1.83,1.82,1.42,1.31,1.08,0.92,1.26,1.21,-1.11,0.11,0.09,-2.74,-1.38,0.06,0.06,0.07,0.07,0.05,0.25,0.17,3.72,3.22
RAMKY INFRASTRUCTURE,CONSTRUCTION,ENGINEERING CONSTRUCTION,SMALL CAP,RAMKY,427.25,3244.34,10.48,-42.7,,,3038.62,1891.0,,,179.56,112.4,,,59.93,-384.1,,,40.77,-10.01,,,270.04,82.0,,,0.09,0.04,,,-37.77,,,,,-69.63,,,,,-507.44,,,,,-10.01,-10.01,2.38,3.8,,,3.8,3.8,1.07,1.72,,,1.72,1.72,-4.55,,,,,0.02,-0.2,,,-22.28,,,,,7422.75,10.48,9.65,13.98,20.72,7793.31,8774.37,10032.6,17404.46,139.98,121.75,183.14,143.19,631.41,686.13,782.85,948.28,21.03,21.85,18.5,14.39,818.84,796.22,975.61,1833.44,0.1,0.1,0.11,0.11,14.15,15.6,12.93,14.72,13.7,4.35,18.06,14.23,9.02,13.97,12.81,21.79,20.5,14.41,16.85,199.92,19.9,19.62,2.12,1.95,1.35,1.74,1.83,1.82,1.42,1.31,1.08,0.92,1.26,1.21,-1.11,0.11,0.09,-2.74,-1.38,0.06,0.06,0.07,0.07,0.05,0.25,0.17,3.72,3.22
ITD CEMENTATION INDIA,CONSTRUCTION,ENGINEERING CONSTRUCTION,SMALL CAP,ITDCEM,,16204.71,34.79,43.3,55.6,67.0,10060.58,12301.84,14970.89,17692.51,139.68,184.0,317.0,242.0,597.73,743.34,955.02,1150.7,,,,,1021.56,1267.01,1558.21,1833.44,0.1,0.1,0.1,0.1,22.28,21.7,18.18,21.99,20.7,24.03,22.98,17.66,23.5,21.53,24.46,28.41,20.5,26.42,24.42,,,,,,,,,1.61,1.32,1.08,0.92,1.2,1.11,0.15,0.11,-0.05,1.24,0.68,0.06,0.06,0.06,0.07,0.1,0.34,0.12,3.62,3.06,7422.75,10.48,9.65,13.98,20.72,7793.31,8774.37,10032.6,17404.46,139.98,121.75,183.14,143.19,631.41,686.13,782.85,948.28,21.03,21.85,18.5,14.39,818.84,796.22,975.61,1833.44,0.1,0.1,0.11,0.11,14.15,15.6,12.93,14.72,13.7,4.35,18.06,14.23,9.02,13.97,12.81,21.79,20.5,14.41,16.85,199.92,19.9,19.62,2.12,1.95,1.35,1.74,1.83,1.82,1.42,1.31,1.08,0.92,1.26,1.21,-1.11,0.11,0.09,-2.74,-1.38,0.06,0.06,0.07,0.07,0.05,0.25,0.17,3.72,3.22
ENGINEERS INDIA,CONSTRUCTION,ENGINEERING CONSTRUCTION,SMALL CAP,ENGINERSIN,250.74,12955.07,12.3,11.48,13.98,,3928.18,4571.4,5413.76,,55.97,60.35,,67.82,961.59,638.55,782.85,,20.39,21.85,17.94,,695.88,656.16,816.16,,0.18,0.14,0.15,,16.37,18.43,,17.4,,-5.71,24.38,,8.3,,-6.71,21.79,,6.59,,19.9,19.9,4.48,4.15,,3.7,4.15,3.93,3.3,2.83,2.39,,2.61,2.61,-3.36,0.72,,-7.75,,0.24,0.14,0.14,,-10.51,0.49,,-23.14,,7422.75,10.48,9.65,13.98,20.72,7793.31,8774.37,10032.6,17404.46,139.98,121.75,183.14,143.19,631.41,686.13,782.85,948.28,21.03,21.85,18.5,14.39,818.84,796.22,975.61,1833.44,0.1,0.1,0.11,0.11,14.15,15.6,12.93,14.72,13.7,4.35,18.06,14.23,9.02,13.97,12.81,21.79,20.5,14.41,16.85,199.92,19.9,19.62,2.12,1.95,1.35,1.74,1.83,1.82,1.42,1.31,1.08,0.92,1.26,1.21,-1.11,0.11,0.09,-2.74,-1.38,0.06,0.06,0.07,0.07,0.05,0.25,0.17,3.72,3.22
HINDUSTAN CONSTRUCTION COMPANY,CONSTRUCTION,ENGINEERING CONSTRUCTION,SMALL CAP,HCC,27.02,5747.11,,1.1,1.4,1.8,3969.59,4797.6,5498.6,6001.8,,12.5,15.5,13.8,,294.8,377.9,468.5,,24.56,19.3,15.01,,662.1,744.4,834.2,,0.14,0.14,0.14,20.86,14.61,9.15,17.69,14.77,,12.43,12.06,,,,27.27,28.57,,,21.93,19.62,,2.16,1.74,1.96,1.95,1.95,1.45,1.2,1.05,0.96,1.12,1.07,,-0.26,0.36,,,,0.06,0.07,0.08,,0.73,0.93,,,7422.75,10.48,9.65,13.98,20.72,7793.31,8774.37,10032.6,17404.46,139.98,121.75,183.14,143.19,631.41,686.13,782.85,948.28,21.03,21.85,18.5,14.39,818.84,796.22,975.61,1833.44,0.1,0.1,0.11,0.11,14.15,15.6,12.93,14.72,13.7,4.35,18.06,14.23,9.02,13.97,12.81,21.79,20.5,14.41,16.85,199.92,19.9,19.62,2.12,1.95,1.35,1.74,1.83,1.82,1.42,1.31,1.08,0.92,1.26,1.21,-1.11,0.11,0.09,-2.74,-1.38,0.06,0.06,0.07,0.07,0.05,0.25,0.17,3.72,3.22
RELIANCE INDL.INFR.,CONSTRUCTION,ENGINEERING CONSTRUCTION,SMALL CAP,RIIL,858.4,1149.11,,,,,,,,,,,,,,,,,,,,,,,,,,,,,,,,,,,,,,,,,,,,,,,,,,,,,,,,,,,,,,,,,,,,,,,,7422.75,10.48,9.65,13.98,20.72,7793.31,8774.37,10032.6,17404.46,139.98,121.75,183.14,143.19,631.41,686.13,782.85,948.28,21.03,21.85,18.5,14.39,818.84,796.22,975.61,1833.44,0.1,0.1,0.11,0.11,14.15,15.6,12.93,14.72,13.7,4.35,18.06,14.23,9.02,13.97,12.81,21.79,20.5,14.41,16.85,199.92,19.9,19.62,2.12,1.95,1.35,1.74,1.83,1.82,1.42,1.31,1.08,0.92,1.26,1.21,-1.11,0.11,0.09,-2.74,-1.38,0.06,0.06,0.07,0.07,0.05,0.25,0.17,3.72,3.22
TEXMACO INFR.& HOLDINGS,CONSTRUCTION,ENGINEERING CONSTRUCTION,SMALL CAP,TEXINFRA,102.39,1240.24,,,,,,,,,,,,,,,,,,,,,,,,,,,,,,,,,,,,,,,,,,,,,,,,,,,,,,,,,,,,,,,,,,,,,,,,7422.75,10.48,9.65,13.98,20.72,7793.31,8774.37,10032.6,17404.46,139.98,121.75,183.14,143.19,631.41,686.13,782.85,948.28,21.03,21.85,18.5,14.39,818.84,796.22,975.61,1833.44,0.1,0.1,0.11,0.11,14.15,15.6,12.93,14.72,13.7,4.35,18.06,14.23,9.02,13.97,12.81,21.79,20.5,14.41,16.85,199.92,19.9,19.62,2.12,1.95,1.35,1.74,1.83,1.82,1.42,1.31,1.08,0.92,1.26,1.21,-1.11,0.11,0.09,-2.74,-1.38,0.06,0.06,0.07,0.07,0.05,0.25,0.17,3.72,3.22
IRB INFR.DEVELOPERS,CONSTRUCTION,ROAD CONSTRUCTION,MID CAP,IRB,21.44,26160.95,0.74,1.08,1.25,1.7,6329.83,7663.12,8460.56,,17.34,20.14,,21.27,893.01,1117.13,1494.8,2102.3,28.97,19.76,17.21,12.61,3981.82,4044.84,4559.25,5538.7,0.63,0.53,0.54,,21.06,10.41,,15.61,,1.58,12.72,21.48,7.01,11.63,46.62,14.84,36.44,29.76,31.95,18.48,16.53,1.24,1.06,,1.01,1.06,1.04,4.13,3.41,3.09,,3.25,3.25,-10.12,1.11,,-7.44,,0.14,0.15,0.18,,0.47,3.09,,11.91,,4651.97,52.32,18.73,29.32,20.3,6051.88,6511.37,7462.4,7417.71,230.0,438.9,468.2,468.2,519.74,437.39,534.22,579.47,9.56,13.21,10.79,11.47,818.7,937.2,1070.57,1095.82,0.14,0.14,0.14,0.12,21.06,14.61,1.94,15.61,15.75,14.47,14.23,3.5,14.35,13.29,9.9,16.58,5.67,13.19,10.09,439.5,12.0,11.44,1.28,1.01,0.84,0.94,0.99,0.96,1.0,0.77,0.64,0.64,0.71,0.69,-0.52,0.04,0.0,-1.61,-0.7,0.09,0.07,0.08,0.08,-0.27,1.19,-0.45,1.68,-2.06
PNC INFRATECH,CONSTRUCTION,ROAD CONSTRUCTION,SMALL CAP,PNCINFRA,226.01,5418.11,13.23,17.11,20.94,21.87,4633.47,5878.02,7049.64,7186.27,,243.0,271.2,262.94,339.63,437.39,534.22,560.53,17.08,13.21,10.79,10.34,582.86,709.07,858.4,885.23,0.13,0.12,0.12,0.12,26.86,19.93,1.94,23.35,15.75,21.65,21.06,3.13,21.36,14.95,29.37,22.36,4.42,25.81,18.23,12.0,11.44,,0.93,0.83,0.86,0.88,0.87,1.17,0.92,0.77,0.75,0.85,0.81,-0.52,0.11,0.14,-1.61,-0.7,0.07,0.07,0.08,0.08,0.11,0.14,0.22,1.68,2.09,4651.97,52.32,18.73,29.32,20.3,6051.88,6511.37,7462.4,7417.71,230.0,438.9,468.2,468.2,519.74,437.39,534.22,579.47,9.56,13.21,10.79,11.47,818.7,937.2,1070.57,1095.82,0.14,0.14,0.14,0.12,21.06,14.61,1.94,15.61,15.75,14.47,14.23,3.5,14.35,13.29,9.9,16.58,5.67,13.19,10.09,439.5,12.0,11.44,1.28,1.01,0.84,0.94,0.99,0.96,1.0,0.77,0.64,0.64,0.71,0.69,-0.52,0.04,0.0,-1.61,-0.7,0.09,0.07,0.08,0.08,-0.27,1.19,-0.45,1.68,-2.06
DILIP BUILDCON,CONSTRUCTION,ROAD CONSTRUCTION,SMALL CAP,DBL,439.5,7030.61,96.1,18.73,29.32,18.73,7005.01,9075.2,10908.8,10908.8,,438.9,468.2,468.2,1561.15,335.83,533.73,484.4,4.57,23.47,14.99,23.47,734.37,964.78,1153.95,1153.95,0.1,0.11,0.11,0.11,29.55,20.2,0.0,24.79,15.91,31.37,19.61,0.0,25.35,16.26,-80.52,56.61,-36.15,-44.76,-42.03,19.23,20.64,,1.0,0.94,0.94,0.97,0.96,1.0,0.77,0.64,0.64,0.71,0.69,0.15,-0.05,0.0,0.45,0.3,0.22,0.04,0.05,0.04,-18.59,1.19,-0.45,-53.14,-41.59,4651.97,52.32,18.73,29.32,20.3,6051.88,6511.37,7462.4,7417.71,230.0,438.9,468.2,468.2,519.74,437.39,534.22,579.47,9.56,13.21,10.79,11.47,818.7,937.2,1070.57,1095.82,0.14,0.14,0.14,0.12,21.06,14.61,1.94,15.61,15.75,14.47,14.23,3.5,14.35,13.29,9.9,16.58,5.67,13.19,10.09,439.5,12.0,11.44,1.28,1.01,0.84,0.94,0.99,0.96,1.0,0.77,0.64,0.64,0.71,0.69,-0.52,0.04,0.0,-1.61,-0.7,0.09,0.07,0.08,0.08,-0.27,1.19,-0.45,1.68,-2.06
HG INFRA ENGINEERING,CONSTRUCTION,ROAD CONSTRUCTION,SMALL CAP,HGINFRA,582.85,3885.83,79.75,71.03,79.04,84.52,6051.88,6340.85,6881.6,7417.71,442.65,510.25,696.25,613.07,519.74,516.13,660.67,598.41,7.31,8.21,7.37,6.9,950.72,917.69,998.99,1037.7,0.16,0.14,0.15,0.14,4.77,8.53,7.79,6.63,7.02,-3.47,8.86,3.88,2.51,2.96,-10.94,11.29,6.92,-0.44,1.95,7.79,7.49,1.32,1.14,0.84,0.95,0.99,0.98,0.64,0.61,0.56,0.52,0.59,0.57,-1.24,0.04,-0.53,-3.87,-3.79,0.09,0.08,0.1,0.08,-0.45,1.46,-1.53,5.73,-2.06,4651.97,52.32,18.73,29.32,20.3,6051.88,6511.37,7462.4,7417.71,230.0,438.9,468.2,468.2,519.74,437.39,534.22,579.47,9.56,13.21,10.79,11.47,818.7,937.2,1070.57,1095.82,0.14,0.14,0.14,0.12,21.06,14.61,1.94,15.61,15.75,14.47,14.23,3.5,14.35,13.29,9.9,16.58,5.67,13.19,10.09,439.5,12.0,11.44,1.28,1.01,0.84,0.94,0.99,0.96,1.0,0.77,0.64,0.64,0.71,0.69,-0.52,0.04,0.0,-1.61,-0.7,0.09,0.07,0.08,0.08,-0.27,1.19,-0.45,1.68,-2.06
JAIPRAKASH ASSOCIATES,CONSTRUCTION,ROAD CONSTRUCTION,SMALL CAP,JPASSOCIAT,,594.01,,,,,,,,,,,,,,,,,,,,,,,,,,,,,,,,,,,,,,,,,,,,,,,,,,,,,,,,,,,,,,,,,,,,,,,,4651.97,52.32,18.73,29.32,20.3,6051.88,6511.37,7462.4,7417.71,230.0,438.9,468.2,468.2,519.74,437.39,534.22,579.47,9.56,13.21,10.79,11.47,818.7,937.2,1070.57,1095.82,0.14,0.14,0.14,0.12,21.06,14.61,1.94,15.61,15.75,14.47,14.23,3.5,14.35,13.29,9.9,16.58,5.67,13.19,10.09,439.5,12.0,11.44,1.28,1.01,0.84,0.94,0.99,0.96,1.0,0.77,0.64,0.64,0.71,0.69,-0.52,0.04,0.0,-1.61,-0.7,0.09,0.07,0.08,0.08,-0.27,1.19,-0.45,1.68,-2.06
J KUMAR INFRAPROJECTS,CONSTRUCTION,ROAD CONSTRUCTION,SMALL CAP,JKIL,500.2,3819.97,52.32,57.5,67.03,,5693.89,6511.37,7462.4,,,497.7,,562.6,395.92,435.23,507.23,,9.56,8.7,7.46,,818.7,937.2,1070.57,,0.14,0.14,0.14,,14.36,14.61,,14.48,,14.47,14.23,,14.35,,9.9,16.58,,13.19,,8.08,8.08,,1.01,,0.89,1.01,0.95,0.67,0.59,0.51,,0.55,0.55,0.01,-0.05,,-0.11,,0.07,0.07,0.07,,-0.27,0.11,,-1.13,,4651.97,52.32,18.73,29.32,20.3,6051.88,6511.37,7462.4,7417.71,230.0,438.9,468.2,468.2,519.74,437.39,534.22,579.47,9.56,13.21,10.79,11.47,818.7,937.2,1070.57,1095.82,0.14,0.14,0.14,0.12,21.06,14.61,1.94,15.61,15.75,14.47,14.23,3.5,14.35,13.29,9.9,16.58,5.67,13.19,10.09,439.5,12.0,11.44,1.28,1.01,0.84,0.94,0.99,0.96,1.0,0.77,0.64,0.64,0.71,0.69,-0.52,0.04,0.0,-1.61,-0.7,0.09,0.07,0.08,0.08,-0.27,1.19,-0.45,1.68,-2.06
NBCC (INDIA),CONSTRUCTION,CIVIL CONSTRUCTION,SMALL CAP,NBCC,111.45,25798.51,2.37,3.0,3.75,,12888.61,16983.4,20502.8,,11.18,14.1,,17.3,639.88,810.05,1012.95,,47.03,37.15,29.72,,616.99,908.8,1171.65,,0.05,0.05,0.06,,31.77,20.72,,26.13,,47.29,28.92,,37.8,,26.58,25.0,,25.79,,33.44,33.44,9.97,7.9,,6.44,7.9,7.17,2.0,1.52,1.26,,1.39,1.39,0.56,0.36,,9.26,,0.05,0.05,0.05,,-0.2,0.17,,-0.24,,3481.53,16.99,28.55,33.88,58.42,3544.04,4408.11,5260.27,6348.11,268.71,246.7,420.92,278.35,213.48,309.66,344.25,391.39,32.21,19.67,16.21,13.92,411.85,500.33,595.25,654.95,0.09,0.1,0.1,0.1,36.13,17.95,19.55,27.61,16.88,32.25,22.51,18.59,27.2,22.98,31.7,23.28,28.24,26.94,65.59,274.85,17.94,17.2,3.12,2.47,1.87,2.18,2.28,2.23,1.21,0.98,0.82,0.55,0.9,0.83,0.72,0.37,0.16,9.26,5.77,0.05,0.05,0.06,0.05,0.39,0.18,0.31,5.31,9.39
AHLUWALIA CONTS.IDA.,CONSTRUCTION,CIVIL CONSTRUCTION,SMALL CAP,AHLUCONT,838.8,5402.55,30.08,40.6,49.35,58.42,4098.62,4616.24,5442.26,6348.11,268.71,309.58,420.92,360.62,201.51,271.74,330.41,391.39,27.89,20.66,17.0,14.36,341.8,452.01,553.02,654.95,0.08,0.1,0.1,0.1,12.63,17.89,16.64,15.23,15.7,32.25,22.35,18.43,27.2,24.21,34.97,21.55,18.39,28.09,24.77,18.83,17.34,3.12,2.71,1.99,2.33,2.35,2.34,1.32,1.17,0.99,0.85,1.08,1.0,1.45,0.37,0.16,10.39,7.35,0.05,0.06,0.06,0.06,0.97,0.18,0.09,11.12,7.84,3481.53,16.99,28.55,33.88,58.42,3544.04,4408.11,5260.27,6348.11,268.71,246.7,420.92,278.35,213.48,309.66,344.25,391.39,32.21,19.67,16.21,13.92,411.85,500.33,595.25,654.95,0.09,0.1,0.1,0.1,36.13,17.95,19.55,27.61,16.88,32.25,22.51,18.59,27.2,22.98,31.7,23.28,28.24,26.94,65.59,274.85,17.94,17.2,3.12,2.47,1.87,2.18,2.28,2.23,1.21,0.98,0.82,0.55,0.9,0.83,0.72,0.37,0.16,9.26,5.77,0.05,0.05,0.06,0.05,0.39,0.18,0.31,5.31,9.39
WELSPUN ENTERPRISES,CONSTRUCTION,CIVIL CONSTRUCTION,SMALL CAP,WELENT,567.85,6967.24,23.9,30.4,36.8,,2594.88,3836.8,4527.4,,,244.4,,275.7,324.61,415.9,502.5,,23.76,18.68,15.43,,272.69,484.2,594.0,,0.11,0.13,0.13,,47.86,18.0,,32.09,,77.56,22.68,,47.59,,27.2,21.05,,24.09,,17.05,17.05,,2.32,,2.06,2.32,2.19,2.68,1.82,1.54,,1.68,1.68,2.11,0.5,,11.74,,0.13,0.11,0.11,,-1.67,0.26,,-5.81,,3481.53,16.99,28.55,33.88,58.42,3544.04,4408.11,5260.27,6348.11,268.71,246.7,420.92,278.35,213.48,309.66,344.25,391.39,32.21,19.67,16.21,13.92,411.85,500.33,595.25,654.95,0.09,0.1,0.1,0.1,36.13,17.95,19.55,27.61,16.88,32.25,22.51,18.59,27.2,22.98,31.7,23.28,28.24,26.94,65.59,274.85,17.94,17.2,3.12,2.47,1.87,2.18,2.28,2.23,1.21,0.98,0.82,0.55,0.9,0.83,0.72,0.37,0.16,9.26,5.77,0.05,0.05,0.06,0.05,0.39,0.18,0.31,5.31,9.39
ASHOKA BUILDCON,CONSTRUCTION,CIVIL CONSTRUCTION,SMALL CAP,ASHOKA,135.16,3481.53,3.7,10.25,13.1,16.8,5811.66,6826.72,7510.61,9278.7,,180.5,191.9,196.05,225.45,347.59,358.09,471.2,36.53,13.19,10.32,8.05,495.56,631.06,754.36,894.6,0.09,0.09,0.1,0.1,17.47,10.02,23.54,13.68,16.88,27.34,19.54,18.59,23.38,21.76,177.03,27.8,28.24,88.16,65.59,11.75,10.52,,0.75,0.7,0.69,0.73,0.71,0.6,0.51,0.46,0.38,0.49,0.45,0.72,0.8,-0.4,8.53,4.18,0.04,0.05,0.05,0.05,1.21,-0.32,0.31,10.86,9.39,3481.53,16.99,28.55,33.88,58.42,3544.04,4408.11,5260.27,6348.11,268.71,246.7,420.92,278.35,213.48,309.66,344.25,391.39,32.21,19.67,16.21,13.92,411.85,500.33,595.25,654.95,0.09,0.1,0.1,0.1,36.13,17.95,19.55,27.61,16.88,32.25,22.51,18.59,27.2,22.98,31.7,23.28,28.24,26.94,65.59,274.85,17.94,17.2,3.12,2.47,1.87,2.18,2.28,2.23,1.21,0.98,0.82,0.55,0.9,0.83,0.72,0.37,0.16,9.26,5.77,0.05,0.05,0.06,0.05,0.39,0.18,0.31,5.31,9.39
PSP PROJECTS,CONSTRUCTION,CIVIL CONSTRUCTION,SMALL CAP,PSPPROJECT,969.1,3314.25,13.19,39.5,50.44,69.6,2989.45,4199.99,5078.29,6071.15,318.84,371.03,517.35,420.28,52.29,152.81,201.26,261.75,73.47,24.53,19.21,13.92,,332.23,410.06,505.3,,0.08,0.08,0.08,40.49,20.91,19.55,30.34,26.64,,23.43,23.23,,,199.47,27.7,37.98,95.56,74.1,21.87,19.22,3.04,2.61,1.87,2.31,2.24,2.26,1.11,0.79,0.65,0.55,0.72,0.66,,0.16,0.25,,,0.02,0.04,0.04,0.04,1.89,0.32,0.35,50.53,35.09,3481.53,16.99,28.55,33.88,58.42,3544.04,4408.11,5260.27,6348.11,268.71,246.7,420.92,278.35,213.48,309.66,344.25,391.39,32.21,19.67,16.21,13.92,411.85,500.33,595.25,654.95,0.09,0.1,0.1,0.1,36.13,17.95,19.55,27.61,16.88,32.25,22.51,18.59,27.2,22.98,31.7,23.28,28.24,26.94,65.59,274.85,17.94,17.2,3.12,2.47,1.87,2.18,2.28,2.23,1.21,0.98,0.82,0.55,0.9,0.83,0.72,0.37,0.16,9.26,5.77,0.05,0.05,0.06,0.05,0.39,0.18,0.31,5.31,9.39
CAPACITE INFRAPROJECTS,CONSTRUCTION,CIVIL CONSTRUCTION,SMALL CAP,CAPACITE,233.76,1906.13,20.79,26.7,30.95,,2235.65,3206.6,3725.9,,,249.0,,281.0,175.87,226.1,262.05,,11.24,8.76,7.55,,411.85,516.45,596.5,,0.18,0.16,0.16,,43.43,16.19,,29.1,,25.4,15.5,,20.35,,28.43,15.92,,22.01,,8.15,8.15,,0.94,,0.83,0.94,0.89,0.85,0.59,0.51,,0.55,0.55,-2.32,-0.1,,-6.78,,0.08,0.07,0.07,,-0.82,-0.02,,-5.45,,3481.53,16.99,28.55,33.88,58.42,3544.04,4408.11,5260.27,6348.11,268.71,246.7,420.92,278.35,213.48,309.66,344.25,391.39,32.21,19.67,16.21,13.92,411.85,500.33,595.25,654.95,0.09,0.1,0.1,0.1,36.13,17.95,19.55,27.61,16.88,32.25,22.51,18.59,27.2,22.98,31.7,23.28,28.24,26.94,65.59,274.85,17.94,17.2,3.12,2.47,1.87,2.18,2.28,2.23,1.21,0.98,0.82,0.55,0.9,0.83,0.72,0.37,0.16,9.26,5.77,0.05,0.05,0.06,0.05,0.39,0.18,0.31,5.31,9.39
SIMPLEX INFRASTRUCTURES,CONSTRUCTION,CIVIL CONSTRUCTION,SMALL CAP,SIMPLEXINF,274.85,1963.3,,,,,,,,,,,,,,,,,,,,,,,,,,,,,,,,,,,,,,,,,,,,,,,,,,,,,,,,,,,,,,,,,,,,,,,,3481.53,16.99,28.55,33.88,58.42,3544.04,4408.11,5260.27,6348.11,268.71,246.7,420.92,278.35,213.48,309.66,344.25,391.39,32.21,19.67,16.21,13.92,411.85,500.33,595.25,654.95,0.09,0.1,0.1,0.1,36.13,17.95,19.55,27.61,16.88,32.25,22.51,18.59,27.2,22.98,31.7,23.28,28.24,26.94,65.59,274.85,17.94,17.2,3.12,2.47,1.87,2.18,2.28,2.23,1.21,0.98,0.82,0.55,0.9,0.83,0.72,0.37,0.16,9.26,5.77,0.05,0.05,0.06,0.05,0.39,0.18,0.31,5.31,9.39
GMR AIRPORTS INFRASTRUCTURE,CONSTRUCTION,OTHER CONSTRUCTION,MID CAP,GMRAIRPORT,108.83,101609.0,-1.09,0.27,0.59,1.2,10414.24,13903.54,15893.77,18893.58,-2.37,-1.73,-0.17,-1.2,-1000.24,356.32,684.44,1437.0,-99.84,407.6,185.09,90.69,3765.93,6038.76,6765.53,8060.42,0.36,0.43,0.43,0.43,33.51,14.31,18.87,23.54,21.96,60.35,12.04,19.14,34.03,28.87,-124.5,120.22,104.08,,,296.34,227.79,-45.9,-62.8,-651.68,-90.69,-357.24,-268.39,9.76,7.31,6.39,5.38,6.85,6.36,7.27,-0.87,0.1,8.5,5.67,-0.1,0.03,0.04,0.08,12.17,1.74,3.3,,,1821.97,-1.09,0.27,0.59,1.2,10414.24,13903.54,15893.77,18893.58,-2.37,-1.73,-0.17,-1.2,-1000.24,356.32,684.44,1437.0,-99.84,407.6,185.09,90.69,3765.93,6038.76,6765.53,8060.42,0.36,0.43,0.43,0.43,33.51,14.31,18.87,23.54,21.96,60.35,12.04,19.14,34.03,28.87,-124.5,120.22,104.08,,,229.49,296.34,227.79,-45.9,-62.8,-651.68,-90.69,-357.24,-268.39,9.76,7.31,6.39,5.38,6.85,6.36,7.27,-0.87,0.1,8.5,5.67,-0.1,0.03,0.04,0.08,12.17,1.74,3.3,,
VISHNU PRAKASH R PUNGLIA,CONSTRUCTION,OTHER CONSTRUCTION,SMALL CAP,VPRPL,,510.92,,,,,,,,,,,,,,,,,,,,,,,,,,,,,,,,,,,,,,,,,,,,,,,,,,,,,,,,,,,,,,,,,,,,,,,,1821.97,-1.09,0.27,0.59,1.2,10414.24,13903.54,15893.77,18893.58,-2.37,-1.73,-0.17,-1.2,-1000.24,356.32,684.44,1437.0,-99.84,407.6,185.09,90.69,3765.93,6038.76,6765.53,8060.42,0.36,0.43,0.43,0.43,33.51,14.31,18.87,23.54,21.96,60.35,12.04,19.14,34.03,28.87,-124.5,120.22,104.08,,,229.49,296.34,227.79,-45.9,-62.8,-651.68,-90.69,-357.24,-268.39,9.76,7.31,6.39,5.38,6.85,6.36,7.27,-0.87,0.1,8.5,5.67,-0.1,0.03,0.04,0.08,12.17,1.74,3.3,,
EMS,CONSTRUCTION,OTHER CONSTRUCTION,SMALL CAP,EMSLIMITED,350.15,1821.97,,,,,,,,,,,,,,,,,,,,,,,,,,,,,,,,,,,,,,,,,,,,,,,,,,,,,,,,,,,,,,,,,,,,,,,,1821.97,-1.09,0.27,0.59,1.2,10414.24,13903.54,15893.77,18893.58,-2.37,-1.73,-0.17,-1.2,-1000.24,356.32,684.44,1437.0,-99.84,407.6,185.09,90.69,3765.93,6038.76,6765.53,8060.42,0.36,0.43,0.43,0.43,33.51,14.31,18.87,23.54,21.96,60.35,12.04,19.14,34.03,28.87,-124.5,120.22,104.08,,,229.49,296.34,227.79,-45.9,-62.8,-651.68,-90.69,-357.24,-268.39,9.76,7.31,6.39,5.38,6.85,6.36,7.27,-0.87,0.1,8.5,5.67,-0.1,0.03,0.04,0.08,12.17,1.74,3.3,,
HNYWELL.AUTOMATION IDA.,INDUSTRIAL MANUFACTURING,MANUFACTURING,MID CAP,HONAUT,37460.0,31449.29,607.73,713.1,819.97,,4681.9,5234.53,5839.57,,5047.43,5889.97,,6296.65,537.3,629.5,723.87,,61.64,52.53,45.68,,605.5,718.87,833.67,,0.13,0.14,0.14,,11.8,11.56,,11.68,,18.72,15.97,,17.34,,17.34,14.99,,16.16,,49.11,49.11,7.42,6.36,,5.95,6.36,6.15,6.72,6.01,5.39,,5.7,5.7,0.8,0.54,,5.07,,0.11,0.12,0.12,,0.55,0.37,,3.93,,4313.11,19.13,25.62,31.5,41.33,1397.58,1867.15,2113.77,3840.6,225.32,234.5,310.0,279.25,153.6,201.35,248.07,520.25,38.66,32.37,25.37,27.81,225.31,324.77,417.33,932.85,0.16,0.19,0.2,0.25,16.45,15.59,17.31,13.58,16.55,23.97,18.7,20.26,20.54,17.92,24.54,19.83,19.11,22.27,18.14,546.65,28.87,28.87,5.6,4.88,3.72,4.03,4.88,4.52,3.91,3.33,2.82,4.69,3.07,2.78,0.6,0.42,0.54,4.18,1.18,0.11,0.12,0.12,0.16,0.32,0.35,-0.37,2.37,1.28
AIA ENGINEERING,INDUSTRIAL MANUFACTURING,MANUFACTURING,MID CAP,AIAENG,4687.0,38666.34,136.11,132.1,143.57,152.45,4419.86,4844.82,5395.72,6102.5,859.98,959.79,,1079.4,1270.16,1233.39,1344.72,1453.8,34.44,35.48,32.65,30.74,1256.29,1316.78,1412.42,1608.2,0.28,0.27,0.26,0.26,9.61,11.37,13.1,10.49,11.35,4.82,7.26,13.86,6.03,8.58,-2.94,8.68,6.18,2.71,3.85,34.06,32.96,5.45,4.88,,4.34,4.88,4.61,8.75,7.98,7.17,6.34,7.57,7.16,-1.24,-1.0,0.18,-4.03,-2.49,0.29,0.25,0.25,0.24,-3.28,-0.54,-1.1,-6.87,-6.06,4313.11,19.13,25.62,31.5,41.33,1397.58,1867.15,2113.77,3840.6,225.32,234.5,310.0,279.25,153.6,201.35,248.07,520.25,38.66,32.37,25.37,27.81,225.31,324.77,417.33,932.85,0.16,0.19,0.2,0.25,16.45,15.59,17.31,13.58,16.55,23.97,18.7,20.26,20.54,17.92,24.54,19.83,19.11,22.27,18.14,546.65,28.87,28.87,5.6,4.88,3.72,4.03,4.88,4.52,3.91,3.33,2.82,4.69,3.07,2.78,0.6,0.42,0.54,4.18,1.18,0.11,0.12,0.12,0.16,0.32,0.35,-0.37,2.37,1.28
ION EXCHANGE (INDIA),INDUSTRIAL MANUFACTURING,MANUFACTURING,SMALL CAP,IONEXCHANG,370.4,5011.87,13.41,18.0,21.57,,2914.84,3021.0,3420.0,,,,,,159.56,252.0,302.0,,27.62,20.58,17.17,,,,,,,,,,3.64,13.21,,8.32,,,,,,,34.23,19.83,,26.83,,18.87,18.87,,,,,,,1.72,1.66,1.47,,1.56,1.56,,,,,,0.05,0.08,0.09,,2.87,0.49,,27.01,,4313.11,19.13,25.62,31.5,41.33,1397.58,1867.15,2113.77,3840.6,225.32,234.5,310.0,279.25,153.6,201.35,248.07,520.25,38.66,32.37,25.37,27.81,225.31,324.77,417.33,932.85,0.16,0.19,0.2,0.25,16.45,15.59,17.31,13.58,16.55,23.97,18.7,20.26,20.54,17.92,24.54,19.83,19.11,22.27,18.14,546.65,28.87,28.87,5.6,4.88,3.72,4.03,4.88,4.52,3.91,3.33,2.82,4.69,3.07,2.78,0.6,0.42,0.54,4.18,1.18,0.11,0.12,0.12,0.16,0.32,0.35,-0.37,2.37,1.28
TEGA INDUSTRIES,INDUSTRIAL MANUFACTURING,MANUFACTURING,SMALL CAP,TEGA,1794.9,11934.78,30.08,32.75,34.73,45.67,1638.65,1867.15,2113.77,2491.7,209.92,228.0,315.9,267.15,200.12,230.55,248.07,326.6,59.67,54.81,51.68,39.3,339.81,358.05,438.33,534.5,0.21,0.19,0.21,0.21,13.94,13.21,17.88,13.58,14.99,5.37,22.42,21.94,13.58,16.3,8.88,6.05,31.48,7.46,14.93,53.24,48.6,8.55,7.87,5.68,6.72,6.78,6.76,7.28,6.39,5.65,4.79,6.02,5.61,-1.56,1.56,0.71,-0.0,1.13,0.12,0.12,0.12,0.13,0.14,-0.61,1.37,-1.97,2.39,4313.11,19.13,25.62,31.5,41.33,1397.58,1867.15,2113.77,3840.6,225.32,234.5,310.0,279.25,153.6,201.35,248.07,520.25,38.66,32.37,25.37,27.81,225.31,324.77,417.33,932.85,0.16,0.19,0.2,0.25,16.45,15.59,17.31,13.58,16.55,23.97,18.7,20.26,20.54,17.92,24.54,19.83,19.11,22.27,18.14,546.65,28.87,28.87,5.6,4.88,3.72,4.03,4.88,4.52,3.91,3.33,2.82,4.69,3.07,2.78,0.6,0.42,0.54,4.18,1.18,0.11,0.12,0.12,0.16,0.32,0.35,-0.37,2.37,1.28
HEG,INDUSTRIAL MANUFACTURING,MANUFACTURING,SMALL CAP,HEG,531.85,11331.64,17.69,27.4,31.3,37.0,2568.5,3402.9,4021.2,5189.5,246.55,258.15,304.1,279.25,341.36,553.3,621.2,713.9,30.07,19.41,16.99,14.37,417.2,713.7,986.05,1331.2,0.16,0.21,0.25,0.26,32.49,18.17,29.05,25.12,26.42,71.07,38.16,35.0,53.74,47.22,54.92,14.19,18.23,33.01,27.89,18.2,16.93,2.16,2.06,1.75,1.9,1.9,1.9,4.41,3.33,2.82,2.18,3.07,2.78,4.73,3.55,1.13,22.87,16.45,0.13,0.16,0.15,0.14,2.97,-0.81,-1.69,7.81,1.16,4313.11,19.13,25.62,31.5,41.33,1397.58,1867.15,2113.77,3840.6,225.32,234.5,310.0,279.25,153.6,201.35,248.07,520.25,38.66,32.37,25.37,27.81,225.31,324.77,417.33,932.85,0.16,0.19,0.2,0.25,16.45,15.59,17.31,13.58,16.55,23.97,18.7,20.26,20.54,17.92,24.54,19.83,19.11,22.27,18.14,546.65,28.87,28.87,5.6,4.88,3.72,4.03,4.88,4.52,3.91,3.33,2.82,4.69,3.07,2.78,0.6,0.42,0.54,4.18,1.18,0.11,0.12,0.12,0.16,0.32,0.35,-0.37,2.37,1.28
VESUVIUS INDIA,INDUSTRIAL MANUFACTURING,MANUFACTURING,SMALL CAP,VESUVIUS,464.9,9629.47,,,,,,,,,,,,,,,,,,,,,,,,,,,,,,,,,,,,,,,,,,,,,,,,,,,,,,,,,,,,,,,,,,,,,,,,4313.11,19.13,25.62,31.5,41.33,1397.58,1867.15,2113.77,3840.6,225.32,234.5,310.0,279.25,153.6,201.35,248.07,520.25,38.66,32.37,25.37,27.81,225.31,324.77,417.33,932.85,0.16,0.19,0.2,0.25,16.45,15.59,17.31,13.58,16.55,23.97,18.7,20.26,20.54,17.92,24.54,19.83,19.11,22.27,18.14,546.65,28.87,28.87,5.6,4.88,3.72,4.03,4.88,4.52,3.91,3.33,2.82,4.69,3.07,2.78,0.6,0.42,0.54,4.18,1.18,0.11,0.12,0.12,0.16,0.32,0.35,-0.37,2.37,1.28
HINDUSTAN FOODS,INDUSTRIAL MANUFACTURING,MANUFACTURING,SMALL CAP,HNDFDS,545.4,6524.61,12.72,16.85,21.5,,4251.04,5120.55,5997.3,,97.37,114.4,,135.3,153.6,201.35,256.8,,42.88,32.37,25.37,,363.37,458.05,547.0,,0.09,0.09,0.09,,20.45,17.12,,18.78,,26.06,19.42,,22.69,,32.47,27.6,,30.01,,28.87,28.87,5.6,4.77,,4.03,4.77,4.4,1.53,1.27,1.09,,1.18,1.18,0.4,0.18,,3.3,,0.04,0.04,0.04,,0.32,0.35,,8.86,,4313.11,19.13,25.62,31.5,41.33,1397.58,1867.15,2113.77,3840.6,225.32,234.5,310.0,279.25,153.6,201.35,248.07,520.25,38.66,32.37,25.37,27.81,225.31,324.77,417.33,932.85,0.16,0.19,0.2,0.25,16.45,15.59,17.31,13.58,16.55,23.97,18.7,20.26,20.54,17.92,24.54,19.83,19.11,22.27,18.14,546.65,28.87,28.87,5.6,4.88,3.72,4.03,4.88,4.52,3.91,3.33,2.82,4.69,3.07,2.78,0.6,0.42,0.54,4.18,1.18,0.11,0.12,0.12,0.16,0.32,0.35,-0.37,2.37,1.28
HSIL,INDUSTRIAL MANUFACTURING,MANUFACTURING,SMALL CAP,AGI,731.15,3864.38,,,,,,,,,,,,,,,,,,,,,,,,,,,,,,,,,,,,,,,,,,,,,,,,,,,,,,,,,,,,,,,,,,,,,,,,4313.11,19.13,25.62,31.5,41.33,1397.58,1867.15,2113.77,3840.6,225.32,234.5,310.0,279.25,153.6,201.35,248.07,520.25,38.66,32.37,25.37,27.81,225.31,324.77,417.33,932.85,0.16,0.19,0.2,0.25,16.45,15.59,17.31,13.58,16.55,23.97,18.7,20.26,20.54,17.92,24.54,19.83,19.11,22.27,18.14,546.65,28.87,28.87,5.6,4.88,3.72,4.03,4.88,4.52,3.91,3.33,2.82,4.69,3.07,2.78,0.6,0.42,0.54,4.18,1.18,0.11,0.12,0.12,0.16,0.32,0.35,-0.37,2.37,1.28
RAIN INDUSTRIES,INDUSTRIAL MANUFACTURING,MANUFACTURING,SMALL CAP,RAIN,191.0,5793.89,,,,,,,,,,,,,,,,,,,,,,,,,,,,,,,,,,,,,,,,,,,,,,,,,,,,,,,,,,,,,,,,,,,,,,,,4313.11,19.13,25.62,31.5,41.33,1397.58,1867.15,2113.77,3840.6,225.32,234.5,310.0,279.25,153.6,201.35,248.07,520.25,38.66,32.37,25.37,27.81,225.31,324.77,417.33,932.85,0.16,0.19,0.2,0.25,16.45,15.59,17.31,13.58,16.55,23.97,18.7,20.26,20.54,17.92,24.54,19.83,19.11,22.27,18.14,546.65,28.87,28.87,5.6,4.88,3.72,4.03,4.88,4.52,3.91,3.33,2.82,4.69,3.07,2.78,0.6,0.42,0.54,4.18,1.18,0.11,0.12,0.12,0.16,0.32,0.35,-0.37,2.37,1.28
AZAD ENGINEERING,INDUSTRIAL MANUFACTURING,MANUFACTURING,SMALL CAP,AZAD,2095.2,13670.66,20.57,25.62,35.9,,602.98,799.94,1072.83,,236.74,261.95,,298.25,132.88,161.35,230.4,,101.86,81.79,58.36,,225.31,291.49,396.32,,0.37,0.36,0.37,,32.67,34.11,,33.39,,29.37,35.97,,32.63,,24.54,40.14,,32.11,,70.08,70.08,8.85,8.0,,7.02,8.0,7.51,22.67,17.09,12.74,,14.92,14.92,-0.93,0.5,,-0.57,,0.22,0.2,0.21,,-1.87,1.31,,-1.28,,4313.11,19.13,25.62,31.5,41.33,1397.58,1867.15,2113.77,3840.6,225.32,234.5,310.0,279.25,153.6,201.35,248.07,520.25,38.66,32.37,25.37,27.81,225.31,324.77,417.33,932.85,0.16,0.19,0.2,0.25,16.45,15.59,17.31,13.58,16.55,23.97,18.7,20.26,20.54,17.92,24.54,19.83,19.11,22.27,18.14,546.65,28.87,28.87,5.6,4.88,3.72,4.03,4.88,4.52,3.91,3.33,2.82,4.69,3.07,2.78,0.6,0.42,0.54,4.18,1.18,0.11,0.12,0.12,0.16,0.32,0.35,-0.37,2.37,1.28
RAJRATAN GLOBAL WIRE,INDUSTRIAL MANUFACTURING,MANUFACTURING,SMALL CAP,RAJRATAN,448.6,2107.5,13.81,18.25,22.5,,1156.5,1346.72,1472.97,,128.11,135.55,,146.6,70.11,92.72,114.1,,32.48,24.58,19.94,,139.95,176.12,197.3,,0.12,0.13,0.13,,16.45,9.37,,12.86,,25.85,12.02,,18.73,,32.15,23.29,,27.64,,22.26,22.26,3.5,3.31,,3.06,3.31,3.18,1.82,1.56,1.43,,1.5,1.5,0.98,0.32,,5.21,,0.06,0.07,0.08,,0.82,0.86,,13.04,,4313.11,19.13,25.62,31.5,41.33,1397.58,1867.15,2113.77,3840.6,225.32,234.5,310.0,279.25,153.6,201.35,248.07,520.25,38.66,32.37,25.37,27.81,225.31,324.77,417.33,932.85,0.16,0.19,0.2,0.25,16.45,15.59,17.31,13.58,16.55,23.97,18.7,20.26,20.54,17.92,24.54,19.83,19.11,22.27,18.14,546.65,28.87,28.87,5.6,4.88,3.72,4.03,4.88,4.52,3.91,3.33,2.82,4.69,3.07,2.78,0.6,0.42,0.54,4.18,1.18,0.11,0.12,0.12,0.16,0.32,0.35,-0.37,2.37,1.28
BALMER LAWRIE,INDUSTRIAL MANUFACTURING,MANUFACTURING,SMALL CAP,BALMLAWRIE,181.44,3112.61,,,,,,,,,,,,,,,,,,,,,,,,,,,,,,,,,,,,,,,,,,,,,,,,,,,,,,,,,,,,,,,,,,,,,,,,4313.11,19.13,25.62,31.5,41.33,1397.58,1867.15,2113.77,3840.6,225.32,234.5,310.0,279.25,153.6,201.35,248.07,520.25,38.66,32.37,25.37,27.81,225.31,324.77,417.33,932.85,0.16,0.19,0.2,0.25,16.45,15.59,17.31,13.58,16.55,23.97,18.7,20.26,20.54,17.92,24.54,19.83,19.11,22.27,18.14,546.65,28.87,28.87,5.6,4.88,3.72,4.03,4.88,4.52,3.91,3.33,2.82,4.69,3.07,2.78,0.6,0.42,0.54,4.18,1.18,0.11,0.12,0.12,0.16,0.32,0.35,-0.37,2.37,1.28
DCX SYSTEMS,INDUSTRIAL MANUFACTURING,MANUFACTURING,SMALL CAP,DCXINDIA,204.32,2357.83,3.49,,,,1083.67,,,,,,,,,,,,58.54,,,,79.89,,,,0.07,,,,,,,,,,,,,,,,,,,,,,,,,,,2.18,,,,,,,,,,,,,,,,,,,,4313.11,19.13,25.62,31.5,41.33,1397.58,1867.15,2113.77,3840.6,225.32,234.5,310.0,279.25,153.6,201.35,248.07,520.25,38.66,32.37,25.37,27.81,225.31,324.77,417.33,932.85,0.16,0.19,0.2,0.25,16.45,15.59,17.31,13.58,16.55,23.97,18.7,20.26,20.54,17.92,24.54,19.83,19.11,22.27,18.14,546.65,28.87,28.87,5.6,4.88,3.72,4.03,4.88,4.52,3.91,3.33,2.82,4.69,3.07,2.78,0.6,0.42,0.54,4.18,1.18,0.11,0.12,0.12,0.16,0.32,0.35,-0.37,2.37,1.28
SHIVALIK BIMETAL CONTROLS,INDUSTRIAL MANUFACTURING,MANUFACTURING,SMALL CAP,SBCL,746.55,4313.11,16.79,21.0,25.0,30.0,570.86,693.0,805.5,940.3,,,,,96.78,117.7,139.5,166.2,44.46,35.55,29.86,24.88,130.72,159.6,188.3,223.3,0.23,0.23,0.23,0.24,21.4,16.23,16.73,18.79,18.1,22.09,17.98,18.59,20.02,19.54,25.07,19.05,20.0,22.02,21.35,32.71,30.1,,,,,,,7.56,6.22,5.35,4.59,5.79,5.39,0.13,0.35,0.37,1.04,1.22,0.17,0.17,0.17,0.18,0.03,0.33,0.36,1.07,1.4,4313.11,19.13,25.62,31.5,41.33,1397.58,1867.15,2113.77,3840.6,225.32,234.5,310.0,279.25,153.6,201.35,248.07,520.25,38.66,32.37,25.37,27.81,225.31,324.77,417.33,932.85,0.16,0.19,0.2,0.25,16.45,15.59,17.31,13.58,16.55,23.97,18.7,20.26,20.54,17.92,24.54,19.83,19.11,22.27,18.14,546.65,28.87,28.87,5.6,4.88,3.72,4.03,4.88,4.52,3.91,3.33,2.82,4.69,3.07,2.78,0.6,0.42,0.54,4.18,1.18,0.11,0.12,0.12,0.16,0.32,0.35,-0.37,2.37,1.28
APCOTEX INDUSTRIES,INDUSTRIAL MANUFACTURING,MANUFACTURING,SMALL CAP,APCOTEXIND,546.65,2540.14,,,,,,,,,,,,,,,,,,,,,,,,,,,,,,,,,,,,,,,,,,,,,,,,,,,,,,,,,,,,,,,,,,,,,,,,4313.11,19.13,25.62,31.5,41.33,1397.58,1867.15,2113.77,3840.6,225.32,234.5,310.0,279.25,153.6,201.35,248.07,520.25,38.66,32.37,25.37,27.81,225.31,324.77,417.33,932.85,0.16,0.19,0.2,0.25,16.45,15.59,17.31,13.58,16.55,23.97,18.7,20.26,20.54,17.92,24.54,19.83,19.11,22.27,18.14,546.65,28.87,28.87,5.6,4.88,3.72,4.03,4.88,4.52,3.91,3.33,2.82,4.69,3.07,2.78,0.6,0.42,0.54,4.18,1.18,0.11,0.12,0.12,0.16,0.32,0.35,-0.37,2.37,1.28
BHANSALI ENGINEERING POLYMERS,INDUSTRIAL MANUFACTURING,MANUFACTURING,SMALL CAP,BEPL,105.86,2416.17,,,,,,,,,,,,,,,,,,,,,,,,,,,,,,,,,,,,,,,,,,,,,,,,,,,,,,,,,,,,,,,,,,,,,,,,4313.11,19.13,25.62,31.5,41.33,1397.58,1867.15,2113.77,3840.6,225.32,234.5,310.0,279.25,153.6,201.35,248.07,520.25,38.66,32.37,25.37,27.81,225.31,324.77,417.33,932.85,0.16,0.19,0.2,0.25,16.45,15.59,17.31,13.58,16.55,23.97,18.7,20.26,20.54,17.92,24.54,19.83,19.11,22.27,18.14,546.65,28.87,28.87,5.6,4.88,3.72,4.03,4.88,4.52,3.91,3.33,2.82,4.69,3.07,2.78,0.6,0.42,0.54,4.18,1.18,0.11,0.12,0.12,0.16,0.32,0.35,-0.37,2.37,1.28
RISHABH INSTRUMENTS,INDUSTRIAL MANUFACTURING,MANUFACTURING,SMALL CAP,RISHABH,578.65,2047.24,21.07,24.4,31.5,,775.15,823.0,998.0,,,217.6,,249.1,81.53,89.7,110.0,,27.46,23.72,18.37,,126.45,144.1,185.3,,0.16,0.18,0.19,,6.17,21.26,,13.47,,13.96,28.59,,21.06,,15.8,29.1,,22.27,,21.04,21.04,,2.66,,2.32,2.66,2.49,2.64,2.49,2.05,,2.27,2.27,1.2,1.06,,6.69,,0.11,0.11,0.11,,0.38,0.12,,2.37,,4313.11,19.13,25.62,31.5,41.33,1397.58,1867.15,2113.77,3840.6,225.32,234.5,310.0,279.25,153.6,201.35,248.07,520.25,38.66,32.37,25.37,27.81,225.31,324.77,417.33,932.85,0.16,0.19,0.2,0.25,16.45,15.59,17.31,13.58,16.55,23.97,18.7,20.26,20.54,17.92,24.54,19.83,19.11,22.27,18.14,546.65,28.87,28.87,5.6,4.88,3.72,4.03,4.88,4.52,3.91,3.33,2.82,4.69,3.07,2.78,0.6,0.42,0.54,4.18,1.18,0.11,0.12,0.12,0.16,0.32,0.35,-0.37,2.37,1.28
DREDGING CORP.OF INDIA,INDUSTRIAL MANUFACTURING,MANUFACTURING,SMALL CAP,DREDGECORP,1136.0,3122.98,,,,,,,,,,,,,,,,,,,,,,,,,,,,,,,,,,,,,,,,,,,,,,,,,,,,,,,,,,,,,,,,,,,,,,,,4313.11,19.13,25.62,31.5,41.33,1397.58,1867.15,2113.77,3840.6,225.32,234.5,310.0,279.25,153.6,201.35,248.07,520.25,38.66,32.37,25.37,27.81,225.31,324.77,417.33,932.85,0.16,0.19,0.2,0.25,16.45,15.59,17.31,13.58,16.55,23.97,18.7,20.26,20.54,17.92,24.54,19.83,19.11,22.27,18.14,546.65,28.87,28.87,5.6,4.88,3.72,4.03,4.88,4.52,3.91,3.33,2.82,4.69,3.07,2.78,0.6,0.42,0.54,4.18,1.18,0.11,0.12,0.12,0.16,0.32,0.35,-0.37,2.37,1.28
CARYSIL,INDUSTRIAL MANUFACTURING,MANUFACTURING,SMALL CAP,CARYSIL,1199.3,3158.12,34.92,40.45,48.85,,923.95,1090.6,1260.65,,213.91,234.5,,305.0,99.32,114.95,138.95,,34.34,29.65,24.55,,138.01,210.1,246.05,,0.15,0.19,0.2,,18.04,15.59,,16.81,,52.24,17.11,,33.53,,15.84,20.77,,18.28,,27.1,27.1,5.61,5.11,,3.93,5.11,4.52,3.42,2.9,2.51,,2.7,2.7,4.33,0.25,,14.31,,0.11,0.11,0.11,,-0.21,0.48,,1.26,,4313.11,19.13,25.62,31.5,41.33,1397.58,1867.15,2113.77,3840.6,225.32,234.5,310.0,279.25,153.6,201.35,248.07,520.25,38.66,32.37,25.37,27.81,225.31,324.77,417.33,932.85,0.16,0.19,0.2,0.25,16.45,15.59,17.31,13.58,16.55,23.97,18.7,20.26,20.54,17.92,24.54,19.83,19.11,22.27,18.14,546.65,28.87,28.87,5.6,4.88,3.72,4.03,4.88,4.52,3.91,3.33,2.82,4.69,3.07,2.78,0.6,0.42,0.54,4.18,1.18,0.11,0.12,0.12,0.16,0.32,0.35,-0.37,2.37,1.28
RESPONSIVE INDS.,INDUSTRIAL MANUFACTURING,MANUFACTURING PLASTIC,SMALL CAP,RESPONIND,191.09,4931.99,,,,,,,,,,,,,,,,,,,,,,,,,,,,,,,,,,,,,,,,,,,,,,,,,,,,,,,,,,,,,,,,,,,,,,,,2994.58,13.0,14.87,17.85,18.69,4763.1,5298.86,5832.92,7226.2,99.9,111.85,119.0,125.1,290.92,276.04,407.79,560.07,20.87,18.78,20.52,21.93,484.32,484.85,661.88,1035.04,0.14,0.15,0.15,0.18,11.42,14.61,14.19,13.0,14.0,16.23,16.96,17.15,16.66,16.31,14.42,25.92,14.34,17.44,16.97,623.7,20.83,20.78,2.57,2.67,2.03,2.34,2.35,2.34,1.6,1.44,1.26,1.29,1.35,1.26,0.42,0.37,0.26,1.86,1.56,0.07,0.08,0.08,0.09,0.63,0.78,0.46,7.99,4.06
JAI CORP,INDUSTRIAL MANUFACTURING,MANUFACTURING PLASTIC,SMALL CAP,JAICORPLTD,121.16,2053.93,,,,,,,,,,,,,,,,,,,,,,,,,,,,,,,,,,,,,,,,,,,,,,,,,,,,,,,,,,,,,,,,,,,,,,,,2994.58,13.0,14.87,17.85,18.69,4763.1,5298.86,5832.92,7226.2,99.9,111.85,119.0,125.1,290.92,276.04,407.79,560.07,20.87,18.78,20.52,21.93,484.32,484.85,661.88,1035.04,0.14,0.15,0.15,0.18,11.42,14.61,14.19,13.0,14.0,16.23,16.96,17.15,16.66,16.31,14.42,25.92,14.34,17.44,16.97,623.7,20.83,20.78,2.57,2.67,2.03,2.34,2.35,2.34,1.6,1.44,1.26,1.29,1.35,1.26,0.42,0.37,0.26,1.86,1.56,0.07,0.08,0.08,0.09,0.63,0.78,0.46,7.99,4.06
EPL,INDUSTRIAL MANUFACTURING,MANUFACTURING PLASTIC,SMALL CAP,EPL,229.57,7017.32,13.0,14.87,17.85,17.89,4763.1,5298.86,5832.92,6447.5,89.22,96.99,119.0,108.82,417.1,476.5,571.07,571.41,17.66,15.43,12.86,12.84,923.3,1073.18,1202.8,1305.31,0.19,0.2,0.21,0.2,11.25,10.08,10.54,10.66,10.62,16.23,12.08,8.52,14.14,12.23,14.42,19.99,0.21,17.17,11.22,14.15,13.71,2.57,2.37,1.93,2.11,2.15,2.14,1.47,1.32,1.2,1.09,1.26,1.21,0.87,0.37,-0.38,3.14,1.46,0.09,0.09,0.1,0.09,0.24,0.8,-0.93,5.74,0.4,2994.58,13.0,14.87,17.85,18.69,4763.1,5298.86,5832.92,7226.2,99.9,111.85,119.0,125.1,290.92,276.04,407.79,560.07,20.87,18.78,20.52,21.93,484.32,484.85,661.88,1035.04,0.14,0.15,0.15,0.18,11.42,14.61,14.19,13.0,14.0,16.23,16.96,17.15,16.66,16.31,14.42,25.92,14.34,17.44,16.97,623.7,20.83,20.78,2.57,2.67,2.03,2.34,2.35,2.34,1.6,1.44,1.26,1.29,1.35,1.26,0.42,0.37,0.26,1.86,1.56,0.07,0.08,0.08,0.09,0.63,0.78,0.46,7.99,4.06
PG ELECTROPLAST,INDUSTRIAL MANUFACTURING,MANUFACTURING PLASTIC,SMALL CAP,PGEL,560.5,13334.72,10.55,9.69,14.55,19.5,4869.53,5619.32,7158.56,8976.83,99.9,111.85,143.12,125.1,290.92,276.04,407.79,548.74,53.13,57.87,38.52,28.74,484.32,484.85,661.88,860.08,0.1,0.09,0.09,0.1,15.4,27.39,25.4,21.25,22.62,0.11,36.51,29.95,16.9,21.1,-8.19,50.22,34.02,17.44,22.72,48.19,41.71,5.61,5.01,3.92,4.48,4.46,4.47,2.74,2.37,1.86,1.49,2.12,1.91,-1.32,0.62,0.34,-3.58,-1.24,0.06,0.05,0.06,0.06,-1.06,0.78,0.42,-2.35,0.77,2994.58,13.0,14.87,17.85,18.69,4763.1,5298.86,5832.92,7226.2,99.9,111.85,119.0,125.1,290.92,276.04,407.79,560.07,20.87,18.78,20.52,21.93,484.32,484.85,661.88,1035.04,0.14,0.15,0.15,0.18,11.42,14.61,14.19,13.0,14.0,16.23,16.96,17.15,16.66,16.31,14.42,25.92,14.34,17.44,16.97,623.7,20.83,20.78,2.57,2.67,2.03,2.34,2.35,2.34,1.6,1.44,1.26,1.29,1.35,1.26,0.42,0.37,0.26,1.86,1.56,0.07,0.08,0.08,0.09,0.63,0.78,0.46,7.99,4.06
TIME TECHNOPLAST,INDUSTRIAL MANUFACTURING,MANUFACTURING PLASTIC,SMALL CAP,TIMETECHNO,178.42,8751.66,8.55,9.5,7.8,6.4,5457.04,6080.0,6968.3,8004.9,,66.9,87.9,76.4,387.94,470.8,577.7,703.9,20.87,18.78,22.87,27.88,784.95,900.0,1040.0,1210.0,0.14,0.15,0.15,0.15,11.42,14.61,14.88,13.0,13.62,14.66,15.56,16.35,15.11,15.52,11.11,-17.89,-17.95,-4.49,-9.2,20.83,23.18,,2.67,2.03,2.34,2.35,2.34,1.6,1.44,1.26,1.09,1.35,1.26,0.42,0.12,0.19,1.86,1.67,0.07,0.08,0.08,0.09,0.63,0.55,0.5,7.99,7.35,2994.58,13.0,14.87,17.85,18.69,4763.1,5298.86,5832.92,7226.2,99.9,111.85,119.0,125.1,290.92,276.04,407.79,560.07,20.87,18.78,20.52,21.93,484.32,484.85,661.88,1035.04,0.14,0.15,0.15,0.18,11.42,14.61,14.19,13.0,14.0,16.23,16.96,17.15,16.66,16.31,14.42,25.92,14.34,17.44,16.97,623.7,20.83,20.78,2.57,2.67,2.03,2.34,2.35,2.34,1.6,1.44,1.26,1.29,1.35,1.26,0.42,0.37,0.26,1.86,1.56,0.07,0.08,0.08,0.09,0.63,0.78,0.46,7.99,4.06
UFLEX,INDUSTRIAL MANUFACTURING,MANUFACTURING PLASTIC,SMALL CAP,UFLEX,425.9,2974.03,,,,,,,,,,,,,,,,,,,,,,,,,,,,,,,,,,,,,,,,,,,,,,,,,,,,,,,,,,,,,,,,,,,,,,,,2994.58,13.0,14.87,17.85,18.69,4763.1,5298.86,5832.92,7226.2,99.9,111.85,119.0,125.1,290.92,276.04,407.79,560.07,20.87,18.78,20.52,21.93,484.32,484.85,661.88,1035.04,0.14,0.15,0.15,0.18,11.42,14.61,14.19,13.0,14.0,16.23,16.96,17.15,16.66,16.31,14.42,25.92,14.34,17.44,16.97,623.7,20.83,20.78,2.57,2.67,2.03,2.34,2.35,2.34,1.6,1.44,1.26,1.29,1.35,1.26,0.42,0.37,0.26,1.86,1.56,0.07,0.08,0.08,0.09,0.63,0.78,0.46,7.99,4.06
NILKAMAL,INDUSTRIAL MANUFACTURING,MANUFACTURING PLASTIC,SMALL CAP,NILKAMAL,1290.9,1899.79,87.79,133.6,169.2,,3778.06,4180.5,4593.5,,1057.05,1155.0,,1282.0,130.99,189.3,242.5,,14.7,9.66,7.63,,328.81,431.9,512.5,,0.09,0.1,0.11,,10.65,9.88,,10.26,,31.35,18.66,,24.85,,52.18,26.65,,38.83,,8.65,8.65,1.22,1.12,,1.01,1.12,1.06,0.5,0.45,0.41,,0.43,0.43,1.63,0.83,,13.22,,0.03,0.05,0.05,,1.06,0.75,,23.4,,2994.58,13.0,14.87,17.85,18.69,4763.1,5298.86,5832.92,7226.2,99.9,111.85,119.0,125.1,290.92,276.04,407.79,560.07,20.87,18.78,20.52,21.93,484.32,484.85,661.88,1035.04,0.14,0.15,0.15,0.18,11.42,14.61,14.19,13.0,14.0,16.23,16.96,17.15,16.66,16.31,14.42,25.92,14.34,17.44,16.97,623.7,20.83,20.78,2.57,2.67,2.03,2.34,2.35,2.34,1.6,1.44,1.26,1.29,1.35,1.26,0.42,0.37,0.26,1.86,1.56,0.07,0.08,0.08,0.09,0.63,0.78,0.46,7.99,4.06
POLYPLEX,INDUSTRIAL MANUFACTURING,MANUFACTURING PLASTIC,SMALL CAP,POLYPLEX,951.1,2843.22,,,,,,,,,,,,,,,,,,,,,,,,,,,,,,,,,,,,,,,,,,,,,,,,,,,,,,,,,,,,,,,,,,,,,,,,2994.58,13.0,14.87,17.85,18.69,4763.1,5298.86,5832.92,7226.2,99.9,111.85,119.0,125.1,290.92,276.04,407.79,560.07,20.87,18.78,20.52,21.93,484.32,484.85,661.88,1035.04,0.14,0.15,0.15,0.18,11.42,14.61,14.19,13.0,14.0,16.23,16.96,17.15,16.66,16.31,14.42,25.92,14.34,17.44,16.97,623.7,20.83,20.78,2.57,2.67,2.03,2.34,2.35,2.34,1.6,1.44,1.26,1.29,1.35,1.26,0.42,0.37,0.26,1.86,1.56,0.07,0.08,0.08,0.09,0.63,0.78,0.46,7.99,4.06
MOLD-TEK PACKAGING,INDUSTRIAL MANUFACTURING,MANUFACTURING PLASTIC,SMALL CAP,MOLDTKPAC,698.1,2330.01,21.68,27.01,34.01,43.7,886.61,1017.24,1168.7,1326.6,,228.57,,254.23,72.05,89.13,112.41,145.4,32.2,25.84,20.52,15.97,172.4,200.62,234.65,276.8,0.19,0.2,0.2,0.21,14.73,14.89,13.51,14.81,14.38,16.37,16.96,17.96,16.66,17.1,24.59,25.92,28.48,25.25,26.32,23.18,20.78,,3.05,,2.75,3.05,2.9,2.63,2.29,1.99,1.76,2.14,2.01,0.28,0.36,0.79,1.61,2.38,0.08,0.09,0.1,0.11,0.64,0.86,1.34,8.79,10.48,2994.58,13.0,14.87,17.85,18.69,4763.1,5298.86,5832.92,7226.2,99.9,111.85,119.0,125.1,290.92,276.04,407.79,560.07,20.87,18.78,20.52,21.93,484.32,484.85,661.88,1035.04,0.14,0.15,0.15,0.18,11.42,14.61,14.19,13.0,14.0,16.23,16.96,17.15,16.66,16.31,14.42,25.92,14.34,17.44,16.97,623.7,20.83,20.78,2.57,2.67,2.03,2.34,2.35,2.34,1.6,1.44,1.26,1.29,1.35,1.26,0.42,0.37,0.26,1.86,1.56,0.07,0.08,0.08,0.09,0.63,0.78,0.46,7.99,4.06
GARWARE HI-TECH FILMS,INDUSTRIAL MANUFACTURING,MANUFACTURING PLASTIC,SMALL CAP,GRWRHITECH,6785.5,13468.98,,,,,,,,,,,,,,,,,,,,,,,,,,,,,,,,,,,,,,,,,,,,,,,,,,,,,,,,,,,,,,,,,,,,,,,,2994.58,13.0,14.87,17.85,18.69,4763.1,5298.86,5832.92,7226.2,99.9,111.85,119.0,125.1,290.92,276.04,407.79,560.07,20.87,18.78,20.52,21.93,484.32,484.85,661.88,1035.04,0.14,0.15,0.15,0.18,11.42,14.61,14.19,13.0,14.0,16.23,16.96,17.15,16.66,16.31,14.42,25.92,14.34,17.44,16.97,623.7,20.83,20.78,2.57,2.67,2.03,2.34,2.35,2.34,1.6,1.44,1.26,1.29,1.35,1.26,0.42,0.37,0.26,1.86,1.56,0.07,0.08,0.08,0.09,0.63,0.78,0.46,7.99,4.06
JINDAL POLY FILMS,INDUSTRIAL MANUFACTURING,MANUFACTURING PLASTIC,SMALL CAP,JINDALPOLY,686.9,3015.13,,,,,,,,,,,,,,,,,,,,,,,,,,,,,,,,,,,,,,,,,,,,,,,,,,,,,,,,,,,,,,,,,,,,,,,,2994.58,13.0,14.87,17.85,18.69,4763.1,5298.86,5832.92,7226.2,99.9,111.85,119.0,125.1,290.92,276.04,407.79,560.07,20.87,18.78,20.52,21.93,484.32,484.85,661.88,1035.04,0.14,0.15,0.15,0.18,11.42,14.61,14.19,13.0,14.0,16.23,16.96,17.15,16.66,16.31,14.42,25.92,14.34,17.44,16.97,623.7,20.83,20.78,2.57,2.67,2.03,2.34,2.35,2.34,1.6,1.44,1.26,1.29,1.35,1.26,0.42,0.37,0.26,1.86,1.56,0.07,0.08,0.08,0.09,0.63,0.78,0.46,7.99,4.06
STYRENIX PERFORMANCE MATERIALS,INDUSTRIAL MANUFACTURING,MANUFACTURING PLASTIC,SMALL CAP,STYRENIX,2312.9,4056.48,,,,,,,,,,,,,,,,,,,,,,,,,,,,,,,,,,,,,,,,,,,,,,,,,,,,,,,,,,,,,,,,,,,,,,,,2994.58,13.0,14.87,17.85,18.69,4763.1,5298.86,5832.92,7226.2,99.9,111.85,119.0,125.1,290.92,276.04,407.79,560.07,20.87,18.78,20.52,21.93,484.32,484.85,661.88,1035.04,0.14,0.15,0.15,0.18,11.42,14.61,14.19,13.0,14.0,16.23,16.96,17.15,16.66,16.31,14.42,25.92,14.34,17.44,16.97,623.7,20.83,20.78,2.57,2.67,2.03,2.34,2.35,2.34,1.6,1.44,1.26,1.29,1.35,1.26,0.42,0.37,0.26,1.86,1.56,0.07,0.08,0.08,0.09,0.63,0.78,0.46,7.99,4.06
HUHTAMAKI INDIA,INDUSTRIAL MANUFACTURING,MANUFACTURING PLASTIC,SMALL CAP,HUHTAMAKI,185.85,1273.38,,,,,,,,,,,,,,,,,,,,,,,,,,,,,,,,,,,,,,,,,,,,,,,,,,,,,,,,,,,,,,,,,,,,,,,,2994.58,13.0,14.87,17.85,18.69,4763.1,5298.86,5832.92,7226.2,99.9,111.85,119.0,125.1,290.92,276.04,407.79,560.07,20.87,18.78,20.52,21.93,484.32,484.85,661.88,1035.04,0.14,0.15,0.15,0.18,11.42,14.61,14.19,13.0,14.0,16.23,16.96,17.15,16.66,16.31,14.42,25.92,14.34,17.44,16.97,623.7,20.83,20.78,2.57,2.67,2.03,2.34,2.35,2.34,1.6,1.44,1.26,1.29,1.35,1.26,0.42,0.37,0.26,1.86,1.56,0.07,0.08,0.08,0.09,0.63,0.78,0.46,7.99,4.06
COSMO FIRST,INDUSTRIAL MANUFACTURING,MANUFACTURING PLASTIC,SMALL CAP,COSMOFIRST,780.75,2003.58,,,,,,,,,,,,,,,,,,,,,,,,,,,,,,,,,,,,,,,,,,,,,,,,,,,,,,,,,,,,,,,,,,,,,,,,2994.58,13.0,14.87,17.85,18.69,4763.1,5298.86,5832.92,7226.2,99.9,111.85,119.0,125.1,290.92,276.04,407.79,560.07,20.87,18.78,20.52,21.93,484.32,484.85,661.88,1035.04,0.14,0.15,0.15,0.18,11.42,14.61,14.19,13.0,14.0,16.23,16.96,17.15,16.66,16.31,14.42,25.92,14.34,17.44,16.97,623.7,20.83,20.78,2.57,2.67,2.03,2.34,2.35,2.34,1.6,1.44,1.26,1.29,1.35,1.26,0.42,0.37,0.26,1.86,1.56,0.07,0.08,0.08,0.09,0.63,0.78,0.46,7.99,4.06
GRINDWELL NORTON,INDUSTRIAL MANUFACTURING,ABRASIVE,SMALL CAP,GRINDWELL,2136.8,21185.16,37.54,42.9,48.65,52.9,3073.19,3430.65,3828.45,4259.8,228.93,255.3,,285.4,415.66,474.7,538.3,586.0,56.92,49.81,43.92,40.39,573.65,655.45,740.05,821.4,0.19,0.19,0.19,0.19,11.63,11.6,11.27,11.61,11.5,14.26,12.91,10.99,13.58,12.71,14.28,13.4,8.74,13.84,12.11,46.87,44.71,9.33,8.37,,7.49,8.37,7.93,6.89,6.18,5.53,4.97,5.85,5.56,0.44,0.22,-0.05,1.76,1.09,0.14,0.14,0.14,0.14,0.31,0.22,-0.3,1.96,0.57,20530.14,27.48,33.6,39.19,44.48,4139.75,4428.35,4974.93,5520.55,216.87,239.5,279.26,266.44,372.48,466.92,551.57,639.17,64.1,50.45,42.84,37.42,591.91,729.44,852.89,973.51,0.15,0.17,0.18,0.18,7.93,12.21,11.02,10.02,10.35,22.97,16.55,13.77,19.69,17.68,26.89,17.88,14.99,22.24,19.78,1689.25,46.65,43.57,7.7,6.96,4.45,6.25,6.68,6.47,5.36,4.92,4.39,3.95,4.65,4.42,1.76,0.6,0.39,8.89,6.7,0.1,0.11,0.12,0.12,1.22,0.49,0.34,11.37,8.94
CARBORUNDUM UNIVERSAL,INDUSTRIAL MANUFACTURING,ABRASIVE,SMALL CAP,CARBORUNIV,1241.7,19875.13,17.42,24.3,29.74,36.05,5206.31,5426.04,6121.41,6781.29,204.8,223.69,279.26,247.48,329.3,459.14,564.84,692.35,71.28,51.1,41.76,34.44,610.16,803.44,965.73,1125.61,0.12,0.15,0.16,0.17,4.22,12.82,10.78,8.43,9.21,31.68,20.2,16.56,25.81,22.64,39.5,22.36,21.25,30.65,27.44,46.43,42.43,6.06,5.55,4.45,5.02,5.0,5.0,3.82,3.66,3.25,2.93,3.45,3.28,3.09,0.97,0.82,16.02,12.3,0.06,0.08,0.09,0.1,2.14,0.77,0.98,20.78,17.31,20530.14,27.48,33.6,39.19,44.48,4139.75,4428.35,4974.93,5520.55,216.87,239.5,279.26,266.44,372.48,466.92,551.57,639.17,64.1,50.45,42.84,37.42,591.91,729.44,852.89,973.51,0.15,0.17,0.18,0.18,7.93,12.21,11.02,10.02,10.35,22.97,16.55,13.77,19.69,17.68,26.89,17.88,14.99,22.24,19.78,1689.25,46.65,43.57,7.7,6.96,4.45,6.25,6.68,6.47,5.36,4.92,4.39,3.95,4.65,4.42,1.76,0.6,0.39,8.89,6.7,0.1,0.11,0.12,0.12,1.22,0.49,0.34,11.37,8.94
HINDUSTAN AERONAUTICS,INDUSTRIAL MANUFACTURING,DEFENSE,LARGE CAP,HAL,4408.1,296113.4,136.3,146.08,166.91,197.49,33088.82,37377.88,44172.32,50525.43,613.68,707.15,949.0,818.79,9115.6,9736.01,11222.44,13441.05,32.34,30.18,26.41,22.32,9769.83,10972.11,12725.36,14276.47,0.3,0.29,0.29,0.28,12.96,18.18,14.38,15.54,15.15,12.31,15.98,12.19,14.13,13.48,7.18,14.26,18.33,10.66,13.16,28.29,26.3,7.18,6.23,4.64,5.38,5.44,5.42,8.95,7.92,6.7,5.86,7.31,6.83,-0.17,-0.55,-0.55,-1.22,-1.45,0.28,0.26,0.25,0.27,-1.5,-0.64,1.2,-3.97,-1.16,24232.4,24.44,33.35,46.43,58.33,2253.93,1516.4,3917.87,7215.74,226.24,259.8,419.05,332.79,549.65,397.45,731.12,1270.05,83.08,57.53,39.26,34.58,423.18,490.58,773.08,1327.25,0.22,0.27,0.27,0.24,22.2,20.81,14.38,20.3,15.34,23.89,25.1,12.54,23.98,14.64,22.26,26.81,18.36,22.49,15.26,1840.55,51.23,47.69,12.38,10.81,6.01,8.35,9.38,9.26,12.82,9.54,7.93,6.24,8.88,8.32,0.2,0.42,0.03,-0.31,1.72,0.18,0.18,0.19,0.21,0.12,0.64,0.96,0.87,1.67
BHARAT ELECTRONICS,INDUSTRIAL MANUFACTURING,DEFENSE,LARGE CAP,BEL,426.9,307083.8,8.29,9.63,11.29,12.7,27610.11,32172.78,37391.45,42574.84,32.82,39.48,53.74,47.36,6062.0,7014.1,8242.42,9278.83,51.5,44.35,37.81,33.63,8049.33,9228.69,10741.28,12126.31,0.29,0.29,0.29,0.28,16.53,16.22,13.86,16.37,15.53,14.65,16.39,12.89,15.52,14.64,16.12,17.3,12.43,16.7,15.26,41.08,38.59,13.01,10.81,7.94,9.01,9.38,9.26,11.12,9.54,8.21,7.21,8.88,8.32,-0.47,0.04,-0.24,-0.74,-0.77,0.22,0.22,0.22,0.22,-0.15,0.24,-0.25,0.2,-0.25,24232.4,24.44,33.35,46.43,58.33,2253.93,1516.4,3917.87,7215.74,226.24,259.8,419.05,332.79,549.65,397.45,731.12,1270.05,83.08,57.53,39.26,34.58,423.18,490.58,773.08,1327.25,0.22,0.27,0.27,0.24,22.2,20.81,14.38,20.3,15.34,23.89,25.1,12.54,23.98,14.64,22.26,26.81,18.36,22.49,15.26,1840.55,51.23,47.69,12.38,10.81,6.01,8.35,9.38,9.26,12.82,9.54,7.93,6.24,8.88,8.32,0.2,0.42,0.03,-0.31,1.72,0.18,0.18,0.19,0.21,0.12,0.64,0.96,0.87,1.67
MAZAGON DOCK SHIPBUILDERS,INDUSTRIAL MANUFACTURING,DEFENSE,MID CAP,MAZDOCK,2518.7,99235.46,64.04,70.03,79.94,77.36,13006.31,14170.14,15911.12,16237.35,241.83,292.5,419.05,348.61,2578.36,2799.78,3163.64,3121.2,39.33,35.97,31.51,32.56,2265.63,2531.75,2916.74,2879.95,0.17,0.18,0.18,0.18,8.95,12.29,2.05,10.6,7.68,11.75,15.21,-1.26,13.46,8.33,9.35,14.15,-3.22,11.72,6.5,33.74,33.34,10.42,8.61,6.01,7.23,7.31,7.28,7.63,7.0,6.24,6.11,6.62,6.45,0.45,0.46,-0.59,2.58,0.6,0.2,0.2,0.2,0.19,-0.07,0.12,-0.66,0.15,-1.02,24232.4,24.44,33.35,46.43,58.33,2253.93,1516.4,3917.87,7215.74,226.24,259.8,419.05,332.79,549.65,397.45,731.12,1270.05,83.08,57.53,39.26,34.58,423.18,490.58,773.08,1327.25,0.22,0.27,0.27,0.24,22.2,20.81,14.38,20.3,15.34,23.89,25.1,12.54,23.98,14.64,22.26,26.81,18.36,22.49,15.26,1840.55,51.23,47.69,12.38,10.81,6.01,8.35,9.38,9.26,12.82,9.54,7.93,6.24,8.88,8.32,0.2,0.42,0.03,-0.31,1.72,0.18,0.18,0.19,0.21,0.12,0.64,0.96,0.87,1.67
BHARAT DYNAMICS,INDUSTRIAL MANUFACTURING,DEFENSE,MID CAP,BDL,1373.4,48749.15,14.99,20.22,27.15,36.11,3345.05,4127.21,5511.66,7215.74,109.37,122.53,174.48,142.79,549.65,689.28,995.76,1356.21,91.62,67.91,50.59,38.03,472.37,635.16,979.22,1387.91,0.14,0.15,0.18,0.19,23.38,33.54,30.92,28.36,29.21,34.46,54.17,41.74,43.98,43.23,34.91,34.25,33.01,34.58,34.06,59.25,52.18,12.56,11.21,7.87,9.62,9.54,9.57,14.57,11.81,8.84,6.76,10.33,9.14,1.27,2.38,1.47,12.17,10.85,0.16,0.17,0.18,0.19,0.27,1.37,0.73,4.86,4.58,24232.4,24.44,33.35,46.43,58.33,2253.93,1516.4,3917.87,7215.74,226.24,259.8,419.05,332.79,549.65,397.45,731.12,1270.05,83.08,57.53,39.26,34.58,423.18,490.58,773.08,1327.25,0.22,0.27,0.27,0.24,22.2,20.81,14.38,20.3,15.34,23.89,25.1,12.54,23.98,14.64,22.26,26.81,18.36,22.49,15.26,1840.55,51.23,47.69,12.38,10.81,6.01,8.35,9.38,9.26,12.82,9.54,7.93,6.24,8.88,8.32,0.2,0.42,0.03,-0.31,1.72,0.18,0.18,0.19,0.21,0.12,0.64,0.96,0.87,1.67
COCHIN SHIPYARD,INDUSTRIAL MANUFACTURING,DEFENSE,MID CAP,COCHINSHIP,1458.0,40151.39,27.24,33.35,42.0,39.3,5021.87,5919.65,6689.4,6436.0,223.23,245.45,291.2,274.1,716.74,876.55,1104.75,1034.6,53.52,43.72,34.71,37.1,811.38,1033.0,1295.6,1266.6,0.16,0.17,0.19,0.2,17.88,13.0,-3.79,15.41,8.62,27.31,25.42,-2.24,26.36,16.0,22.43,25.94,-6.43,24.17,13.0,39.22,38.51,6.53,5.94,5.01,5.32,5.47,5.42,8.0,6.78,6.0,6.24,6.39,6.34,1.29,1.92,0.31,9.49,6.8,0.14,0.15,0.17,0.16,0.54,1.71,-0.44,7.57,4.04,24232.4,24.44,33.35,46.43,58.33,2253.93,1516.4,3917.87,7215.74,226.24,259.8,419.05,332.79,549.65,397.45,731.12,1270.05,83.08,57.53,39.26,34.58,423.18,490.58,773.08,1327.25,0.22,0.27,0.27,0.24,22.2,20.81,14.38,20.3,15.34,23.89,25.1,12.54,23.98,14.64,22.26,26.81,18.36,22.49,15.26,1840.55,51.23,47.69,12.38,10.81,6.01,8.35,9.38,9.26,12.82,9.54,7.93,6.24,8.88,8.32,0.2,0.42,0.03,-0.31,1.72,0.18,0.18,0.19,0.21,0.12,0.64,0.96,0.87,1.67
GARDEN REACH SHIPBUILDERS & ENGINEERS,INDUSTRIAL MANUFACTURING,DEFENSE,SMALL CAP,GRSE,2798.3,30499.46,65.29,79.92,87.34,103.4,7002.16,8473.86,8771.84,8244.3,229.25,293.18,485.9,363.75,747.93,915.06,1000.74,1183.9,42.86,35.01,32.04,27.06,795.3,923.9,953.52,989.3,0.11,0.11,0.11,0.12,21.02,3.52,-6.01,11.93,5.59,16.17,3.21,3.75,9.5,7.55,22.41,9.28,18.39,15.66,16.56,33.53,31.37,12.21,9.54,5.76,7.69,7.65,7.67,4.36,3.6,3.48,3.7,3.54,3.59,-0.46,-0.03,1.13,-2.17,1.85,0.11,0.11,0.11,0.14,0.12,0.61,2.95,3.35,10.37,24232.4,24.44,33.35,46.43,58.33,2253.93,1516.4,3917.87,7215.74,226.24,259.8,419.05,332.79,549.65,397.45,731.12,1270.05,83.08,57.53,39.26,34.58,423.18,490.58,773.08,1327.25,0.22,0.27,0.27,0.24,22.2,20.81,14.38,20.3,15.34,23.89,25.1,12.54,23.98,14.64,22.26,26.81,18.36,22.49,15.26,1840.55,51.23,47.69,12.38,10.81,6.01,8.35,9.38,9.26,12.82,9.54,7.93,6.24,8.88,8.32,0.2,0.42,0.03,-0.31,1.72,0.18,0.18,0.19,0.21,0.12,0.64,0.96,0.87,1.67
DATA PATTERNS INDIA,INDUSTRIAL MANUFACTURING,DEFENSE,SMALL CAP,DATAPATTNS,4822.1,22962.94,49.01,59.85,76.42,95.7,924.77,1144.1,1447.47,1718.7,310.08,349.4,510.5,429.88,274.38,334.91,433.44,535.9,98.39,80.57,63.1,50.39,373.99,450.52,574.87,731.5,0.4,0.39,0.4,0.43,23.72,26.52,18.74,25.11,22.95,20.46,27.6,27.25,23.98,25.06,22.12,27.69,25.23,24.87,24.99,71.83,64.69,15.55,13.8,9.45,11.22,11.62,11.49,24.83,20.07,15.86,13.36,17.97,16.43,-1.06,0.34,2.85,-0.9,1.72,0.3,0.29,0.3,0.31,-0.4,0.67,1.24,0.46,1.67,24232.4,24.44,33.35,46.43,58.33,2253.93,1516.4,3917.87,7215.74,226.24,259.8,419.05,332.79,549.65,397.45,731.12,1270.05,83.08,57.53,39.26,34.58,423.18,490.58,773.08,1327.25,0.22,0.27,0.27,0.24,22.2,20.81,14.38,20.3,15.34,23.89,25.1,12.54,23.98,14.64,22.26,26.81,18.36,22.49,15.26,1840.55,51.23,47.69,12.38,10.81,6.01,8.35,9.38,9.26,12.82,9.54,7.93,6.24,8.88,8.32,0.2,0.42,0.03,-0.31,1.72,0.18,0.18,0.19,0.21,0.12,0.64,0.96,0.87,1.67
UNIMECH AEROSPACE AND MANUFACTURING,INDUSTRIAL MANUFACTURING,DEFENSE,SMALL CAP,UNIMECH,1197.65,4915.31,,10.7,20.7,33.7,,247.2,494.5,739.1,,,,,,54.6,105.2,171.1,,111.93,57.86,35.54,,70.5,177.4,253.0,,0.29,0.36,0.34,,100.04,49.46,,,,151.63,42.62,,,,93.46,62.8,,,84.89,68.44,,,,,,,,19.88,9.94,6.65,14.91,12.16,,7.36,-1.64,,,,0.22,0.21,0.23,,-0.81,1.88,,,24232.4,24.44,33.35,46.43,58.33,2253.93,1516.4,3917.87,7215.74,226.24,259.8,419.05,332.79,549.65,397.45,731.12,1270.05,83.08,57.53,39.26,34.58,423.18,490.58,773.08,1327.25,0.22,0.27,0.27,0.24,22.2,20.81,14.38,20.3,15.34,23.89,25.1,12.54,23.98,14.64,22.26,26.81,18.36,22.49,15.26,1840.55,51.23,47.69,12.38,10.81,6.01,8.35,9.38,9.26,12.82,9.54,7.93,6.24,8.88,8.32,0.2,0.42,0.03,-0.31,1.72,0.18,0.18,0.19,0.21,0.12,0.64,0.96,0.87,1.67
MTAR TECHNOLOGIES,INDUSTRIAL MANUFACTURING,DEFENSE,SMALL CAP,MTARTECH,8374.5,24232.4,31.79,71.47,124.2,,876.21,1516.4,2324.07,,267.42,340.9,,473.2,97.8,220.0,382.33,,263.43,117.18,67.43,,171.21,369.13,592.63,,0.2,0.24,0.25,,73.06,53.26,,62.86,,115.61,60.55,,86.05,,124.81,73.79,,97.66,,92.3,92.3,31.32,24.57,,17.7,24.57,21.13,27.66,15.98,10.43,,13.2,13.2,4.8,1.16,,14.24,,0.11,0.15,0.16,,3.35,1.94,,21.41,,24232.4,24.44,33.35,46.43,58.33,2253.93,1516.4,3917.87,7215.74,226.24,259.8,419.05,332.79,549.65,397.45,731.12,1270.05,83.08,57.53,39.26,34.58,423.18,490.58,773.08,1327.25,0.22,0.27,0.27,0.24,22.2,20.81,14.38,20.3,15.34,23.89,25.1,12.54,23.98,14.64,22.26,26.81,18.36,22.49,15.26,1840.55,51.23,47.69,12.38,10.81,6.01,8.35,9.38,9.26,12.82,9.54,7.93,6.24,8.88,8.32,0.2,0.42,0.03,-0.31,1.72,0.18,0.18,0.19,0.21,0.12,0.64,0.96,0.87,1.67
ZEN TECHNOLOGIES,INDUSTRIAL MANUFACTURING,DEFENSE,SMALL CAP,ZENTEC,1997.0,14414.18,21.63,42.36,50.86,,687.69,1366.45,1620.3,,210.07,259.8,,316.97,194.39,397.45,466.48,,92.33,47.14,39.26,,247.24,490.58,578.92,,0.36,0.36,0.36,,98.7,18.58,,53.5,,98.42,18.01,,53.02,,95.84,20.07,,53.34,,43.2,43.2,9.51,7.69,,6.3,7.69,6.99,20.96,10.55,8.9,,9.72,9.72,-0.05,-0.17,,-0.31,,0.28,0.29,0.29,,0.82,-0.3,,0.92,,24232.4,24.44,33.35,46.43,58.33,2253.93,1516.4,3917.87,7215.74,226.24,259.8,419.05,332.79,549.65,397.45,731.12,1270.05,83.08,57.53,39.26,34.58,423.18,490.58,773.08,1327.25,0.22,0.27,0.27,0.24,22.2,20.81,14.38,20.3,15.34,23.89,25.1,12.54,23.98,14.64,22.26,26.81,18.36,22.49,15.26,1840.55,51.23,47.69,12.38,10.81,6.01,8.35,9.38,9.26,12.82,9.54,7.93,6.24,8.88,8.32,0.2,0.42,0.03,-0.31,1.72,0.18,0.18,0.19,0.21,0.12,0.64,0.96,0.87,1.67
ASTRA MICROWAVE PRODUCTS,INDUSTRIAL MANUFACTURING,DEFENSE,SMALL CAP,ASTRAMICRO,1684.1,12884.04,20.27,23.05,29.58,,1162.8,1367.77,1682.92,2111.1,,153.8,,184.75,192.97,215.24,283.85,,83.08,73.05,56.93,,333.76,369.7,461.33,,0.29,0.27,0.27,,17.63,23.04,25.44,20.3,21.99,10.77,24.78,,17.57,,13.73,28.31,,20.8,,64.99,64.99,,10.95,,9.12,10.95,10.03,11.08,9.42,7.66,6.1,8.54,7.73,-1.67,0.38,,-2.27,,0.17,0.16,0.17,,-0.86,1.13,,0.81,,24232.4,24.44,33.35,46.43,58.33,2253.93,1516.4,3917.87,7215.74,226.24,259.8,419.05,332.79,549.65,397.45,731.12,1270.05,83.08,57.53,39.26,34.58,423.18,490.58,773.08,1327.25,0.22,0.27,0.27,0.24,22.2,20.81,14.38,20.3,15.34,23.89,25.1,12.54,23.98,14.64,22.26,26.81,18.36,22.49,15.26,1840.55,51.23,47.69,12.38,10.81,6.01,8.35,9.38,9.26,12.82,9.54,7.93,6.24,8.88,8.32,0.2,0.42,0.03,-0.31,1.72,0.18,0.18,0.19,0.21,0.12,0.64,0.96,0.87,1.67
IDEAFORGE TECHNOLOGY,INDUSTRIAL MANUFACTURING,DEFENSE,SMALL CAP,IDEAFORGE,,3711.49,-3.9,11.6,21.9,,226.13,468.6,652.6,,,,,,,50.4,94.8,,,,,,4.83,98.4,176.2,,0.02,0.21,0.27,,107.23,39.27,,69.88,,1938.96,79.07,,504.24,,-397.44,88.79,,,,,,,,,,,,16.41,7.92,5.69,,6.8,6.8,18.86,6.0,,255.68,,,0.11,0.15,,,3.77,,,,24232.4,24.44,33.35,46.43,58.33,2253.93,1516.4,3917.87,7215.74,226.24,259.8,419.05,332.79,549.65,397.45,731.12,1270.05,83.08,57.53,39.26,34.58,423.18,490.58,773.08,1327.25,0.22,0.27,0.27,0.24,22.2,20.81,14.38,20.3,15.34,23.89,25.1,12.54,23.98,14.64,22.26,26.81,18.36,22.49,15.26,1840.55,51.23,47.69,12.38,10.81,6.01,8.35,9.38,9.26,12.82,9.54,7.93,6.24,8.88,8.32,0.2,0.42,0.03,-0.31,1.72,0.18,0.18,0.19,0.21,0.12,0.64,0.96,0.87,1.67
PARAS DEFENCE AND SPACE TECHNOLOGIES,INDUSTRIAL MANUFACTURING,DEFENSE,SMALL CAP,PARAS,1408.65,6915.6,10.57,14.2,,,476.57,622.3,,,90.02,104.1,,,85.19,112.2,,,133.27,99.2,,,120.46,170.7,,,0.25,0.27,,,30.58,,,,,41.71,,,,,34.34,,,,,99.2,99.2,15.65,13.53,,,13.53,13.53,14.51,11.11,,,11.11,11.11,2.15,,,,,0.18,0.18,,,0.15,,,,,24232.4,24.44,33.35,46.43,58.33,2253.93,1516.4,3917.87,7215.74,226.24,259.8,419.05,332.79,549.65,397.45,731.12,1270.05,83.08,57.53,39.26,34.58,423.18,490.58,773.08,1327.25,0.22,0.27,0.27,0.24,22.2,20.81,14.38,20.3,15.34,23.89,25.1,12.54,23.98,14.64,22.26,26.81,18.36,22.49,15.26,1840.55,51.23,47.69,12.38,10.81,6.01,8.35,9.38,9.26,12.82,9.54,7.93,6.24,8.88,8.32,0.2,0.42,0.03,-0.31,1.72,0.18,0.18,0.19,0.21,0.12,0.64,0.96,0.87,1.67
TITAGARH RAIL SYSTEMS,INDUSTRIAL MANUFACTURING,RAILWAY,SMALL CAP,TITAGARH,922.45,10996.78,22.51,17.38,29.08,38.74,3885.82,3444.34,5241.74,6813.72,94.81,200.2,261.6,225.45,303.43,227.28,384.06,518.64,40.98,53.08,31.72,23.81,438.95,386.8,603.68,799.3,0.11,0.11,0.12,0.12,-11.36,52.18,29.99,16.14,20.59,-11.88,56.07,32.4,17.27,22.11,-22.79,67.32,33.22,13.66,19.84,42.4,36.2,9.73,4.61,3.53,4.09,4.07,4.08,2.83,3.19,2.1,1.61,2.65,2.3,-0.07,0.29,0.21,0.97,1.27,0.08,0.07,0.07,0.08,-1.21,0.73,0.28,-3.13,-0.85,10996.78,9.08,5.5,7.2,24.27,3963.27,3444.34,4903.0,5666.14,79.85,135.9,174.58,151.85,303.43,227.28,301.33,465.37,30.54,50.42,31.72,26.05,438.95,386.8,510.83,733.28,0.11,0.11,0.12,0.13,-11.55,26.64,26.37,5.84,12.53,-11.88,42.15,31.51,17.27,13.89,-22.79,57.5,34.66,13.16,11.21,277.3,42.4,36.2,7.0,4.24,3.35,3.82,3.79,3.8,2.83,3.19,2.1,2.18,2.65,2.3,-0.07,0.77,0.55,0.97,1.21,0.08,0.07,0.07,0.08,-1.21,0.83,0.61,-3.13,-1.35
JUPITER WAGONS,INDUSTRIAL MANUFACTURING,RAILWAY,SMALL CAP,JWL,277.3,12383.05,9.08,5.5,7.2,9.8,3963.27,3157.43,3680.97,4518.57,64.88,71.6,87.55,78.25,382.25,232.13,301.33,412.1,30.54,50.42,38.51,28.3,565.6,413.83,510.83,667.27,0.14,0.13,0.14,0.15,-20.33,16.58,22.75,-3.63,4.47,-26.83,23.44,30.62,-4.96,5.66,-39.43,30.91,36.11,-10.95,2.58,44.47,39.08,4.27,3.87,3.17,3.54,3.52,3.53,3.12,3.92,3.36,2.74,3.64,3.34,-1.16,0.77,0.89,-1.39,1.15,0.1,0.07,0.08,0.09,-2.29,0.83,0.93,-7.87,-1.85,10996.78,9.08,5.5,7.2,24.27,3963.27,3444.34,4903.0,5666.14,79.85,135.9,174.58,151.85,303.43,227.28,301.33,465.37,30.54,50.42,31.72,26.05,438.95,386.8,510.83,733.28,0.11,0.11,0.12,0.13,-11.55,26.64,26.37,5.84,12.53,-11.88,42.15,31.51,17.27,13.89,-22.79,57.5,34.66,13.16,11.21,277.3,42.4,36.2,7.0,4.24,3.35,3.82,3.79,3.8,2.83,3.19,2.1,2.18,2.65,2.3,-0.07,0.77,0.55,0.97,1.21,0.08,0.07,0.07,0.08,-1.21,0.83,0.61,-3.13,-1.35
TEXMACO RAIL,INDUSTRIAL MANUFACTURING,RAILWAY,SMALL CAP,TEXRAIL,109.29,4431.57,4.92,4.0,6.3,,4377.27,3871.7,4903.0,,,,,,198.27,164.2,257.6,,22.21,27.32,17.35,,324.77,315.3,448.2,,0.07,0.08,0.09,,-11.55,26.64,,5.84,,-2.92,42.15,,17.48,,-18.7,57.5,,13.16,,22.34,22.34,,,,,,,1.01,1.14,0.9,,1.02,1.02,0.72,1.0,,11.0,,0.05,0.04,0.05,,-0.29,1.01,,7.7,,10996.78,9.08,5.5,7.2,24.27,3963.27,3444.34,4903.0,5666.14,79.85,135.9,174.58,151.85,303.43,227.28,301.33,465.37,30.54,50.42,31.72,26.05,438.95,386.8,510.83,733.28,0.11,0.11,0.12,0.13,-11.55,26.64,26.37,5.84,12.53,-11.88,42.15,31.51,17.27,13.89,-22.79,57.5,34.66,13.16,11.21,277.3,42.4,36.2,7.0,4.24,3.35,3.82,3.79,3.8,2.83,3.19,2.1,2.18,2.65,2.3,-0.07,0.77,0.55,0.97,1.21,0.08,0.07,0.07,0.08,-1.21,0.83,0.61,-3.13,-1.35
SHREE RENUKA SUGARS,INDUSTRIAL MANUFACTURING,SUGAR,SMALL CAP,RENUKA,23.09,4957.25,,,,,,,,,,,,,,,,,,,,,,,,,,,,,,,,,,,,,,,,,,,,,,,,,,,,,,,,,,,,,,,,,,,,,,,,4735.9,23.86,29.67,38.23,24.9,6271.15,6681.54,7456.37,7424.9,173.54,194.05,,222.28,310.83,418.76,598.96,545.15,20.3,15.59,11.49,16.21,741.28,768.48,1018.51,906.7,0.12,0.12,0.13,0.12,1.21,7.57,3.32,3.93,2.93,18.58,24.48,15.26,22.48,23.0,31.36,38.62,21.27,36.29,31.78,370.42,13.54,13.54,2.72,2.44,,2.13,2.44,2.28,0.76,0.99,0.92,1.11,0.95,0.94,1.99,1.63,1.27,19.1,19.49,0.05,0.06,0.07,0.07,1.32,1.27,1.09,29.5,27.14
EID PARRY (INDIA),INDUSTRIAL MANUFACTURING,SUGAR,SMALL CAP,EIDPARRY,704.1,13603.33,58.7,75.8,107.3,,38534.08,34235.7,36471.1,,,,,,1047.92,1341.7,1899.2,,11.99,9.29,6.56,,3449.67,3920.1,4795.8,,0.09,0.11,0.13,,-11.15,6.53,,-2.71,,13.64,22.34,,17.91,,29.13,41.56,,35.2,,7.93,7.93,,,,,,,0.35,0.4,0.37,,0.39,0.39,2.5,1.7,,21.2,,0.03,0.04,0.05,,1.2,1.29,,38.38,,4735.9,23.86,29.67,38.23,24.9,6271.15,6681.54,7456.37,7424.9,173.54,194.05,,222.28,310.83,418.76,598.96,545.15,20.3,15.59,11.49,16.21,741.28,768.48,1018.51,906.7,0.12,0.12,0.13,0.12,1.21,7.57,3.32,3.93,2.93,18.58,24.48,15.26,22.48,23.0,31.36,38.62,21.27,36.29,31.78,370.42,13.54,13.54,2.72,2.44,,2.13,2.44,2.28,0.76,0.99,0.92,1.11,0.95,0.94,1.99,1.63,1.27,19.1,19.49,0.05,0.06,0.07,0.07,1.32,1.27,1.09,29.5,27.14
BALRAMPUR CHINI MILLS,INDUSTRIAL MANUFACTURING,SUGAR,SMALL CAP,BALRAMCHIN,531.6,10693.75,18.59,24.83,36.66,,6271.15,6747.08,7726.56,,204.96,231.1,,265.97,378.46,506.22,748.78,,28.6,21.41,14.5,,741.28,915.68,1250.38,,0.12,0.14,0.16,,7.59,14.52,,11.0,,23.53,36.55,,29.88,,33.58,47.63,,40.43,,17.95,17.95,2.59,2.3,,2.0,2.3,2.15,1.71,1.58,1.38,,1.48,1.48,1.75,2.61,,17.01,,0.06,0.08,0.1,,1.47,2.19,,26.72,,4735.9,23.86,29.67,38.23,24.9,6271.15,6681.54,7456.37,7424.9,173.54,194.05,,222.28,310.83,418.76,598.96,545.15,20.3,15.59,11.49,16.21,741.28,768.48,1018.51,906.7,0.12,0.12,0.13,0.12,1.21,7.57,3.32,3.93,2.93,18.58,24.48,15.26,22.48,23.0,31.36,38.62,21.27,36.29,31.78,370.42,13.54,13.54,2.72,2.44,,2.13,2.44,2.28,0.76,0.99,0.92,1.11,0.95,0.94,1.99,1.63,1.27,19.1,19.49,0.05,0.06,0.07,0.07,1.32,1.27,1.09,29.5,27.14
TRIVENI ENGR.& INDS.,INDUSTRIAL MANUFACTURING,SUGAR,SMALL CAP,TRIVENI,403.55,8263.39,10.88,15.13,20.53,24.9,6807.94,6616.0,7186.17,7424.9,142.13,157.0,,178.6,243.19,331.3,449.13,545.15,37.09,26.67,19.65,16.21,487.25,621.27,786.63,906.7,0.07,0.09,0.11,0.12,-2.82,8.62,3.32,2.74,2.93,27.5,26.62,15.26,27.06,23.0,39.09,35.68,21.27,37.38,31.78,23.16,20.84,2.84,2.57,,2.26,2.57,2.41,1.21,1.25,1.15,1.11,1.2,1.17,2.23,1.56,1.27,23.67,19.49,0.04,0.05,0.06,0.07,1.44,1.24,1.09,32.27,27.14,4735.9,23.86,29.67,38.23,24.9,6271.15,6681.54,7456.37,7424.9,173.54,194.05,,222.28,310.83,418.76,598.96,545.15,20.3,15.59,11.49,16.21,741.28,768.48,1018.51,906.7,0.12,0.12,0.13,0.12,1.21,7.57,3.32,3.93,2.93,18.58,24.48,15.26,22.48,23.0,31.36,38.62,21.27,36.29,31.78,370.42,13.54,13.54,2.72,2.44,,2.13,2.44,2.28,0.76,0.99,0.92,1.11,0.95,0.94,1.99,1.63,1.27,19.1,19.49,0.05,0.06,0.07,0.07,1.32,1.27,1.09,29.5,27.14
BAJAJ HIN. SUGAR,INDUSTRIAL MANUFACTURING,SUGAR,SMALL CAP,BAJAJHIND,19.19,4412.27,,,,,,,,,,,,,,,,,,,,,,,,,,,,,,,,,,,,,,,,,,,,,,,,,,,,,,,,,,,,,,,,,,,,,,,,4735.9,23.86,29.67,38.23,24.9,6271.15,6681.54,7456.37,7424.9,173.54,194.05,,222.28,310.83,418.76,598.96,545.15,20.3,15.59,11.49,16.21,741.28,768.48,1018.51,906.7,0.12,0.12,0.13,0.12,1.21,7.57,3.32,3.93,2.93,18.58,24.48,15.26,22.48,23.0,31.36,38.62,21.27,36.29,31.78,370.42,13.54,13.54,2.72,2.44,,2.13,2.44,2.28,0.76,0.99,0.92,1.11,0.95,0.94,1.99,1.63,1.27,19.1,19.49,0.05,0.06,0.07,0.07,1.32,1.27,1.09,29.5,27.14
BANNARI AMMAN SUGARS,INDUSTRIAL MANUFACTURING,SUGAR,SMALL CAP,BANARISUG,3600.7,4514.54,,,,,,,,,,,,,,,,,,,,,,,,,,,,,,,,,,,,,,,,,,,,,,,,,,,,,,,,,,,,,,,,,,,,,,,,4735.9,23.86,29.67,38.23,24.9,6271.15,6681.54,7456.37,7424.9,173.54,194.05,,222.28,310.83,418.76,598.96,545.15,20.3,15.59,11.49,16.21,741.28,768.48,1018.51,906.7,0.12,0.12,0.13,0.12,1.21,7.57,3.32,3.93,2.93,18.58,24.48,15.26,22.48,23.0,31.36,38.62,21.27,36.29,31.78,370.42,13.54,13.54,2.72,2.44,,2.13,2.44,2.28,0.76,0.99,0.92,1.11,0.95,0.94,1.99,1.63,1.27,19.1,19.49,0.05,0.06,0.07,0.07,1.32,1.27,1.09,29.5,27.14
DALMIA BHARAT SUGAR AND INDUSTRIES,INDUSTRIAL MANUFACTURING,SUGAR,SMALL CAP,DALMIASUG,337.3,2758.82,29.12,34.5,39.8,,3618.08,3807.3,3998.7,,,,,,236.71,279.4,322.3,,11.58,9.78,8.47,,425.53,466.1,518.6,,0.12,0.12,0.13,,5.23,5.03,,5.13,,9.53,11.26,,10.4,,18.48,15.36,,16.91,,9.13,9.13,,,,,,,0.76,0.72,0.69,,0.71,0.71,0.48,0.73,,5.01,,0.07,0.07,0.08,,0.8,0.72,,10.99,,4735.9,23.86,29.67,38.23,24.9,6271.15,6681.54,7456.37,7424.9,173.54,194.05,,222.28,310.83,418.76,598.96,545.15,20.3,15.59,11.49,16.21,741.28,768.48,1018.51,906.7,0.12,0.12,0.13,0.12,1.21,7.57,3.32,3.93,2.93,18.58,24.48,15.26,22.48,23.0,31.36,38.62,21.27,36.29,31.78,370.42,13.54,13.54,2.72,2.44,,2.13,2.44,2.28,0.76,0.99,0.92,1.11,0.95,0.94,1.99,1.63,1.27,19.1,19.49,0.05,0.06,0.07,0.07,1.32,1.27,1.09,29.5,27.14
DWARIKESH SUGAR INDS.,INDUSTRIAL MANUFACTURING,SUGAR,SMALL CAP,DWARKESH,44.03,812.36,,,,,1401.94,,,,,,,,,,,,,,,,3723.89,,,,2.66,,,,,,,,,,,,,,,,,,,,,,,,,,,0.58,,,,,,,,,,,,,,,,,,,,4735.9,23.86,29.67,38.23,24.9,6271.15,6681.54,7456.37,7424.9,173.54,194.05,,222.28,310.83,418.76,598.96,545.15,20.3,15.59,11.49,16.21,741.28,768.48,1018.51,906.7,0.12,0.12,0.13,0.12,1.21,7.57,3.32,3.93,2.93,18.58,24.48,15.26,22.48,23.0,31.36,38.62,21.27,36.29,31.78,370.42,13.54,13.54,2.72,2.44,,2.13,2.44,2.28,0.76,0.99,0.92,1.11,0.95,0.94,1.99,1.63,1.27,19.1,19.49,0.05,0.06,0.07,0.07,1.32,1.27,1.09,29.5,27.14
NTPC,POWER,POWER,LARGE CAP,NTPC,365.8,377879.0,27.9,25.6,27.65,29.83,187384.6,208287.8,221034.1,238325.1,213.61,216.78,255.85,233.66,27052.52,24831.23,26843.11,28260.1,13.11,14.29,13.23,12.26,55285.75,64154.81,69949.88,77732.84,0.3,0.31,0.32,0.33,11.16,6.12,7.82,8.61,8.35,16.04,9.03,11.13,12.48,12.03,-8.26,8.04,7.86,-0.44,2.25,13.76,13.26,1.71,1.69,1.43,1.57,1.56,1.56,2.02,1.81,1.71,1.59,1.76,1.7,1.3,0.85,0.97,3.57,3.4,0.14,0.12,0.12,0.12,-2.52,0.22,-0.29,-8.28,-6.35,60807.64,12.56,14.94,17.71,20.08,18735.56,21948.12,24578.87,28470.56,120.31,138.77,177.6,159.81,2360.46,3170.02,3618.14,4496.97,31.76,23.19,19.01,20.04,7243.38,10435.22,11697.04,16780.6,0.37,0.38,0.4,0.4,20.34,9.31,8.19,15.65,14.63,22.2,16.91,16.28,22.08,21.81,12.94,15.54,19.66,15.92,16.18,262.0,21.1,19.92,2.98,2.7,2.15,2.45,2.42,2.43,5.7,4.53,3.82,3.71,4.18,3.95,1.11,1.45,1.16,2.22,1.93,0.14,0.14,0.14,0.16,-0.64,0.3,0.02,-0.47,-1.79
ADANI GREEN ENERGY,POWER,POWER,LARGE CAP,ADANIGREEN,1502.4,240059.4,10.93,21.19,33.82,39.25,12928.0,17924.33,22872.86,27906.73,117.11,137.85,203.15,162.74,1871.0,3113.4,4518.82,6467.15,137.46,70.9,44.42,38.28,10768.0,15258.35,19946.51,24660.95,0.83,0.85,0.87,0.88,38.65,27.61,22.01,33.01,29.24,41.7,30.73,23.64,36.1,31.81,93.87,59.6,16.06,75.9,53.13,57.66,51.2,12.83,10.9,7.4,9.23,9.15,9.18,18.57,13.39,10.5,8.6,11.94,10.83,1.83,2.08,1.16,2.32,1.99,0.14,0.17,0.2,0.23,2.9,2.39,3.42,16.84,16.99,60807.64,12.56,14.94,17.71,20.08,18735.56,21948.12,24578.87,28470.56,120.31,138.77,177.6,159.81,2360.46,3170.02,3618.14,4496.97,31.76,23.19,19.01,20.04,7243.38,10435.22,11697.04,16780.6,0.37,0.38,0.4,0.4,20.34,9.31,8.19,15.65,14.63,22.2,16.91,16.28,22.08,21.81,12.94,15.54,19.66,15.92,16.18,262.0,21.1,19.92,2.98,2.7,2.15,2.45,2.42,2.43,5.7,4.53,3.82,3.71,4.18,3.95,1.11,1.45,1.16,2.22,1.93,0.14,0.14,0.14,0.16,-0.64,0.3,0.02,-0.47,-1.79
NTPC GREEN ENERGY,POWER,POWER,LARGE CAP,NTPCGREEN,96.04,86824.84,0.62,1.43,2.28,2.85,2858.42,6913.12,11409.76,15423.07,22.51,23.42,31.8,26.48,522.6,1210.98,1964.52,2603.35,154.9,67.02,42.07,33.7,2494.91,5851.83,9691.58,13106.78,0.87,0.85,0.85,0.85,141.85,65.05,35.17,99.79,75.39,134.55,65.62,35.24,97.09,73.84,131.13,59.32,24.84,91.89,66.27,54.54,47.6,4.27,4.1,3.02,3.63,3.56,3.58,30.38,12.56,7.61,5.63,10.08,8.6,-2.63,0.29,0.04,-1.35,-0.89,0.18,0.18,0.17,0.17,-0.77,-0.3,-0.34,-2.96,-2.63,60807.64,12.56,14.94,17.71,20.08,18735.56,21948.12,24578.87,28470.56,120.31,138.77,177.6,159.81,2360.46,3170.02,3618.14,4496.97,31.76,23.19,19.01,20.04,7243.38,10435.22,11697.04,16780.6,0.37,0.38,0.4,0.4,20.34,9.31,8.19,15.65,14.63,22.2,16.91,16.28,22.08,21.81,12.94,15.54,19.66,15.92,16.18,262.0,21.1,19.92,2.98,2.7,2.15,2.45,2.42,2.43,5.7,4.53,3.82,3.71,4.18,3.95,1.11,1.45,1.16,2.22,1.93,0.14,0.14,0.14,0.16,-0.64,0.3,0.02,-0.47,-1.79
POWER GRID CORPORATION OF INDIA,POWER,POWER,LARGE CAP,POWERGRID,292.25,272089.1,17.13,18.35,19.89,21.02,46732.87,52442.11,56885.04,57991.49,108.05,115.94,136.03,125.2,15927.95,17054.48,18452.75,18723.6,17.06,15.93,14.7,13.91,37979.07,43702.38,47527.54,48790.73,0.81,0.83,0.84,0.84,12.22,8.47,1.95,10.33,7.46,15.07,8.75,2.66,11.87,8.71,7.12,8.37,5.68,7.74,7.05,15.31,14.84,2.7,2.52,2.15,2.33,2.33,2.33,5.82,5.19,4.78,4.69,4.99,4.89,2.07,0.22,0.58,1.39,1.16,0.34,0.33,0.32,0.32,-1.56,-0.08,-0.15,-2.44,-1.79,60807.64,12.56,14.94,17.71,20.08,18735.56,21948.12,24578.87,28470.56,120.31,138.77,177.6,159.81,2360.46,3170.02,3618.14,4496.97,31.76,23.19,19.01,20.04,7243.38,10435.22,11697.04,16780.6,0.37,0.38,0.4,0.4,20.34,9.31,8.19,15.65,14.63,22.2,16.91,16.28,22.08,21.81,12.94,15.54,19.66,15.92,16.18,262.0,21.1,19.92,2.98,2.7,2.15,2.45,2.42,2.43,5.7,4.53,3.82,3.71,4.18,3.95,1.11,1.45,1.16,2.22,1.93,0.14,0.14,0.14,0.16,-0.64,0.3,0.02,-0.47,-1.79
ADANI POWER,POWER,POWER,LARGE CAP,ADANIPOWER,231.76,471568.6,6.62,6.86,8.55,10.38,54240.52,62788.83,74178.23,95665.45,33.67,42.33,57.5,51.07,12834.3,13485.13,17079.33,20095.2,35.01,33.78,27.09,22.33,19806.11,24131.3,30342.45,36767.75,0.37,0.38,0.41,0.38,15.76,18.14,28.97,16.94,20.82,21.84,25.74,21.18,23.77,22.9,3.63,24.69,21.35,13.67,16.18,30.44,27.74,6.88,5.48,4.03,4.54,4.75,4.68,8.69,7.51,6.36,4.93,6.93,6.27,1.92,2.47,-2.47,5.84,1.72,0.24,0.21,0.23,0.21,-2.18,1.55,-2.02,-1.36,-3.89,60807.64,12.56,14.94,17.71,20.08,18735.56,21948.12,24578.87,28470.56,120.31,138.77,177.6,159.81,2360.46,3170.02,3618.14,4496.97,31.76,23.19,19.01,20.04,7243.38,10435.22,11697.04,16780.6,0.37,0.38,0.4,0.4,20.34,9.31,8.19,15.65,14.63,22.2,16.91,16.28,22.08,21.81,12.94,15.54,19.66,15.92,16.18,262.0,21.1,19.92,2.98,2.7,2.15,2.45,2.42,2.43,5.7,4.53,3.82,3.71,4.18,3.95,1.11,1.45,1.16,2.22,1.93,0.14,0.14,0.14,0.16,-0.64,0.3,0.02,-0.47,-1.79
ADANI ENERGY SOLUTIONS,POWER,POWER,LARGE CAP,ADANIENSOL,1507.4,175783.6,24.68,28.87,33.58,46.27,27588.03,35303.18,40117.89,42069.6,211.67,246.43,297.9,278.99,2282.54,3258.15,3784.19,4496.97,61.08,52.21,44.89,32.58,7988.84,11366.29,13702.49,16780.6,0.29,0.32,0.34,0.4,27.97,13.64,4.86,20.59,15.1,42.28,20.55,22.46,30.97,28.07,16.98,16.3,37.8,16.64,23.31,48.55,43.23,7.12,6.12,5.06,5.4,5.59,5.53,6.37,4.98,4.38,4.18,4.68,4.51,3.24,1.96,5.73,8.6,11.27,0.08,0.09,0.09,0.11,0.96,0.2,1.26,6.77,8.91,60807.64,12.56,14.94,17.71,20.08,18735.56,21948.12,24578.87,28470.56,120.31,138.77,177.6,159.81,2360.46,3170.02,3618.14,4496.97,31.76,23.19,19.01,20.04,7243.38,10435.22,11697.04,16780.6,0.37,0.38,0.4,0.4,20.34,9.31,8.19,15.65,14.63,22.2,16.91,16.28,22.08,21.81,12.94,15.54,19.66,15.92,16.18,262.0,21.1,19.92,2.98,2.7,2.15,2.45,2.42,2.43,5.7,4.53,3.82,3.71,4.18,3.95,1.11,1.45,1.16,2.22,1.93,0.14,0.14,0.14,0.16,-0.64,0.3,0.02,-0.47,-1.79
TATA POWER,POWER,POWER,LARGE CAP,TATAPOWER,402.35,134507.7,12.0,15.13,16.78,20.08,62428.59,75829.44,80624.09,87227.93,123.52,139.69,189.25,156.88,3841.36,5056.49,5636.5,6954.23,33.53,26.59,23.98,20.04,14347.1,16518.06,18569.53,21227.53,0.23,0.22,0.23,0.24,21.47,6.32,8.19,13.64,11.8,15.13,12.42,14.31,13.77,13.95,26.08,10.91,19.66,18.25,18.72,25.29,23.54,3.26,2.88,2.13,2.56,2.5,2.52,2.15,1.77,1.67,1.54,1.72,1.66,-1.2,1.25,1.3,0.11,1.93,0.06,0.07,0.07,0.08,0.52,0.32,0.98,6.59,9.02,60807.64,12.56,14.94,17.71,20.08,18735.56,21948.12,24578.87,28470.56,120.31,138.77,177.6,159.81,2360.46,3170.02,3618.14,4496.97,31.76,23.19,19.01,20.04,7243.38,10435.22,11697.04,16780.6,0.37,0.38,0.4,0.4,20.34,9.31,8.19,15.65,14.63,22.2,16.91,16.28,22.08,21.81,12.94,15.54,19.66,15.92,16.18,262.0,21.1,19.92,2.98,2.7,2.15,2.45,2.42,2.43,5.7,4.53,3.82,3.71,4.18,3.95,1.11,1.45,1.16,2.22,1.93,0.14,0.14,0.14,0.16,-0.64,0.3,0.02,-0.47,-1.79
JSW ENERGY,POWER,POWER,LARGE CAP,JSWENERGY,570.1,105544.6,13.11,14.75,18.64,25.12,18901.13,23046.58,26284.88,28470.56,,191.94,233.84,211.59,2304.5,2691.81,3385.25,4520.51,43.49,38.66,30.58,22.69,10076.14,12927.76,15230.64,18212.14,0.53,0.56,0.58,0.64,21.93,14.05,8.32,17.93,14.63,28.3,17.81,19.58,22.95,21.81,12.48,26.43,34.76,19.25,24.21,34.62,30.64,,2.97,2.44,2.69,2.7,2.7,5.58,4.58,4.02,3.71,4.3,4.1,2.78,1.85,6.02,4.26,6.26,0.12,0.12,0.13,0.16,-0.51,1.2,3.0,2.78,9.2,60807.64,12.56,14.94,17.71,20.08,18735.56,21948.12,24578.87,28470.56,120.31,138.77,177.6,159.81,2360.46,3170.02,3618.14,4496.97,31.76,23.19,19.01,20.04,7243.38,10435.22,11697.04,16780.6,0.37,0.38,0.4,0.4,20.34,9.31,8.19,15.65,14.63,22.2,16.91,16.28,22.08,21.81,12.94,15.54,19.66,15.92,16.18,262.0,21.1,19.92,2.98,2.7,2.15,2.45,2.42,2.43,5.7,4.53,3.82,3.71,4.18,3.95,1.11,1.45,1.16,2.22,1.93,0.14,0.14,0.14,0.16,-0.64,0.3,0.02,-0.47,-1.79
NHPC,POWER,POWER,MID CAP,NHPC,75.82,78793.21,3.6,4.6,5.28,4.2,10328.26,16447.1,17046.85,15582.2,,43.48,44.4,46.9,3617.8,4554.14,5427.94,4168.9,21.06,16.48,14.36,18.05,4367.45,9504.15,8592.88,9304.3,0.42,0.58,0.5,0.6,59.24,3.65,-8.59,28.47,14.69,117.61,-9.59,8.28,40.27,28.67,27.78,14.78,-20.45,21.11,5.27,15.42,16.3,,1.74,1.71,1.62,1.73,1.69,7.63,4.79,4.62,5.06,4.71,4.82,15.5,-7.38,9.3,9.18,12.19,0.35,0.28,0.32,0.27,-7.34,4.15,-5.09,-4.66,-8.59,60807.64,12.56,14.94,17.71,20.08,18735.56,21948.12,24578.87,28470.56,120.31,138.77,177.6,159.81,2360.46,3170.02,3618.14,4496.97,31.76,23.19,19.01,20.04,7243.38,10435.22,11697.04,16780.6,0.37,0.38,0.4,0.4,20.34,9.31,8.19,15.65,14.63,22.2,16.91,16.28,22.08,21.81,12.94,15.54,19.66,15.92,16.18,262.0,21.1,19.92,2.98,2.7,2.15,2.45,2.42,2.43,5.7,4.53,3.82,3.71,4.18,3.95,1.11,1.45,1.16,2.22,1.93,0.14,0.14,0.14,0.16,-0.64,0.3,0.02,-0.47,-1.79
TORRENT POWER,POWER,POWER,MID CAP,TORNTPOWER,1438.4,73998.2,47.95,54.37,63.62,65.14,28966.31,34389.64,37881.05,41938.06,378.55,414.11,497.49,459.84,2416.43,2748.29,3186.36,3298.44,30.0,26.45,22.61,22.08,5541.38,6896.61,8140.73,9465.72,0.19,0.2,0.21,0.23,18.72,10.15,10.71,14.36,13.13,24.46,18.04,16.28,21.21,19.54,13.4,17.01,2.39,15.19,10.75,24.53,23.71,3.8,3.47,2.89,3.13,3.18,3.16,2.55,2.15,1.95,1.76,2.05,1.96,0.92,1.44,1.08,5.99,5.67,0.08,0.08,0.08,0.08,-0.35,0.42,-0.55,0.41,-1.94,60807.64,12.56,14.94,17.71,20.08,18735.56,21948.12,24578.87,28470.56,120.31,138.77,177.6,159.81,2360.46,3170.02,3618.14,4496.97,31.76,23.19,19.01,20.04,7243.38,10435.22,11697.04,16780.6,0.37,0.38,0.4,0.4,20.34,9.31,8.19,15.65,14.63,22.2,16.91,16.28,22.08,21.81,12.94,15.54,19.66,15.92,16.18,262.0,21.1,19.92,2.98,2.7,2.15,2.45,2.42,2.43,5.7,4.53,3.82,3.71,4.18,3.95,1.11,1.45,1.16,2.22,1.93,0.14,0.14,0.14,0.16,-0.64,0.3,0.02,-0.47,-1.79
SATLUJ JAL VIDYUT NIGAM,POWER,POWER,MID CAP,SJVN,72.88,28997.94,1.63,3.66,4.73,5.88,4528.29,6465.43,7992.24,8846.44,36.23,38.16,44.76,40.94,642.08,1443.95,1857.75,2311.69,44.71,19.92,15.42,12.39,3345.95,4100.85,5186.7,6204.07,0.74,0.63,0.65,0.7,42.78,23.62,10.69,32.85,25.01,22.56,26.48,19.61,24.5,22.85,124.48,29.19,24.43,70.29,53.38,17.67,15.91,2.01,1.91,1.63,1.78,1.77,1.77,6.4,4.49,3.63,3.28,4.06,3.8,-10.46,1.47,5.23,-6.28,-1.73,0.14,0.22,0.23,0.26,8.15,0.91,2.89,28.04,22.6,60807.64,12.56,14.94,17.71,20.08,18735.56,21948.12,24578.87,28470.56,120.31,138.77,177.6,159.81,2360.46,3170.02,3618.14,4496.97,31.76,23.19,19.01,20.04,7243.38,10435.22,11697.04,16780.6,0.37,0.38,0.4,0.4,20.34,9.31,8.19,15.65,14.63,22.2,16.91,16.28,22.08,21.81,12.94,15.54,19.66,15.92,16.18,262.0,21.1,19.92,2.98,2.7,2.15,2.45,2.42,2.43,5.7,4.53,3.82,3.71,4.18,3.95,1.11,1.45,1.16,2.22,1.93,0.14,0.14,0.14,0.16,-0.64,0.3,0.02,-0.47,-1.79
NLC INDIA,POWER,POWER,MID CAP,NLCINDIA,321.7,47617.08,25.4,21.8,23.4,,17489.53,20849.65,21975.4,,155.23,165.2,,181.0,3522.2,3226.65,3452.1,,12.67,14.76,13.75,,6497.92,7729.3,8513.45,,0.37,0.37,0.39,,19.21,5.4,,12.09,,18.95,10.15,,14.46,,-14.17,7.34,,-4.02,,14.25,14.25,2.07,1.95,,1.78,1.95,1.86,2.72,2.28,2.17,,2.23,2.23,-0.08,1.67,,2.11,,0.2,0.15,0.16,,-4.66,0.23,,-11.68,,60807.64,12.56,14.94,17.71,20.08,18735.56,21948.12,24578.87,28470.56,120.31,138.77,177.6,159.81,2360.46,3170.02,3618.14,4496.97,31.76,23.19,19.01,20.04,7243.38,10435.22,11697.04,16780.6,0.37,0.38,0.4,0.4,20.34,9.31,8.19,15.65,14.63,22.2,16.91,16.28,22.08,21.81,12.94,15.54,19.66,15.92,16.18,262.0,21.1,19.92,2.98,2.7,2.15,2.45,2.42,2.43,5.7,4.53,3.82,3.71,4.18,3.95,1.11,1.45,1.16,2.22,1.93,0.14,0.14,0.14,0.16,-0.64,0.3,0.02,-0.47,-1.79
CESC,POWER,POWER,SMALL CAP,CESC,168.9,24236.73,11.63,12.66,14.2,18.15,18570.0,20783.54,22508.4,24348.86,94.52,103.31,124.12,112.3,1542.0,1686.23,1890.13,2426.74,14.52,13.34,11.9,9.3,4350.0,4421.99,5129.52,5933.76,0.23,0.21,0.23,0.24,11.92,8.3,8.18,10.09,9.45,1.65,16.0,15.68,8.59,10.9,8.89,12.11,27.87,10.49,16.0,12.62,11.51,1.79,1.63,1.36,1.5,1.5,1.5,1.31,1.17,1.08,1.0,1.12,1.08,-2.15,1.51,1.58,-1.37,1.33,0.08,0.08,0.08,0.1,-0.19,0.28,1.57,0.56,6.27,60807.64,12.56,14.94,17.71,20.08,18735.56,21948.12,24578.87,28470.56,120.31,138.77,177.6,159.81,2360.46,3170.02,3618.14,4496.97,31.76,23.19,19.01,20.04,7243.38,10435.22,11697.04,16780.6,0.37,0.38,0.4,0.4,20.34,9.31,8.19,15.65,14.63,22.2,16.91,16.28,22.08,21.81,12.94,15.54,19.66,15.92,16.18,262.0,21.1,19.92,2.98,2.7,2.15,2.45,2.42,2.43,5.7,4.53,3.82,3.71,4.18,3.95,1.11,1.45,1.16,2.22,1.93,0.14,0.14,0.14,0.16,-0.64,0.3,0.02,-0.47,-1.79
JAIPRAKASH PWR.VENTURES,POWER,POWER,SMALL CAP,JPPOWER,18.06,13110.66,,,,,,,,,,,,,,,,,,,,,,,,,,,,,,,,,,,,,,,,,,,,,,,,,,,,,,,,,,,,,,,,,,,,,,,,60807.64,12.56,14.94,17.71,20.08,18735.56,21948.12,24578.87,28470.56,120.31,138.77,177.6,159.81,2360.46,3170.02,3618.14,4496.97,31.76,23.19,19.01,20.04,7243.38,10435.22,11697.04,16780.6,0.37,0.38,0.4,0.4,20.34,9.31,8.19,15.65,14.63,22.2,16.91,16.28,22.08,21.81,12.94,15.54,19.66,15.92,16.18,262.0,21.1,19.92,2.98,2.7,2.15,2.45,2.42,2.43,5.7,4.53,3.82,3.71,4.18,3.95,1.11,1.45,1.16,2.22,1.93,0.14,0.14,0.14,0.16,-0.64,0.3,0.02,-0.47,-1.79
RELIANCE POWER,POWER,POWER,SMALL CAP,RPOWER,26.1,11038.38,,,,,,,,,,,,,,,,,,,,,,,,,,,,,,,,,,,,,,,,,,,,,,,,,,,,,,,,,,,,,,,,,,,,,,,,60807.64,12.56,14.94,17.71,20.08,18735.56,21948.12,24578.87,28470.56,120.31,138.77,177.6,159.81,2360.46,3170.02,3618.14,4496.97,31.76,23.19,19.01,20.04,7243.38,10435.22,11697.04,16780.6,0.37,0.38,0.4,0.4,20.34,9.31,8.19,15.65,14.63,22.2,16.91,16.28,22.08,21.81,12.94,15.54,19.66,15.92,16.18,262.0,21.1,19.92,2.98,2.7,2.15,2.45,2.42,2.43,5.7,4.53,3.82,3.71,4.18,3.95,1.11,1.45,1.16,2.22,1.93,0.14,0.14,0.14,0.16,-0.64,0.3,0.02,-0.47,-1.79
KPI GREEN ENERGY,POWER,POWER,SMALL CAP,KPIGREEN,409.15,8960.41,,,,,,,,,,,,,,,,,,,,,,,,,,,,,,,,,,,,,,,,,,,,,,,,,,,,,,,,,,,,,,,,,,,,,,,,60807.64,12.56,14.94,17.71,20.08,18735.56,21948.12,24578.87,28470.56,120.31,138.77,177.6,159.81,2360.46,3170.02,3618.14,4496.97,31.76,23.19,19.01,20.04,7243.38,10435.22,11697.04,16780.6,0.37,0.38,0.4,0.4,20.34,9.31,8.19,15.65,14.63,22.2,16.91,16.28,22.08,21.81,12.94,15.54,19.66,15.92,16.18,262.0,21.1,19.92,2.98,2.7,2.15,2.45,2.42,2.43,5.7,4.53,3.82,3.71,4.18,3.95,1.11,1.45,1.16,2.22,1.93,0.14,0.14,0.14,0.16,-0.64,0.3,0.02,-0.47,-1.79
PTC INDIA,POWER,POWER,SMALL CAP,PTC,186.65,5670.92,20.6,14.4,15.4,16.2,16770.79,17086.2,18044.6,18926.2,202.05,164.8,177.6,170.7,609.98,426.8,454.9,480.3,9.06,12.96,12.12,11.52,882.67,461.3,492.7,521.0,0.05,0.03,0.03,0.03,1.88,5.61,4.89,3.73,4.11,-47.74,6.81,5.74,-25.29,-16.12,-30.1,6.94,5.19,-13.54,-7.7,12.54,12.2,0.92,1.13,1.05,1.09,1.09,1.09,0.34,0.33,0.31,0.3,0.32,0.32,-2.56,0.03,0.02,-27.97,-19.43,0.04,0.02,0.03,0.03,-1.14,0.02,0.02,-16.75,-11.31,60807.64,12.56,14.94,17.71,20.08,18735.56,21948.12,24578.87,28470.56,120.31,138.77,177.6,159.81,2360.46,3170.02,3618.14,4496.97,31.76,23.19,19.01,20.04,7243.38,10435.22,11697.04,16780.6,0.37,0.38,0.4,0.4,20.34,9.31,8.19,15.65,14.63,22.2,16.91,16.28,22.08,21.81,12.94,15.54,19.66,15.92,16.18,262.0,21.1,19.92,2.98,2.7,2.15,2.45,2.42,2.43,5.7,4.53,3.82,3.71,4.18,3.95,1.11,1.45,1.16,2.22,1.93,0.14,0.14,0.14,0.16,-0.64,0.3,0.02,-0.47,-1.79
RATTANINDIA POWER,POWER,POWER,SMALL CAP,RTNPOWER,9.37,4972.72,,,,,,,,,,,,,,,,,,,,,,,,,,,,,,,,,,,,,,,,,,,,,,,,,,,,,,,,,,,,,,,,,,,,,,,,60807.64,12.56,14.94,17.71,20.08,18735.56,21948.12,24578.87,28470.56,120.31,138.77,177.6,159.81,2360.46,3170.02,3618.14,4496.97,31.76,23.19,19.01,20.04,7243.38,10435.22,11697.04,16780.6,0.37,0.38,0.4,0.4,20.34,9.31,8.19,15.65,14.63,22.2,16.91,16.28,22.08,21.81,12.94,15.54,19.66,15.92,16.18,262.0,21.1,19.92,2.98,2.7,2.15,2.45,2.42,2.43,5.7,4.53,3.82,3.71,4.18,3.95,1.11,1.45,1.16,2.22,1.93,0.14,0.14,0.14,0.16,-0.64,0.3,0.02,-0.47,-1.79
GUJARAT INDUSTRIES POWER COMPANY,POWER,POWER,SMALL CAP,GIPCL,161.35,2407.24,,,,,,,,,,,,,,,,,,,,,,,,,,,,,,,,,,,,,,,,,,,,,,,,,,,,,,,,,,,,,,,,,,,,,,,,60807.64,12.56,14.94,17.71,20.08,18735.56,21948.12,24578.87,28470.56,120.31,138.77,177.6,159.81,2360.46,3170.02,3618.14,4496.97,31.76,23.19,19.01,20.04,7243.38,10435.22,11697.04,16780.6,0.37,0.38,0.4,0.4,20.34,9.31,8.19,15.65,14.63,22.2,16.91,16.28,22.08,21.81,12.94,15.54,19.66,15.92,16.18,262.0,21.1,19.92,2.98,2.7,2.15,2.45,2.42,2.43,5.7,4.53,3.82,3.71,4.18,3.95,1.11,1.45,1.16,2.22,1.93,0.14,0.14,0.14,0.16,-0.64,0.3,0.02,-0.47,-1.79
BF UTILITIES,POWER,POWER,SMALL CAP,BFUTILITIE,659.5,2139.52,,,,,,,,,,,,,,,,,,,,,,,,,,,,,,,,,,,,,,,,,,,,,,,,,,,,,,,,,,,,,,,,,,,,,,,,60807.64,12.56,14.94,17.71,20.08,18735.56,21948.12,24578.87,28470.56,120.31,138.77,177.6,159.81,2360.46,3170.02,3618.14,4496.97,31.76,23.19,19.01,20.04,7243.38,10435.22,11697.04,16780.6,0.37,0.38,0.4,0.4,20.34,9.31,8.19,15.65,14.63,22.2,16.91,16.28,22.08,21.81,12.94,15.54,19.66,15.92,16.18,262.0,21.1,19.92,2.98,2.7,2.15,2.45,2.42,2.43,5.7,4.53,3.82,3.71,4.18,3.95,1.11,1.45,1.16,2.22,1.93,0.14,0.14,0.14,0.16,-0.64,0.3,0.02,-0.47,-1.79
DLF,REALTY,REALTY,LARGE CAP,DLF,624.5,145993.8,17.01,21.44,26.75,30.44,8194.02,10122.94,12643.01,15017.45,,196.36,224.92,213.23,4211.76,5111.39,6414.7,7515.44,36.71,29.13,23.34,20.51,1448.36,3139.47,4107.26,5300.37,0.18,0.31,0.32,0.35,23.54,24.89,18.78,24.22,22.38,116.76,30.83,29.05,68.4,54.1,26.02,24.79,13.8,25.41,21.41,26.24,24.33,,3.18,2.78,2.93,2.98,2.96,17.82,14.42,11.55,9.72,12.98,11.9,13.34,1.47,2.81,35.57,25.92,0.51,0.5,0.51,0.5,-0.91,0.24,-0.69,-0.65,-0.89,6836.28,17.01,26.27,35.77,54.4,2634.54,3631.3,4036.6,8148.88,373.2,266.06,446.75,301.31,324.0,414.18,796.02,2057.68,29.24,22.68,16.14,13.79,493.76,801.38,1048.97,3612.39,0.26,0.3,0.3,0.32,21.78,19.43,18.78,19.74,20.43,30.25,21.08,26.87,25.1,24.91,27.13,23.5,34.84,33.56,34.98,388.3,18.64,18.1,3.05,2.77,2.12,2.38,2.62,2.53,4.76,3.84,3.24,2.46,3.54,3.13,6.24,1.47,2.35,5.88,4.39,0.18,0.18,0.2,0.18,1.91,1.1,-0.12,7.99,-1.34
MACROTECH DEVELOPERS,REALTY,REALTY,LARGE CAP,LODHA,918.15,90279.77,34.25,40.48,47.33,54.4,16676.2,19663.41,22698.58,32434.56,233.11,270.29,354.97,313.52,3428.2,4057.4,4733.93,5428.01,26.81,22.68,19.4,16.88,4920.9,5954.9,6874.18,7928.92,0.3,0.3,0.3,0.24,17.91,15.44,42.89,16.67,24.83,21.01,15.44,15.34,18.19,17.23,18.19,16.91,14.94,17.55,16.67,21.04,19.65,3.94,3.4,2.59,2.93,2.99,2.97,5.41,4.59,3.98,2.78,4.28,3.78,0.78,0.0,-5.84,1.31,-6.08,0.21,0.21,0.21,0.17,0.08,0.22,-4.12,0.72,-6.63,6836.28,17.01,26.27,35.77,54.4,2634.54,3631.3,4036.6,8148.88,373.2,266.06,446.75,301.31,324.0,414.18,796.02,2057.68,29.24,22.68,16.14,13.79,493.76,801.38,1048.97,3612.39,0.26,0.3,0.3,0.32,21.78,19.43,18.78,19.74,20.43,30.25,21.08,26.87,25.1,24.91,27.13,23.5,34.84,33.56,34.98,388.3,18.64,18.1,3.05,2.77,2.12,2.38,2.62,2.53,4.76,3.84,3.24,2.46,3.54,3.13,6.24,1.47,2.35,5.88,4.39,0.18,0.18,0.2,0.18,1.91,1.1,-0.12,7.99,-1.34
GODREJ PROPERTIES,REALTY,REALTY,MID CAP,GODREJPROP,1795.9,53018.57,61.42,78.12,109.56,165.38,5131.43,9016.09,12807.24,21559.19,590.72,709.52,973.42,822.33,1850.2,2373.11,3261.66,4882.21,29.24,22.99,16.39,10.86,,1409.24,2330.46,4878.07,,0.16,0.18,0.23,75.7,42.05,68.34,57.98,61.36,,65.37,109.32,,,27.18,40.25,50.95,33.56,39.12,19.69,16.75,3.04,2.53,1.84,2.18,2.19,2.19,10.33,5.88,4.14,2.46,5.01,4.16,,2.57,4.43,,,0.36,0.26,0.25,0.23,-9.74,-0.85,-2.82,-15.96,-14.36,6836.28,17.01,26.27,35.77,54.4,2634.54,3631.3,4036.6,8148.88,373.2,266.06,446.75,301.31,324.0,414.18,796.02,2057.68,29.24,22.68,16.14,13.79,493.76,801.38,1048.97,3612.39,0.26,0.3,0.3,0.32,21.78,19.43,18.78,19.74,20.43,30.25,21.08,26.87,25.1,24.91,27.13,23.5,34.84,33.56,34.98,388.3,18.64,18.1,3.05,2.77,2.12,2.38,2.62,2.53,4.76,3.84,3.24,2.46,3.54,3.13,6.24,1.47,2.35,5.88,4.39,0.18,0.18,0.2,0.18,1.91,1.1,-0.12,7.99,-1.34
OBEROI REALTY,REALTY,REALTY,MID CAP,OBEROIRLTY,1683.5,61583.31,68.96,87.67,105.77,122.1,6009.06,7635.07,9256.11,10496.63,,577.01,793.68,674.86,2507.43,3184.73,3857.31,4041.84,24.41,19.2,15.92,13.79,3358.15,4327.6,5174.85,5818.55,0.56,0.57,0.56,0.55,27.06,21.23,13.4,24.11,20.43,28.87,19.58,12.44,24.14,20.11,27.13,20.64,15.44,23.84,20.98,17.56,16.3,,2.92,2.12,2.49,2.52,2.51,10.25,8.07,6.65,5.87,7.36,6.86,0.8,-0.77,-0.47,0.02,-0.27,0.42,0.42,0.42,0.39,-0.02,-0.04,-3.17,-0.07,-2.64,6836.28,17.01,26.27,35.77,54.4,2634.54,3631.3,4036.6,8148.88,373.2,266.06,446.75,301.31,324.0,414.18,796.02,2057.68,29.24,22.68,16.14,13.79,493.76,801.38,1048.97,3612.39,0.26,0.3,0.3,0.32,21.78,19.43,18.78,19.74,20.43,30.25,21.08,26.87,25.1,24.91,27.13,23.5,34.84,33.56,34.98,388.3,18.64,18.1,3.05,2.77,2.12,2.38,2.62,2.53,4.76,3.84,3.24,2.46,3.54,3.13,6.24,1.47,2.35,5.88,4.39,0.18,0.18,0.2,0.18,1.91,1.1,-0.12,7.99,-1.34
PRESTIGE ESTATES PRJS.,REALTY,REALTY,MID CAP,PRESTIGE,1497.3,60396.99,27.76,48.02,63.29,108.59,12685.4,15728.19,18634.59,26238.58,,438.08,634.73,493.38,1195.5,1910.0,2555.83,4183.1,53.94,31.18,23.66,13.79,3709.1,5194.55,6456.84,10006.18,0.29,0.33,0.35,0.38,23.99,18.48,40.81,21.2,27.41,40.05,24.3,54.97,31.94,39.21,72.97,31.8,71.58,50.99,57.56,27.42,22.88,,3.42,2.36,3.03,2.89,2.94,4.76,3.84,3.24,2.3,3.54,3.13,3.79,1.62,3.49,8.86,9.26,0.09,0.12,0.14,0.16,2.72,1.57,2.23,20.64,19.15,6836.28,17.01,26.27,35.77,54.4,2634.54,3631.3,4036.6,8148.88,373.2,266.06,446.75,301.31,324.0,414.18,796.02,2057.68,29.24,22.68,16.14,13.79,493.76,801.38,1048.97,3612.39,0.26,0.3,0.3,0.32,21.78,19.43,18.78,19.74,20.43,30.25,21.08,26.87,25.1,24.91,27.13,23.5,34.84,33.56,34.98,388.3,18.64,18.1,3.05,2.77,2.12,2.38,2.62,2.53,4.76,3.84,3.24,2.46,3.54,3.13,6.24,1.47,2.35,5.88,4.39,0.18,0.18,0.2,0.18,1.91,1.1,-0.12,7.99,-1.34
PHOENIX MILLS,REALTY,REALTY,MID CAP,PHOENIXLTD,1881.1,63853.13,35.02,42.66,52.29,63.79,4422.8,4920.23,5695.98,6475.35,,359.36,474.14,409.79,1252.8,1547.89,1881.53,2301.7,53.72,44.1,35.97,29.49,2637.1,2918.43,3440.08,4299.46,0.6,0.59,0.6,0.66,11.25,15.77,13.68,13.48,13.55,10.67,17.87,24.98,14.21,17.7,21.8,22.59,21.99,22.19,22.12,40.04,36.52,,5.23,3.97,4.59,4.6,4.6,14.44,12.98,11.21,9.86,12.09,11.35,-0.31,1.08,6.0,0.64,3.65,0.28,0.31,0.33,0.36,3.13,1.57,2.51,7.99,7.86,6836.28,17.01,26.27,35.77,54.4,2634.54,3631.3,4036.6,8148.88,373.2,266.06,446.75,301.31,324.0,414.18,796.02,2057.68,29.24,22.68,16.14,13.79,493.76,801.38,1048.97,3612.39,0.26,0.3,0.3,0.32,21.78,19.43,18.78,19.74,20.43,30.25,21.08,26.87,25.1,24.91,27.13,23.5,34.84,33.56,34.98,388.3,18.64,18.1,3.05,2.77,2.12,2.38,2.62,2.53,4.76,3.84,3.24,2.46,3.54,3.13,6.24,1.47,2.35,5.88,4.39,0.18,0.18,0.2,0.18,1.91,1.1,-0.12,7.99,-1.34
BRIGADE ENTERPRISES,REALTY,REALTY,SMALL CAP,BRIGADE,545.45,16449.58,26.89,38.75,49.05,66.13,5697.22,7094.59,8314.32,10047.68,278.84,316.95,446.75,333.58,658.19,1059.67,1342.01,1813.67,20.28,14.07,11.12,8.25,1427.33,1956.41,2335.04,2925.32,0.25,0.28,0.28,0.29,24.53,17.19,20.85,20.8,20.82,37.07,19.35,25.28,27.9,27.02,44.12,26.56,34.84,35.05,34.98,12.6,11.15,1.96,1.72,1.22,1.64,1.47,1.53,2.89,2.32,1.98,1.64,2.15,1.98,2.52,0.51,1.03,5.88,5.14,0.12,0.15,0.16,0.18,3.38,1.2,1.91,18.2,16.04,6836.28,17.01,26.27,35.77,54.4,2634.54,3631.3,4036.6,8148.88,373.2,266.06,446.75,301.31,324.0,414.18,796.02,2057.68,29.24,22.68,16.14,13.79,493.76,801.38,1048.97,3612.39,0.26,0.3,0.3,0.32,21.78,19.43,18.78,19.74,20.43,30.25,21.08,26.87,25.1,24.91,27.13,23.5,34.84,33.56,34.98,388.3,18.64,18.1,3.05,2.77,2.12,2.38,2.62,2.53,4.76,3.84,3.24,2.46,3.54,3.13,6.24,1.47,2.35,5.88,4.39,0.18,0.18,0.2,0.18,1.91,1.1,-0.12,7.99,-1.34
SIGNATUREGLOBAL INDIA,REALTY,REALTY,SMALL CAP,SIGNATURE,798.8,11280.9,-12.27,33.4,59.76,,2595.87,4198.56,5268.76,,,164.87,,207.3,-172.63,414.18,796.02,,-65.1,23.92,13.37,,-47.86,575.95,1048.97,,-0.02,0.14,0.2,,61.74,25.49,,42.47,,-1303.28,82.13,,,,-372.21,78.92,,,,18.64,18.64,,4.85,,3.85,4.85,4.35,4.35,2.69,2.14,,2.41,2.41,15.56,6.19,,,,-0.07,0.1,0.15,,16.51,5.24,,,,6836.28,17.01,26.27,35.77,54.4,2634.54,3631.3,4036.6,8148.88,373.2,266.06,446.75,301.31,324.0,414.18,796.02,2057.68,29.24,22.68,16.14,13.79,493.76,801.38,1048.97,3612.39,0.26,0.3,0.3,0.32,21.78,19.43,18.78,19.74,20.43,30.25,21.08,26.87,25.1,24.91,27.13,23.5,34.84,33.56,34.98,388.3,18.64,18.1,3.05,2.77,2.12,2.38,2.62,2.53,4.76,3.84,3.24,2.46,3.54,3.13,6.24,1.47,2.35,5.88,4.39,0.18,0.18,0.2,0.18,1.91,1.1,-0.12,7.99,-1.34
ANANT RAJ,REALTY,REALTY,SMALL CAP,ANANTRAJ,520.2,18130.59,15.81,21.85,28.55,,2511.6,3058.7,3472.65,310.0,,182.52,,212.49,554.85,787.55,1026.7,,32.9,23.81,18.22,,655.67,1037.5,1412.6,,0.26,0.34,0.41,,21.78,13.53,-91.07,17.59,-50.21,58.24,36.15,,46.78,,38.2,30.66,,34.38,,21.01,21.01,,2.85,,2.45,2.85,2.65,7.22,5.93,5.22,58.49,5.57,23.21,7.81,6.76,,24.83,,0.22,0.26,0.3,,3.66,3.82,,15.69,,6836.28,17.01,26.27,35.77,54.4,2634.54,3631.3,4036.6,8148.88,373.2,266.06,446.75,301.31,324.0,414.18,796.02,2057.68,29.24,22.68,16.14,13.79,493.76,801.38,1048.97,3612.39,0.26,0.3,0.3,0.32,21.78,19.43,18.78,19.74,20.43,30.25,21.08,26.87,25.1,24.91,27.13,23.5,34.84,33.56,34.98,388.3,18.64,18.1,3.05,2.77,2.12,2.38,2.62,2.53,4.76,3.84,3.24,2.46,3.54,3.13,6.24,1.47,2.35,5.88,4.39,0.18,0.18,0.2,0.18,1.91,1.1,-0.12,7.99,-1.34
SOBHA DEVELOPERS,REALTY,REALTY,SMALL CAP,SOBHA,1418.9,15173.79,18.09,50.76,74.95,96.7,5190.5,5914.35,7117.82,8148.88,441.3,494.01,621.14,569.37,193.41,513.2,870.66,912.66,78.44,27.95,18.93,14.67,310.39,801.38,1152.27,1473.3,0.06,0.14,0.16,0.18,13.95,20.35,14.49,17.1,16.22,158.19,43.79,27.86,92.68,68.06,180.59,47.67,29.02,103.55,74.85,23.44,20.52,3.22,2.87,2.28,2.49,2.58,2.55,2.92,2.57,2.13,1.86,2.35,2.19,7.57,2.64,1.89,64.53,44.6,0.04,0.09,0.12,0.11,4.95,3.55,-1.03,81.18,44.32,6836.28,17.01,26.27,35.77,54.4,2634.54,3631.3,4036.6,8148.88,373.2,266.06,446.75,301.31,324.0,414.18,796.02,2057.68,29.24,22.68,16.14,13.79,493.76,801.38,1048.97,3612.39,0.26,0.3,0.3,0.32,21.78,19.43,18.78,19.74,20.43,30.25,21.08,26.87,25.1,24.91,27.13,23.5,34.84,33.56,34.98,388.3,18.64,18.1,3.05,2.77,2.12,2.38,2.62,2.53,4.76,3.84,3.24,2.46,3.54,3.13,6.24,1.47,2.35,5.88,4.39,0.18,0.18,0.2,0.18,1.91,1.1,-0.12,7.99,-1.34
D B REALTY,REALTY,REALTY,SMALL CAP,DBREALTY,,6391.18,,,,,,,,,,,,,,,,,,,,,,,,,,,,,,,,,,,,,,,,,,,,,,,,,,,,,,,,,,,,,,,,,,,,,,,,6836.28,17.01,26.27,35.77,54.4,2634.54,3631.3,4036.6,8148.88,373.2,266.06,446.75,301.31,324.0,414.18,796.02,2057.68,29.24,22.68,16.14,13.79,493.76,801.38,1048.97,3612.39,0.26,0.3,0.3,0.32,21.78,19.43,18.78,19.74,20.43,30.25,21.08,26.87,25.1,24.91,27.13,23.5,34.84,33.56,34.98,388.3,18.64,18.1,3.05,2.77,2.12,2.38,2.62,2.53,4.76,3.84,3.24,2.46,3.54,3.13,6.24,1.47,2.35,5.88,4.39,0.18,0.18,0.2,0.18,1.91,1.1,-0.12,7.99,-1.34
MAX ESTATES,REALTY,REALTY,SMALL CAP,MAXESTATES,452.6,7339.77,0.97,-2.8,32.58,,199.45,231.18,2129.12,,,154.1,,190.6,15.69,-45.07,541.9,,466.6,-161.64,13.89,,23.73,71.53,780.42,,0.12,0.31,0.37,,15.9,821.0,,226.72,,201.43,991.0,,473.46,,-388.66,-1263.39,,479.5,,-73.87,-73.87,,2.94,,2.37,2.94,2.66,36.8,31.75,3.45,,17.6,17.6,19.05,5.71,,75.52,,0.08,-0.19,0.25,,-27.36,44.95,,79.86,,6836.28,17.01,26.27,35.77,54.4,2634.54,3631.3,4036.6,8148.88,373.2,266.06,446.75,301.31,324.0,414.18,796.02,2057.68,29.24,22.68,16.14,13.79,493.76,801.38,1048.97,3612.39,0.26,0.3,0.3,0.32,21.78,19.43,18.78,19.74,20.43,30.25,21.08,26.87,25.1,24.91,27.13,23.5,34.84,33.56,34.98,388.3,18.64,18.1,3.05,2.77,2.12,2.38,2.62,2.53,4.76,3.84,3.24,2.46,3.54,3.13,6.24,1.47,2.35,5.88,4.39,0.18,0.18,0.2,0.18,1.91,1.1,-0.12,7.99,-1.34
MAHINDRA LIFESPACE DVPR.,REALTY,REALTY,SMALL CAP,MAHLIFE,352.35,7281.38,15.87,14.38,17.76,22.85,1178.31,1324.78,1546.76,2055.5,,181.85,231.0,197.62,324.0,268.85,359.72,487.15,22.2,24.5,19.84,15.42,-121.58,31.86,79.88,241.55,-0.1,0.02,0.05,0.12,12.43,16.76,32.89,14.57,20.38,-126.2,150.72,202.39,,,-9.39,23.5,28.66,5.79,12.92,22.17,19.92,,1.94,1.53,1.78,1.73,1.75,6.18,5.5,4.71,3.54,5.1,4.58,12.72,2.76,6.59,,,0.27,0.2,0.23,0.24,-7.2,2.96,0.44,-8.03,-4.83,6836.28,17.01,26.27,35.77,54.4,2634.54,3631.3,4036.6,8148.88,373.2,266.06,446.75,301.31,324.0,414.18,796.02,2057.68,29.24,22.68,16.14,13.79,493.76,801.38,1048.97,3612.39,0.26,0.3,0.3,0.32,21.78,19.43,18.78,19.74,20.43,30.25,21.08,26.87,25.1,24.91,27.13,23.5,34.84,33.56,34.98,388.3,18.64,18.1,3.05,2.77,2.12,2.38,2.62,2.53,4.76,3.84,3.24,2.46,3.54,3.13,6.24,1.47,2.35,5.88,4.39,0.18,0.18,0.2,0.18,1.91,1.1,-0.12,7.99,-1.34
KEYSTONE REALTORS,REALTY,REALTY,SMALL CAP,RUSTOMJEE,388.3,5053.27,6.21,24.53,29.8,43.7,2634.54,2958.77,3382.67,,,250.6,,289.1,78.86,312.83,383.53,,62.53,15.83,13.03,8.89,128.36,406.43,492.1,,0.05,0.14,0.15,,12.31,14.33,,13.31,,216.64,21.08,,95.8,,295.06,21.47,46.64,119.06,91.63,14.43,12.58,,1.55,,1.34,1.55,1.45,1.92,1.71,1.49,,1.6,1.6,8.86,0.81,,72.8,,0.03,0.11,0.11,,7.58,0.77,,94.62,,6836.28,17.01,26.27,35.77,54.4,2634.54,3631.3,4036.6,8148.88,373.2,266.06,446.75,301.31,324.0,414.18,796.02,2057.68,29.24,22.68,16.14,13.79,493.76,801.38,1048.97,3612.39,0.26,0.3,0.3,0.32,21.78,19.43,18.78,19.74,20.43,30.25,21.08,26.87,25.1,24.91,27.13,23.5,34.84,33.56,34.98,388.3,18.64,18.1,3.05,2.77,2.12,2.38,2.62,2.53,4.76,3.84,3.24,2.46,3.54,3.13,6.24,1.47,2.35,5.88,4.39,0.18,0.18,0.2,0.18,1.91,1.1,-0.12,7.99,-1.34
SUNTECK REALTY,REALTY,REALTY,SMALL CAP,SUNTECK,326.1,4422.14,13.94,18.59,22.48,34.62,1123.84,1438.74,1762.16,2519.65,,261.82,327.36,284.59,204.37,280.78,349.54,434.11,23.39,17.54,14.5,9.42,304.84,401.25,477.04,716.44,0.27,0.28,0.27,0.28,28.02,22.48,42.99,25.22,30.88,31.63,18.89,50.18,25.1,32.95,33.36,20.94,53.97,26.99,35.42,16.02,13.82,,1.25,1.0,1.15,1.12,1.13,3.93,3.07,2.51,1.76,2.79,2.45,0.76,-0.82,1.36,-0.1,1.58,0.18,0.2,0.2,0.17,1.33,0.32,-2.61,4.44,-1.78,6836.28,17.01,26.27,35.77,54.4,2634.54,3631.3,4036.6,8148.88,373.2,266.06,446.75,301.31,324.0,414.18,796.02,2057.68,29.24,22.68,16.14,13.79,493.76,801.38,1048.97,3612.39,0.26,0.3,0.3,0.32,21.78,19.43,18.78,19.74,20.43,30.25,21.08,26.87,25.1,24.91,27.13,23.5,34.84,33.56,34.98,388.3,18.64,18.1,3.05,2.77,2.12,2.38,2.62,2.53,4.76,3.84,3.24,2.46,3.54,3.13,6.24,1.47,2.35,5.88,4.39,0.18,0.18,0.2,0.18,1.91,1.1,-0.12,7.99,-1.34
NESCO,REALTY,REALTY,SMALL CAP,NESCO,1138.0,8737.74,53.25,58.7,67.7,,732.01,898.1,1021.2,,373.2,427.5,,490.1,375.22,413.7,476.9,,21.37,19.39,16.81,,437.75,493.8,583.5,,0.6,0.55,0.57,,22.69,13.71,,18.11,,12.8,18.17,,15.45,,10.23,15.33,,12.75,,18.1,18.1,3.05,2.66,,2.32,2.66,2.49,11.94,9.73,8.56,,9.14,9.14,-4.82,2.16,,-2.25,,0.51,0.46,0.47,,-5.2,0.64,,-4.55,,6836.28,17.01,26.27,35.77,54.4,2634.54,3631.3,4036.6,8148.88,373.2,266.06,446.75,301.31,324.0,414.18,796.02,2057.68,29.24,22.68,16.14,13.79,493.76,801.38,1048.97,3612.39,0.26,0.3,0.3,0.32,21.78,19.43,18.78,19.74,20.43,30.25,21.08,26.87,25.1,24.91,27.13,23.5,34.84,33.56,34.98,388.3,18.64,18.1,3.05,2.77,2.12,2.38,2.62,2.53,4.76,3.84,3.24,2.46,3.54,3.13,6.24,1.47,2.35,5.88,4.39,0.18,0.18,0.2,0.18,1.91,1.1,-0.12,7.99,-1.34
EQUINOX INDIA DEVELOPMENTS,REALTY,REALTY,SMALL CAP,EMBDL,62.14,8469.47,,,,,,,,,,,,,,,,,,,,,,,,,,,,,,,,,,,,,,,,,,,,,,,,,,,,,,,,,,,,,,,,,,,,,,,,6836.28,17.01,26.27,35.77,54.4,2634.54,3631.3,4036.6,8148.88,373.2,266.06,446.75,301.31,324.0,414.18,796.02,2057.68,29.24,22.68,16.14,13.79,493.76,801.38,1048.97,3612.39,0.26,0.3,0.3,0.32,21.78,19.43,18.78,19.74,20.43,30.25,21.08,26.87,25.1,24.91,27.13,23.5,34.84,33.56,34.98,388.3,18.64,18.1,3.05,2.77,2.12,2.38,2.62,2.53,4.76,3.84,3.24,2.46,3.54,3.13,6.24,1.47,2.35,5.88,4.39,0.18,0.18,0.2,0.18,1.91,1.1,-0.12,7.99,-1.34
PURAVANKARA,REALTY,REALTY,SMALL CAP,PURVA,220.36,5274.68,2.69,9.7,13.9,,3739.83,3631.3,4036.6,,,82.1,,92.0,63.71,230.8,329.5,,81.92,22.72,15.85,,691.5,849.6,972.0,,0.18,0.23,0.24,,-2.9,11.16,,3.89,,22.86,14.41,,18.56,,260.59,43.3,,127.32,,19.29,19.29,,2.68,,2.4,2.68,2.54,1.41,1.45,1.31,,1.38,1.38,4.91,0.68,,14.12,,0.02,0.06,0.08,,4.65,1.81,,118.9,,6836.28,17.01,26.27,35.77,54.4,2634.54,3631.3,4036.6,8148.88,373.2,266.06,446.75,301.31,324.0,414.18,796.02,2057.68,29.24,22.68,16.14,13.79,493.76,801.38,1048.97,3612.39,0.26,0.3,0.3,0.32,21.78,19.43,18.78,19.74,20.43,30.25,21.08,26.87,25.1,24.91,27.13,23.5,34.84,33.56,34.98,388.3,18.64,18.1,3.05,2.77,2.12,2.38,2.62,2.53,4.76,3.84,3.24,2.46,3.54,3.13,6.24,1.47,2.35,5.88,4.39,0.18,0.18,0.2,0.18,1.91,1.1,-0.12,7.99,-1.34
HMSPHR.PROPS.IDA.,REALTY,REALTY,SMALL CAP,HEMIPROP,139.55,4069.51,,,,,,,,,,,,,,,,,,,,,,,,,,,,,,,,,,,,,,,,,,,,,,,,,,,,,,,,,,,,,,,,,,,,,,,,6836.28,17.01,26.27,35.77,54.4,2634.54,3631.3,4036.6,8148.88,373.2,266.06,446.75,301.31,324.0,414.18,796.02,2057.68,29.24,22.68,16.14,13.79,493.76,801.38,1048.97,3612.39,0.26,0.3,0.3,0.32,21.78,19.43,18.78,19.74,20.43,30.25,21.08,26.87,25.1,24.91,27.13,23.5,34.84,33.56,34.98,388.3,18.64,18.1,3.05,2.77,2.12,2.38,2.62,2.53,4.76,3.84,3.24,2.46,3.54,3.13,6.24,1.47,2.35,5.88,4.39,0.18,0.18,0.2,0.18,1.91,1.1,-0.12,7.99,-1.34
KOLTE-PATIL DEVELOPERS,REALTY,REALTY,SMALL CAP,KOLTEPATIL,377.8,3442.12,-4.51,26.27,35.77,,734.96,2173.77,2656.4,,,176.3,,232.9,-38.67,228.43,308.47,,-83.77,14.38,10.56,,-61.13,360.73,480.93,,-0.08,0.17,0.18,,195.77,22.2,,90.11,,-690.11,33.32,,,,-682.42,36.17,,,,12.47,12.47,,2.14,,1.62,2.14,1.88,4.68,1.58,1.3,,1.44,1.44,24.91,1.51,,,,-0.05,0.11,0.12,,15.77,1.1,,,,6836.28,17.01,26.27,35.77,54.4,2634.54,3631.3,4036.6,8148.88,373.2,266.06,446.75,301.31,324.0,414.18,796.02,2057.68,29.24,22.68,16.14,13.79,493.76,801.38,1048.97,3612.39,0.26,0.3,0.3,0.32,21.78,19.43,18.78,19.74,20.43,30.25,21.08,26.87,25.1,24.91,27.13,23.5,34.84,33.56,34.98,388.3,18.64,18.1,3.05,2.77,2.12,2.38,2.62,2.53,4.76,3.84,3.24,2.46,3.54,3.13,6.24,1.47,2.35,5.88,4.39,0.18,0.18,0.2,0.18,1.91,1.1,-0.12,7.99,-1.34
GANESH HOUSING CORPORATION,REALTY,REALTY,SMALL CAP,GANESHHOUC,,5870.87,,,,,,,,,,,,,,,,,,,,,,,,,,,,,,,,,,,,,,,,,,,,,,,,,,,,,,,,,,,,,,,,,,,,,,,,6836.28,17.01,26.27,35.77,54.4,2634.54,3631.3,4036.6,8148.88,373.2,266.06,446.75,301.31,324.0,414.18,796.02,2057.68,29.24,22.68,16.14,13.79,493.76,801.38,1048.97,3612.39,0.26,0.3,0.3,0.32,21.78,19.43,18.78,19.74,20.43,30.25,21.08,26.87,25.1,24.91,27.13,23.5,34.84,33.56,34.98,388.3,18.64,18.1,3.05,2.77,2.12,2.38,2.62,2.53,4.76,3.84,3.24,2.46,3.54,3.13,6.24,1.47,2.35,5.88,4.39,0.18,0.18,0.2,0.18,1.91,1.1,-0.12,7.99,-1.34
AWFIS SPACE SOLUTIONS,REALTY,REALTY,SMALL CAP,AWFIS,304.1,2548.72,9.92,17.4,18.84,36.2,1493.48,1793.02,2141.38,2534.75,,388.23,153.6,479.4,70.85,119.24,146.32,212.1,30.66,17.48,16.14,8.4,549.76,639.48,773.72,923.25,0.37,0.36,0.36,0.36,20.06,19.43,18.37,19.74,19.28,16.32,20.99,19.33,18.63,18.86,75.4,8.28,92.14,37.81,53.96,16.81,14.01,,0.78,1.98,0.63,1.38,1.13,1.71,1.42,1.19,1.01,1.31,1.21,-1.15,0.47,0.29,-0.93,-0.35,0.05,0.07,0.07,0.08,1.91,0.18,1.53,20.01,20.82,6836.28,17.01,26.27,35.77,54.4,2634.54,3631.3,4036.6,8148.88,373.2,266.06,446.75,301.31,324.0,414.18,796.02,2057.68,29.24,22.68,16.14,13.79,493.76,801.38,1048.97,3612.39,0.26,0.3,0.3,0.32,21.78,19.43,18.78,19.74,20.43,30.25,21.08,26.87,25.1,24.91,27.13,23.5,34.84,33.56,34.98,388.3,18.64,18.1,3.05,2.77,2.12,2.38,2.62,2.53,4.76,3.84,3.24,2.46,3.54,3.13,6.24,1.47,2.35,5.88,4.39,0.18,0.18,0.2,0.18,1.91,1.1,-0.12,7.99,-1.34
BOMBAY DYEING AND MFG,REALTY,REALTY,SMALL CAP,BOMDYEING,135.0,2601.31,,,,,,,,,,,,,,,,,,,,,,,,,,,,,,,,,,,,,,,,,,,,,,,,,,,,,,,,,,,,,,,,,,,,,,,,6836.28,17.01,26.27,35.77,54.4,2634.54,3631.3,4036.6,8148.88,373.2,266.06,446.75,301.31,324.0,414.18,796.02,2057.68,29.24,22.68,16.14,13.79,493.76,801.38,1048.97,3612.39,0.26,0.3,0.3,0.32,21.78,19.43,18.78,19.74,20.43,30.25,21.08,26.87,25.1,24.91,27.13,23.5,34.84,33.56,34.98,388.3,18.64,18.1,3.05,2.77,2.12,2.38,2.62,2.53,4.76,3.84,3.24,2.46,3.54,3.13,6.24,1.47,2.35,5.88,4.39,0.18,0.18,0.2,0.18,1.91,1.1,-0.12,7.99,-1.34
UNITECH,REALTY,REALTY,SMALL CAP,UNITECH,5.01,1389.26,,,,,,,,,,,,,,,,,,,,,,,,,,,,,,,,,,,,,,,,,,,,,,,,,,,,,,,,,,,,,,,,,,,,,,,,6836.28,17.01,26.27,35.77,54.4,2634.54,3631.3,4036.6,8148.88,373.2,266.06,446.75,301.31,324.0,414.18,796.02,2057.68,29.24,22.68,16.14,13.79,493.76,801.38,1048.97,3612.39,0.26,0.3,0.3,0.32,21.78,19.43,18.78,19.74,20.43,30.25,21.08,26.87,25.1,24.91,27.13,23.5,34.84,33.56,34.98,388.3,18.64,18.1,3.05,2.77,2.12,2.38,2.62,2.53,4.76,3.84,3.24,2.46,3.54,3.13,6.24,1.47,2.35,5.88,4.39,0.18,0.18,0.2,0.18,1.91,1.1,-0.12,7.99,-1.34
SURAJ ESTATE DEVELOPERS,REALTY,REALTY,SMALL CAP,SURAJEST,196.1,1076.62,19.9,19.1,19.0,28.3,506.79,526.3,713.1,772.3,,,,,96.5,93.9,93.3,139.0,9.85,10.27,10.32,6.93,143.43,206.7,211.0,265.6,0.28,0.39,0.3,0.34,3.85,35.49,8.3,18.62,15.08,44.12,2.08,25.88,21.29,22.8,-4.02,-0.52,48.95,-2.29,12.45,10.29,9.17,,,,,,,2.12,2.05,1.51,1.39,1.78,1.65,10.97,-9.69,4.8,2.25,6.71,0.19,0.18,0.13,0.18,-1.2,-4.76,4.91,-17.11,-1.86,6836.28,17.01,26.27,35.77,54.4,2634.54,3631.3,4036.6,8148.88,373.2,266.06,446.75,301.31,324.0,414.18,796.02,2057.68,29.24,22.68,16.14,13.79,493.76,801.38,1048.97,3612.39,0.26,0.3,0.3,0.32,21.78,19.43,18.78,19.74,20.43,30.25,21.08,26.87,25.1,24.91,27.13,23.5,34.84,33.56,34.98,388.3,18.64,18.1,3.05,2.77,2.12,2.38,2.62,2.53,4.76,3.84,3.24,2.46,3.54,3.13,6.24,1.47,2.35,5.88,4.39,0.18,0.18,0.2,0.18,1.91,1.1,-0.12,7.99,-1.34
OMAXE,REALTY,REALTY,SMALL CAP,OMAXE,78.15,1418.21,,,,,,,,,,,,,,,,,,,,,,,,,,,,,,,,,,,,,,,,,,,,,,,,,,,,,,,,,,,,,,,,,,,,,,,,6836.28,17.01,26.27,35.77,54.4,2634.54,3631.3,4036.6,8148.88,373.2,266.06,446.75,301.31,324.0,414.18,796.02,2057.68,29.24,22.68,16.14,13.79,493.76,801.38,1048.97,3612.39,0.26,0.3,0.3,0.32,21.78,19.43,18.78,19.74,20.43,30.25,21.08,26.87,25.1,24.91,27.13,23.5,34.84,33.56,34.98,388.3,18.64,18.1,3.05,2.77,2.12,2.38,2.62,2.53,4.76,3.84,3.24,2.46,3.54,3.13,6.24,1.47,2.35,5.88,4.39,0.18,0.18,0.2,0.18,1.91,1.1,-0.12,7.99,-1.34
HUBTOWN,REALTY,REALTY,SMALL CAP,HUBTOWN,195.04,2930.97,,,,,,,,,,,,,,,,,,,,,,,,,,,,,,,,,,,,,,,,,,,,,,,,,,,,,,,,,,,,,,,,,,,,,,,,6836.28,17.01,26.27,35.77,54.4,2634.54,3631.3,4036.6,8148.88,373.2,266.06,446.75,301.31,324.0,414.18,796.02,2057.68,29.24,22.68,16.14,13.79,493.76,801.38,1048.97,3612.39,0.26,0.3,0.3,0.32,21.78,19.43,18.78,19.74,20.43,30.25,21.08,26.87,25.1,24.91,27.13,23.5,34.84,33.56,34.98,388.3,18.64,18.1,3.05,2.77,2.12,2.38,2.62,2.53,4.76,3.84,3.24,2.46,3.54,3.13,6.24,1.47,2.35,5.88,4.39,0.18,0.18,0.2,0.18,1.91,1.1,-0.12,7.99,-1.34
PENINSULA LAND,REALTY,REALTY,SMALL CAP,PENINLAND,,567.26,,,,,,,,,,,,,,,,,,,,,,,,,,,,,,,,,,,,,,,,,,,,,,,,,,,,,,,,,,,,,,,,,,,,,,,,6836.28,17.01,26.27,35.77,54.4,2634.54,3631.3,4036.6,8148.88,373.2,266.06,446.75,301.31,324.0,414.18,796.02,2057.68,29.24,22.68,16.14,13.79,493.76,801.38,1048.97,3612.39,0.26,0.3,0.3,0.32,21.78,19.43,18.78,19.74,20.43,30.25,21.08,26.87,25.1,24.91,27.13,23.5,34.84,33.56,34.98,388.3,18.64,18.1,3.05,2.77,2.12,2.38,2.62,2.53,4.76,3.84,3.24,2.46,3.54,3.13,6.24,1.47,2.35,5.88,4.39,0.18,0.18,0.2,0.18,1.91,1.1,-0.12,7.99,-1.34
OIL & NATURAL GAS,OIL & GAS,UPSTREAM,LARGE CAP,ONGC,246.25,361683.0,33.28,40.78,41.74,,662247.3,695563.8,701723.0,,295.52,323.49,,350.99,41860.1,51164.57,52435.13,,7.4,6.04,5.9,,103119.8,116482.7,121389.1,,0.16,0.17,0.17,,5.03,0.89,,2.94,,12.96,4.21,,8.5,,22.53,2.35,,11.99,,5.97,5.97,0.83,0.76,,0.7,0.76,0.73,0.55,0.52,0.52,,0.52,0.52,1.18,0.55,,5.4,,0.06,0.07,0.07,,1.03,0.12,,8.73,,80045.34,30.34,47.86,47.18,60.62,341796.62,362323.56,366097.1,50991.9,295.52,335.53,501.6,365.68,23157.72,30116.75,30352.7,10639.57,11.33,6.82,6.92,6.9,54589.94,65002.26,67147.45,15115.55,0.22,0.32,0.3,0.3,20.64,2.83,67.34,11.21,33.68,68.04,-0.17,17.12,27.22,35.62,61.56,-0.94,15.22,25.3,30.32,246.25,6.87,6.73,0.83,0.98,0.83,0.9,0.89,0.89,2.15,1.64,1.57,1.57,1.6,1.42,9.64,-1.79,-12.71,13.77,1.45,0.14,0.19,0.17,0.21,5.67,-1.96,-6.28,11.38,-0.01
OIL INDIA,OIL & GAS,UPSTREAM,MID CAP,OIL,418.15,80045.34,27.39,54.94,52.62,60.62,21345.94,29083.31,30471.2,50991.9,,347.58,501.6,380.38,4455.34,9068.94,8270.27,10639.57,15.27,7.61,7.95,6.9,6060.07,13521.83,12905.79,15115.55,0.28,0.46,0.42,0.3,36.25,4.77,67.34,19.48,33.68,123.13,-4.56,17.12,45.93,35.62,100.6,-4.23,15.22,38.6,30.32,7.78,7.48,,1.2,0.83,1.1,1.02,1.05,3.75,2.75,2.63,1.57,2.69,2.32,18.1,-4.14,-12.71,22.14,1.45,0.21,0.31,0.27,0.21,10.31,-4.04,-6.28,14.03,-0.01,80045.34,30.34,47.86,47.18,60.62,341796.62,362323.56,366097.1,50991.9,295.52,335.53,501.6,365.68,23157.72,30116.75,30352.7,10639.57,11.33,6.82,6.92,6.9,54589.94,65002.26,67147.45,15115.55,0.22,0.32,0.3,0.3,20.64,2.83,67.34,11.21,33.68,68.04,-0.17,17.12,27.22,35.62,61.56,-0.94,15.22,25.3,30.32,246.25,6.87,6.73,0.83,0.98,0.83,0.9,0.89,0.89,2.15,1.64,1.57,1.57,1.6,1.42,9.64,-1.79,-12.71,13.77,1.45,0.14,0.19,0.17,0.21,5.67,-1.96,-6.28,11.38,-0.01
HINDUSTAN OIL EXPLORATION COMPANY,OIL & GAS,UPSTREAM,SMALL CAP,HINDOILEXP,162.68,2140.89,,,,,,,,,,,,,,,,,,,,,,,,,,,,,,,,,,,,,,,,,,,,,,,,,,,,,,,,,,,,,,,,,,,,,,,,80045.34,30.34,47.86,47.18,60.62,341796.62,362323.56,366097.1,50991.9,295.52,335.53,501.6,365.68,23157.72,30116.75,30352.7,10639.57,11.33,6.82,6.92,6.9,54589.94,65002.26,67147.45,15115.55,0.22,0.32,0.3,0.3,20.64,2.83,67.34,11.21,33.68,68.04,-0.17,17.12,27.22,35.62,61.56,-0.94,15.22,25.3,30.32,246.25,6.87,6.73,0.83,0.98,0.83,0.9,0.89,0.89,2.15,1.64,1.57,1.57,1.6,1.42,9.64,-1.79,-12.71,13.77,1.45,0.14,0.19,0.17,0.21,5.67,-1.96,-6.28,11.38,-0.01
INDIAN OIL,OIL & GAS,DOWNSTREAM,LARGE CAP,IOC,143.43,201058.1,30.57,12.5,17.33,14.69,784415.4,918883.6,884434.9,881487.2,159.4,163.47,186.14,175.86,42096.26,19137.03,23940.13,22091.05,4.69,11.47,8.27,9.76,77061.65,48516.26,57942.41,59768.0,0.1,0.05,0.07,0.07,17.14,-3.75,-0.33,6.18,3.97,-37.04,19.43,3.15,-13.29,-8.12,-59.11,38.66,-15.23,-24.7,-21.67,9.87,9.84,0.9,0.88,0.77,0.82,0.82,0.82,0.26,0.22,0.23,0.23,0.22,0.22,-4.54,1.27,0.23,-18.34,-11.63,0.05,0.02,0.03,0.03,-3.28,0.62,-0.2,-28.98,-22.42,84687.32,61.45,20.3,39.75,35.89,441448.4,503911.5,482187.0,455481.6,195.14,248.53,297.74,272.83,17175.23,3561.6,9908.09,12154.53,4.99,11.47,8.27,8.54,30490.59,11796.36,23036.18,26826.1,0.07,0.05,0.06,0.06,15.32,-3.75,-0.4,6.18,3.97,-37.04,18.99,2.51,-13.29,-8.12,-57.29,38.66,1.26,-20.84,-8.27,306.6,9.7,9.31,1.42,1.26,1.06,1.17,1.18,1.17,0.26,0.22,0.23,0.23,0.22,0.22,-4.23,1.27,0.23,-18.0,-10.81,0.05,0.02,0.03,0.03,-3.28,0.62,0.1,-28.35,-17.06
BHARAT PETROLEUM,OIL & GAS,DOWNSTREAM,LARGE CAP,BPCL,306.6,132150.9,61.45,26.25,39.75,35.89,455228.0,521674.4,482187.0,455481.6,230.89,248.53,297.74,272.83,26254.15,11958.48,15820.47,15416.5,4.99,11.68,7.71,8.54,41202.17,25142.37,29915.78,30667.93,0.09,0.05,0.06,0.07,14.6,-7.57,-5.54,2.92,0.02,-38.98,18.99,2.51,-14.79,-9.37,-57.29,51.43,-9.7,-19.57,-16.41,9.7,9.31,1.33,1.23,1.03,1.12,1.13,1.13,0.29,0.25,0.27,0.29,0.26,0.27,-4.23,1.38,0.53,-17.21,-9.39,0.06,0.02,0.03,0.03,-3.47,0.99,0.1,-24.57,-16.28,84687.32,61.45,20.3,39.75,35.89,441448.4,503911.5,482187.0,455481.6,195.14,248.53,297.74,272.83,17175.23,3561.6,9908.09,12154.53,4.99,11.47,8.27,8.54,30490.59,11796.36,23036.18,26826.1,0.07,0.05,0.06,0.06,15.32,-3.75,-0.4,6.18,3.97,-37.04,18.99,2.51,-13.29,-8.12,-57.29,38.66,1.26,-20.84,-8.27,306.6,9.7,9.31,1.42,1.26,1.06,1.17,1.18,1.17,0.26,0.22,0.23,0.23,0.22,0.22,-4.23,1.27,0.23,-18.0,-10.81,0.05,0.02,0.03,0.03,-3.28,0.62,0.1,-28.35,-17.06
HINDUSTAN PETROLEUM,OIL & GAS,DOWNSTREAM,MID CAP,HINDPETRO,392.1,84687.32,80.72,2.65,50.58,62.3,441448.4,503911.5,496068.1,547488.4,,294.23,368.7,331.24,17175.23,-3933.84,9908.09,12154.53,4.86,147.91,7.75,6.29,30490.59,11796.36,23036.18,26826.1,0.07,0.02,0.05,0.05,14.15,-1.56,10.37,6.01,7.44,-61.31,95.28,16.45,-13.08,-4.18,-96.72,1808.11,23.15,-20.84,-8.27,77.83,53.98,,1.33,1.06,1.18,1.2,1.19,0.19,0.17,0.17,0.15,0.17,0.16,-4.57,2.3,0.26,-18.0,-10.81,0.04,-0.01,0.02,0.02,-4.67,2.78,0.22,-28.35,-17.06,84687.32,61.45,20.3,39.75,35.89,441448.4,503911.5,482187.0,455481.6,195.14,248.53,297.74,272.83,17175.23,3561.6,9908.09,12154.53,4.99,11.47,8.27,8.54,30490.59,11796.36,23036.18,26826.1,0.07,0.05,0.06,0.06,15.32,-3.75,-0.4,6.18,3.97,-37.04,18.99,2.51,-13.29,-8.12,-57.29,38.66,1.26,-20.84,-8.27,306.6,9.7,9.31,1.42,1.26,1.06,1.17,1.18,1.17,0.26,0.22,0.23,0.23,0.22,0.22,-4.23,1.27,0.23,-18.0,-10.81,0.05,0.02,0.03,0.03,-3.28,0.62,0.1,-28.35,-17.06
MNGL.REF.& PETROCHEM.,OIL & GAS,DOWNSTREAM,SMALL CAP,MRPL,154.19,26499.29,11.02,20.3,15.9,16.1,88667.49,110168.5,101119.0,99123.5,80.83,99.15,139.5,112.95,1931.22,3561.6,2771.2,2830.4,13.99,7.6,9.7,9.58,6235.45,7149.6,6043.75,6003.2,0.07,0.06,0.06,0.06,24.25,-8.21,-1.97,6.79,3.79,14.66,-15.47,-0.67,-1.55,-1.26,84.21,-21.67,1.26,20.12,13.47,8.65,8.96,1.91,1.56,1.11,1.37,1.33,1.34,0.3,0.24,0.26,0.27,0.25,0.26,-0.54,-0.51,0.08,-7.81,-4.86,0.02,0.03,0.03,0.03,1.05,-0.49,0.11,12.17,9.45,84687.32,61.45,20.3,39.75,35.89,441448.4,503911.5,482187.0,455481.6,195.14,248.53,297.74,272.83,17175.23,3561.6,9908.09,12154.53,4.99,11.47,8.27,8.54,30490.59,11796.36,23036.18,26826.1,0.07,0.05,0.06,0.06,15.32,-3.75,-0.4,6.18,3.97,-37.04,18.99,2.51,-13.29,-8.12,-57.29,38.66,1.26,-20.84,-8.27,306.6,9.7,9.31,1.42,1.26,1.06,1.17,1.18,1.17,0.26,0.22,0.23,0.23,0.22,0.22,-4.23,1.27,0.23,-18.0,-10.81,0.05,0.02,0.03,0.03,-3.28,0.62,0.1,-28.35,-17.06
CHENNAI PETROLEUM CORPORATION,OIL & GAS,DOWNSTREAM,SMALL CAP,CHENNPETRO,1097.8,15185.98,205.62,180.4,106.7,205.6,63639.93,73387.2,72044.8,71760.2,725.26,870.6,999.6,942.3,3061.85,2686.0,1588.2,1374.1,5.34,6.09,10.29,5.34,4757.08,4249.5,2778.5,2493.9,0.07,0.06,0.04,0.03,15.32,-1.83,-0.4,6.4,4.08,-10.67,-34.62,-10.24,-23.58,-19.37,-12.27,-40.85,92.69,-27.96,-0.0,8.19,7.24,1.51,1.26,1.1,1.17,1.18,1.17,0.24,0.21,0.21,0.21,0.21,0.21,-1.68,-1.93,-0.38,-28.17,-22.53,0.05,0.04,0.02,0.02,-1.15,-1.46,-0.29,-32.31,-26.44,84687.32,61.45,20.3,39.75,35.89,441448.4,503911.5,482187.0,455481.6,195.14,248.53,297.74,272.83,17175.23,3561.6,9908.09,12154.53,4.99,11.47,8.27,8.54,30490.59,11796.36,23036.18,26826.1,0.07,0.05,0.06,0.06,15.32,-3.75,-0.4,6.18,3.97,-37.04,18.99,2.51,-13.29,-8.12,-57.29,38.66,1.26,-20.84,-8.27,306.6,9.7,9.31,1.42,1.26,1.06,1.17,1.18,1.17,0.26,0.22,0.23,0.23,0.22,0.22,-4.23,1.27,0.23,-18.0,-10.81,0.05,0.02,0.03,0.03,-3.28,0.62,0.1,-28.35,-17.06
ADANI TOTAL GAS,OIL & GAS,GAS & GAS DISTRIBUTION,MID CAP,ATGL,727.3,78427.45,,,,,,,,,,,,,,,,,,,,,,,,,,,,,,,,,,,,,,,,,,,,,,,,,,,,,,,,,,,,,,,,,,,,,,,,23241.42,16.64,16.22,19.15,24.02,16326.97,16698.51,18260.52,20303.81,133.8,133.63,159.29,145.73,1364.1,1505.94,1831.81,2020.57,14.1,15.14,12.88,11.45,1864.9,1952.0,2242.06,2498.17,0.11,0.11,0.12,0.12,8.88,10.67,11.11,10.02,10.93,-0.35,18.74,11.66,7.9,7.15,-3.87,17.54,12.53,4.74,6.83,284.27,13.97,13.24,1.92,1.8,1.43,1.62,1.59,1.6,1.18,1.06,0.93,0.83,0.99,0.94,-0.45,0.64,0.05,-0.51,0.45,0.08,0.08,0.08,0.08,-0.84,0.33,-0.15,-3.38,-1.34
GAIL (INDIA),OIL & GAS,GAS & GAS DISTRIBUTION,LARGE CAP,GAIL,173.9,110217.9,13.49,11.82,13.34,15.35,137207.8,142486.2,151552.0,160415.1,107.32,116.48,132.63,123.79,8872.29,7533.58,8514.38,9960.34,12.89,14.71,13.04,11.33,14327.2,12626.81,13937.79,15958.06,0.1,0.09,0.09,0.1,3.85,6.36,5.85,5.1,5.35,-11.87,10.38,14.49,-1.37,3.66,-12.38,12.85,15.05,-0.56,4.39,13.87,13.03,1.62,1.49,1.31,1.4,1.4,1.4,0.8,0.77,0.73,0.69,0.75,0.73,-1.58,0.33,0.75,-6.15,-1.6,0.06,0.05,0.06,0.06,-1.18,0.33,0.59,-6.79,-1.34,23241.42,16.64,16.22,19.15,24.02,16326.97,16698.51,18260.52,20303.81,133.8,133.63,159.29,145.73,1364.1,1505.94,1831.81,2020.57,14.1,15.14,12.88,11.45,1864.9,1952.0,2242.06,2498.17,0.11,0.11,0.12,0.12,8.88,10.67,11.11,10.02,10.93,-0.35,18.74,11.66,7.9,7.15,-3.87,17.54,12.53,4.74,6.83,284.27,13.97,13.24,1.92,1.8,1.43,1.62,1.59,1.6,1.18,1.06,0.93,0.83,0.99,0.94,-0.45,0.64,0.05,-0.51,0.45,0.08,0.08,0.08,0.08,-0.84,0.33,-0.15,-3.38,-1.34
PETRONET L N G,OIL & GAS,GAS & GAS DISTRIBUTION,MID CAP,PETRONET,288.7,42029.99,25.62,24.63,28.1,28.14,43494.91,46763.78,56001.16,60644.39,144.8,160.2,208.03,178.41,3842.67,3740.41,4263.86,4180.6,11.27,11.72,10.27,10.26,5337.65,5411.1,6456.87,6661.88,0.12,0.12,0.12,0.11,7.52,19.75,8.29,13.47,11.72,1.38,19.33,3.18,9.99,7.67,-3.87,14.11,0.12,4.74,3.17,11.0,10.75,1.99,1.8,1.39,1.62,1.59,1.6,0.97,0.9,0.75,0.69,0.82,0.78,-0.7,-0.04,-0.54,-3.07,-3.62,0.09,0.08,0.08,0.07,-0.84,-0.38,-0.72,-7.17,-7.94,23241.42,16.64,16.22,19.15,24.02,16326.97,16698.51,18260.52,20303.81,133.8,133.63,159.29,145.73,1364.1,1505.94,1831.81,2020.57,14.1,15.14,12.88,11.45,1864.9,1952.0,2242.06,2498.17,0.11,0.11,0.12,0.12,8.88,10.67,11.11,10.02,10.93,-0.35,18.74,11.66,7.9,7.15,-3.87,17.54,12.53,4.74,6.83,284.27,13.97,13.24,1.92,1.8,1.43,1.62,1.59,1.6,1.18,1.06,0.93,0.83,0.99,0.94,-0.45,0.64,0.05,-0.51,0.45,0.08,0.08,0.08,0.08,-0.84,0.33,-0.15,-3.38,-1.34
GUJARAT GAS,OIL & GAS,GAS & GAS DISTRIBUTION,MID CAP,GUJGASLTD,388.45,34855.28,16.64,16.43,17.9,21.34,16486.95,15042.76,16859.69,18568.69,122.8,133.63,159.29,145.73,1145.51,1132.86,1227.52,1464.84,23.34,23.64,21.7,18.2,1879.76,1840.81,2001.64,2279.63,0.11,0.12,0.12,0.12,-8.76,12.08,10.14,1.12,4.04,-2.07,8.74,13.89,3.19,6.64,-1.24,8.95,19.22,3.73,8.65,22.67,21.18,3.16,2.91,2.44,2.67,2.67,2.67,2.11,2.32,2.07,1.88,2.19,2.09,0.84,-0.36,0.4,2.04,2.5,0.07,0.08,0.07,0.08,0.58,-0.25,0.61,2.37,4.32,23241.42,16.64,16.22,19.15,24.02,16326.97,16698.51,18260.52,20303.81,133.8,133.63,159.29,145.73,1364.1,1505.94,1831.81,2020.57,14.1,15.14,12.88,11.45,1864.9,1952.0,2242.06,2498.17,0.11,0.11,0.12,0.12,8.88,10.67,11.11,10.02,10.93,-0.35,18.74,11.66,7.9,7.15,-3.87,17.54,12.53,4.74,6.83,284.27,13.97,13.24,1.92,1.8,1.43,1.62,1.59,1.6,1.18,1.06,0.93,0.83,0.99,0.94,-0.45,0.64,0.05,-0.51,0.45,0.08,0.08,0.08,0.08,-0.84,0.33,-0.15,-3.38,-1.34
INDRAPRASTHA GAS,OIL & GAS,GAS & GAS DISTRIBUTION,MID CAP,IGL,167.6,23241.42,9.74,11.26,13.77,13.2,16166.99,18354.26,19661.34,22038.93,,79.72,94.75,87.65,1364.1,1505.94,1831.81,2020.57,17.21,14.88,12.17,12.69,1850.04,2063.18,2482.49,2716.71,0.11,0.11,0.13,0.12,13.53,7.12,12.09,10.28,10.88,11.52,20.32,9.43,15.84,13.66,15.65,22.27,-4.12,18.91,10.67,13.52,13.25,,2.1,1.77,1.91,1.94,1.93,1.44,1.27,1.18,1.05,1.22,1.17,-0.2,1.39,-0.3,5.04,2.51,0.08,0.08,0.09,0.09,-0.23,1.11,-0.15,5.08,2.81,23241.42,16.64,16.22,19.15,24.02,16326.97,16698.51,18260.52,20303.81,133.8,133.63,159.29,145.73,1364.1,1505.94,1831.81,2020.57,14.1,15.14,12.88,11.45,1864.9,1952.0,2242.06,2498.17,0.11,0.11,0.12,0.12,8.88,10.67,11.11,10.02,10.93,-0.35,18.74,11.66,7.9,7.15,-3.87,17.54,12.53,4.74,6.83,284.27,13.97,13.24,1.92,1.8,1.43,1.62,1.59,1.6,1.18,1.06,0.93,0.83,0.99,0.94,-0.45,0.64,0.05,-0.51,0.45,0.08,0.08,0.08,0.08,-0.84,0.33,-0.15,-3.38,-1.34
GUJARAT STATE PETRONET,OIL & GAS,GAS & GAS DISTRIBUTION,SMALL CAP,GSPL,,15140.61,,,,,,,,,,,,,,,,,,,,,,,,,,,,,,,,,,,,,,,,,,,,,,,,,,,,,,,,,,,,,,,,,,,,,,,,23241.42,16.64,16.22,19.15,24.02,16326.97,16698.51,18260.52,20303.81,133.8,133.63,159.29,145.73,1364.1,1505.94,1831.81,2020.57,14.1,15.14,12.88,11.45,1864.9,1952.0,2242.06,2498.17,0.11,0.11,0.12,0.12,8.88,10.67,11.11,10.02,10.93,-0.35,18.74,11.66,7.9,7.15,-3.87,17.54,12.53,4.74,6.83,284.27,13.97,13.24,1.92,1.8,1.43,1.62,1.59,1.6,1.18,1.06,0.93,0.83,0.99,0.94,-0.45,0.64,0.05,-0.51,0.45,0.08,0.08,0.08,0.08,-0.84,0.33,-0.15,-3.38,-1.34
MAHANAGAR GAS,OIL & GAS,GAS & GAS DISTRIBUTION,SMALL CAP,MGL,1209.0,10826.04,85.73,78.55,95.02,104.53,8240.21,9084.95,9926.67,11264.73,651.39,705.76,844.64,771.43,846.82,789.29,952.31,1051.28,14.1,15.39,12.72,11.57,1451.07,1375.05,1624.7,1691.73,0.18,0.15,0.16,0.15,10.25,9.26,13.48,9.76,10.98,-5.24,18.16,4.13,5.81,5.25,-8.38,20.97,10.02,5.28,6.83,14.06,13.23,1.86,1.71,1.43,1.57,1.57,1.57,1.31,1.19,1.09,0.96,1.14,1.08,-2.47,1.23,-1.35,-3.59,-5.17,0.1,0.09,0.1,0.09,-1.59,0.91,-0.26,-3.38,-3.16,23241.42,16.64,16.22,19.15,24.02,16326.97,16698.51,18260.52,20303.81,133.8,133.63,159.29,145.73,1364.1,1505.94,1831.81,2020.57,14.1,15.14,12.88,11.45,1864.9,1952.0,2242.06,2498.17,0.11,0.11,0.12,0.12,8.88,10.67,11.11,10.02,10.93,-0.35,18.74,11.66,7.9,7.15,-3.87,17.54,12.53,4.74,6.83,284.27,13.97,13.24,1.92,1.8,1.43,1.62,1.59,1.6,1.18,1.06,0.93,0.83,0.99,0.94,-0.45,0.64,0.05,-0.51,0.45,0.08,0.08,0.08,0.08,-0.84,0.33,-0.15,-3.38,-1.34
CONFIDENCE PETROLEUM INDIA,OIL & GAS,GAS & GAS DISTRIBUTION,SMALL CAP,CONFIPET,70.44,2115.38,,,,,,,,,,,,,,,,,,,,,,,,,,,,,,,,,,,,,,,,,,,,,,,,,,,,,,,,,,,,,,,,,,,,,,,,23241.42,16.64,16.22,19.15,24.02,16326.97,16698.51,18260.52,20303.81,133.8,133.63,159.29,145.73,1364.1,1505.94,1831.81,2020.57,14.1,15.14,12.88,11.45,1864.9,1952.0,2242.06,2498.17,0.11,0.11,0.12,0.12,8.88,10.67,11.11,10.02,10.93,-0.35,18.74,11.66,7.9,7.15,-3.87,17.54,12.53,4.74,6.83,284.27,13.97,13.24,1.92,1.8,1.43,1.62,1.59,1.6,1.18,1.06,0.93,0.83,0.99,0.94,-0.45,0.64,0.05,-0.51,0.45,0.08,0.08,0.08,0.08,-0.84,0.33,-0.15,-3.38,-1.34
IRM ENERGY,OIL & GAS,GAS & GAS DISTRIBUTION,SMALL CAP,IRMENERGY,279.85,1120.52,,16.0,20.4,26.7,1066.66,1215.3,1448.7,1645.8,,,,,,,,,,17.49,13.72,10.48,112.24,133.7,173.2,211.4,0.11,0.11,0.12,0.13,13.94,19.21,13.61,16.54,15.55,19.12,29.54,22.06,24.22,23.49,,27.5,30.88,,,15.6,13.9,,,,,,,1.05,0.92,0.77,0.68,0.85,0.79,0.48,0.95,0.89,6.59,6.87,,,,,,,,,,23241.42,16.64,16.22,19.15,24.02,16326.97,16698.51,18260.52,20303.81,133.8,133.63,159.29,145.73,1364.1,1505.94,1831.81,2020.57,14.1,15.14,12.88,11.45,1864.9,1952.0,2242.06,2498.17,0.11,0.11,0.12,0.12,8.88,10.67,11.11,10.02,10.93,-0.35,18.74,11.66,7.9,7.15,-3.87,17.54,12.53,4.74,6.83,284.27,13.97,13.24,1.92,1.8,1.43,1.62,1.59,1.6,1.18,1.06,0.93,0.83,0.99,0.94,-0.45,0.64,0.05,-0.51,0.45,0.08,0.08,0.08,0.08,-0.84,0.33,-0.15,-3.38,-1.34
PAGE INDUSTRIES,TEXTILES,CONSUMER ORIENTED,MID CAP,PAGEIND,39975.0,42724.89,716.18,769.7,857.96,962.72,5246.78,5765.08,6390.32,7129.08,1347.15,1656.2,2115.7,1901.52,798.83,862.61,955.28,999.5,55.82,51.94,46.59,41.52,1152.86,1236.74,1390.86,1554.52,0.22,0.21,0.22,0.22,9.88,10.85,11.56,10.36,10.76,7.28,12.46,11.77,9.84,10.48,7.47,11.47,12.21,9.45,10.36,49.26,46.68,29.67,24.14,18.89,21.02,21.52,21.35,8.14,7.41,6.69,5.99,7.05,6.7,-0.52,0.31,0.04,-0.47,-0.25,0.15,0.15,0.15,0.14,-0.26,-0.01,-0.93,-0.91,-2.71,4325.15,14.66,21.1,27.4,29.2,3987.64,4818.03,5688.06,4109.85,141.76,160.67,165.45,181.14,143.9,232.61,303.4,333.55,37.66,25.61,22.91,19.97,507.18,511.77,652.68,735.09,0.1,0.12,0.12,0.18,11.76,10.85,10.13,10.87,11.29,19.29,16.01,11.76,17.11,15.1,17.18,20.89,12.96,19.72,16.54,448.28,24.09,22.6,2.74,2.48,3.44,2.26,2.44,2.34,1.29,1.07,0.94,1.36,1.0,0.97,0.44,0.57,0.18,5.25,2.87,0.05,0.06,0.06,0.07,0.11,0.86,0.31,8.54,5.7
VEDANT FASHIONS,TEXTILES,CONSUMER ORIENTED,SMALL CAP,MANYAVAR,412.5,10083.55,15.45,16.32,18.01,21.04,1435.48,1539.01,1652.04,1831.62,80.85,91.49,119.85,101.88,375.54,394.93,438.76,512.2,26.7,25.28,22.91,19.61,628.31,677.33,737.02,855.98,0.44,0.44,0.45,0.47,7.21,7.34,10.87,7.28,8.46,7.8,8.81,16.14,8.31,10.86,5.61,10.36,16.84,7.96,10.84,24.09,22.6,5.1,4.51,3.44,4.05,3.98,4.0,7.02,6.55,6.1,5.51,6.33,6.05,0.24,0.6,2.12,0.96,2.21,0.26,0.26,0.27,0.28,-0.5,0.9,1.41,0.76,2.25,4325.15,14.66,21.1,27.4,29.2,3987.64,4818.03,5688.06,4109.85,141.76,160.67,165.45,181.14,143.9,232.61,303.4,333.55,37.66,25.61,22.91,19.97,507.18,511.77,652.68,735.09,0.1,0.12,0.12,0.18,11.76,10.85,10.13,10.87,11.29,19.29,16.01,11.76,17.11,15.1,17.18,20.89,12.96,19.72,16.54,448.28,24.09,22.6,2.74,2.48,3.44,2.26,2.44,2.34,1.29,1.07,0.94,1.36,1.0,0.97,0.44,0.57,0.18,5.25,2.87,0.05,0.06,0.06,0.07,0.11,0.86,0.31,8.54,5.7
ADITYA FASH.& RETAIL,TEXTILES,CONSUMER ORIENTED,MID CAP,ABFRL,60.64,7893.22,,-5.7,-4.59,,8176.92,9265.22,10594.65,,47.99,45.6,,41.57,,-685.46,-535.31,,,-10.63,-13.22,,686.64,935.74,1229.3,,0.08,0.1,0.12,,13.31,14.35,,13.83,,36.28,31.37,,33.8,,,-19.55,,,,-11.93,-11.93,1.26,1.33,,1.46,1.33,1.39,0.97,0.85,0.75,,0.8,0.8,1.7,1.5,,17.55,,,-0.07,-0.05,,,2.35,,,,4325.15,14.66,21.1,27.4,29.2,3987.64,4818.03,5688.06,4109.85,141.76,160.67,165.45,181.14,143.9,232.61,303.4,333.55,37.66,25.61,22.91,19.97,507.18,511.77,652.68,735.09,0.1,0.12,0.12,0.18,11.76,10.85,10.13,10.87,11.29,19.29,16.01,11.76,17.11,15.1,17.18,20.89,12.96,19.72,16.54,448.28,24.09,22.6,2.74,2.48,3.44,2.26,2.44,2.34,1.29,1.07,0.94,1.36,1.0,0.97,0.44,0.57,0.18,5.25,2.87,0.05,0.06,0.06,0.07,0.11,0.86,0.31,8.54,5.7
RAYMOND LIFESTYLE,TEXTILES,CONSUMER ORIENTED,SMALL CAP,RAYMONDLSL,810.65,4396.79,28.72,42.3,58.2,,6888.0,7535.75,8290.95,,1581.62,1624.5,,1683.0,174.71,257.55,354.55,,28.23,19.16,13.93,,658.43,870.5,1020.15,,0.1,0.12,0.12,,9.4,10.02,,9.71,,32.21,17.19,,24.47,,47.28,37.59,,42.35,,16.55,16.55,0.51,0.5,,0.48,0.5,0.49,0.64,0.58,0.53,,0.56,0.56,1.99,0.75,,13.45,,0.03,0.03,0.04,,0.88,0.86,,29.84,,4325.15,14.66,21.1,27.4,29.2,3987.64,4818.03,5688.06,4109.85,141.76,160.67,165.45,181.14,143.9,232.61,303.4,333.55,37.66,25.61,22.91,19.97,507.18,511.77,652.68,735.09,0.1,0.12,0.12,0.18,11.76,10.85,10.13,10.87,11.29,19.29,16.01,11.76,17.11,15.1,17.18,20.89,12.96,19.72,16.54,448.28,24.09,22.6,2.74,2.48,3.44,2.26,2.44,2.34,1.29,1.07,0.94,1.36,1.0,0.97,0.44,0.57,0.18,5.25,2.87,0.05,0.06,0.06,0.07,0.11,0.86,0.31,8.54,5.7
SHEELA FOAM LTD,TEXTILES,CONSUMER ORIENTED,SMALL CAP,SFL,700.65,6843.77,13.87,24.4,27.9,,3820.84,4270.1,4696.8,,,,,,151.68,265.6,303.4,,50.52,28.72,25.11,,364.05,480.0,515.1,,0.1,0.11,0.11,,11.76,9.99,,10.87,,31.85,7.31,,18.95,,75.92,14.34,,41.83,,26.91,26.91,,,,,,,1.79,1.6,1.46,,1.53,1.53,1.71,-0.27,,7.29,,0.04,0.06,0.06,,2.25,0.24,,27.56,,4325.15,14.66,21.1,27.4,29.2,3987.64,4818.03,5688.06,4109.85,141.76,160.67,165.45,181.14,143.9,232.61,303.4,333.55,37.66,25.61,22.91,19.97,507.18,511.77,652.68,735.09,0.1,0.12,0.12,0.18,11.76,10.85,10.13,10.87,11.29,19.29,16.01,11.76,17.11,15.1,17.18,20.89,12.96,19.72,16.54,448.28,24.09,22.6,2.74,2.48,3.44,2.26,2.44,2.34,1.29,1.07,0.94,1.36,1.0,0.97,0.44,0.57,0.18,5.25,2.87,0.05,0.06,0.06,0.07,0.11,0.86,0.31,8.54,5.7
PDS,TEXTILES,CONSUMER ORIENTED,SMALL CAP,PDSL,338.75,4253.52,7.87,9.2,11.1,,13110.08,14027.8,15198.4,,124.88,133.2,,146.4,111.69,129.9,156.7,,43.04,36.82,30.52,,386.04,467.0,532.3,,0.03,0.03,0.04,,7.0,8.34,,7.67,,20.97,13.98,,17.43,,16.9,20.65,,18.76,,33.67,33.67,2.71,2.54,,2.31,2.54,2.43,0.32,0.3,0.28,,0.29,0.29,0.38,0.17,,9.06,,0.01,0.01,0.01,,0.07,0.11,,10.01,,4325.15,14.66,21.1,27.4,29.2,3987.64,4818.03,5688.06,4109.85,141.76,160.67,165.45,181.14,143.9,232.61,303.4,333.55,37.66,25.61,22.91,19.97,507.18,511.77,652.68,735.09,0.1,0.12,0.12,0.18,11.76,10.85,10.13,10.87,11.29,19.29,16.01,11.76,17.11,15.1,17.18,20.89,12.96,19.72,16.54,448.28,24.09,22.6,2.74,2.48,3.44,2.26,2.44,2.34,1.29,1.07,0.94,1.36,1.0,0.97,0.44,0.57,0.18,5.25,2.87,0.05,0.06,0.06,0.07,0.11,0.86,0.31,8.54,5.7
GO FASHION (INDIA),TEXTILES,CONSUMER ORIENTED,SMALL CAP,GOCOLORS,354.1,1807.46,10.97,10.39,13.31,13.03,838.01,877.77,959.36,1002.5,131.24,146.13,165.45,160.08,59.18,54.31,67.77,72.2,32.28,34.09,26.6,27.17,,249.21,277.84,283.13,,0.28,0.29,0.28,4.74,9.29,4.5,7.0,6.16,,11.49,1.9,,,-5.32,28.19,-2.11,10.17,5.91,30.35,29.29,2.7,2.42,2.14,2.21,2.28,2.26,2.16,2.06,1.88,1.8,1.97,1.92,,0.57,-0.72,,,0.07,0.06,0.07,0.07,-0.87,0.88,0.14,0.02,0.66,4325.15,14.66,21.1,27.4,29.2,3987.64,4818.03,5688.06,4109.85,141.76,160.67,165.45,181.14,143.9,232.61,303.4,333.55,37.66,25.61,22.91,19.97,507.18,511.77,652.68,735.09,0.1,0.12,0.12,0.18,11.76,10.85,10.13,10.87,11.29,19.29,16.01,11.76,17.11,15.1,17.18,20.89,12.96,19.72,16.54,448.28,24.09,22.6,2.74,2.48,3.44,2.26,2.44,2.34,1.29,1.07,0.94,1.36,1.0,0.97,0.44,0.57,0.18,5.25,2.87,0.05,0.06,0.06,0.07,0.11,0.86,0.31,8.54,5.7
ARVIND FASHIONS,TEXTILES,CONSUMER ORIENTED,SMALL CAP,ARVINDFASN,484.05,6348.11,10.9,15.61,20.93,23.8,5266.19,5969.19,6743.0,7375.6,70.6,88.52,116.0,108.57,145.89,232.61,304.64,318.3,44.41,31.0,23.13,20.34,704.57,828.61,961.24,1074.3,0.13,0.14,0.14,0.15,13.35,12.96,9.38,13.16,11.88,17.61,16.01,11.76,16.8,15.1,43.25,34.04,13.72,38.57,29.73,27.06,24.82,6.86,5.47,4.17,4.46,4.82,4.7,1.21,1.06,0.94,0.86,1.0,0.96,0.5,0.37,0.31,3.22,2.87,0.03,0.04,0.05,0.04,1.13,0.62,-0.2,27.7,15.92,4325.15,14.66,21.1,27.4,29.2,3987.64,4818.03,5688.06,4109.85,141.76,160.67,165.45,181.14,143.9,232.61,303.4,333.55,37.66,25.61,22.91,19.97,507.18,511.77,652.68,735.09,0.1,0.12,0.12,0.18,11.76,10.85,10.13,10.87,11.29,19.29,16.01,11.76,17.11,15.1,17.18,20.89,12.96,19.72,16.54,448.28,24.09,22.6,2.74,2.48,3.44,2.26,2.44,2.34,1.29,1.07,0.94,1.36,1.0,0.97,0.44,0.57,0.18,5.25,2.87,0.05,0.06,0.06,0.07,0.11,0.86,0.31,8.54,5.7
GOKALDAS EXPORTS,TEXTILES,CONSUMER ORIENTED,SMALL CAP,GOKEX,818.7,5157.73,13.11,31.97,44.22,47.7,3987.64,4818.03,5688.06,5575.7,294.95,350.92,,392.5,100.13,235.05,328.6,348.8,62.45,25.61,18.51,17.16,356.36,511.77,652.68,614.2,0.09,0.11,0.11,0.11,20.82,18.06,-1.98,19.43,11.82,43.61,27.53,-5.9,35.33,19.9,143.84,38.33,7.87,83.66,53.81,22.06,20.43,2.78,2.33,,2.09,2.33,2.21,1.29,1.07,0.91,0.93,0.99,0.97,1.69,0.85,-0.46,13.31,7.22,0.03,0.05,0.06,0.06,2.37,0.9,0.48,51.68,35.56,4325.15,14.66,21.1,27.4,29.2,3987.64,4818.03,5688.06,4109.85,141.76,160.67,165.45,181.14,143.9,232.61,303.4,333.55,37.66,25.61,22.91,19.97,507.18,511.77,652.68,735.09,0.1,0.12,0.12,0.18,11.76,10.85,10.13,10.87,11.29,19.29,16.01,11.76,17.11,15.1,17.18,20.89,12.96,19.72,16.54,448.28,24.09,22.6,2.74,2.48,3.44,2.26,2.44,2.34,1.29,1.07,0.94,1.36,1.0,0.97,0.44,0.57,0.18,5.25,2.87,0.05,0.06,0.06,0.07,0.11,0.86,0.31,8.54,5.7
KEWAL KIRAN CLOTHING,TEXTILES,CONSUMER ORIENTED,SMALL CAP,KKCL,493.5,2719.21,23.03,27.05,32.7,,1212.77,1406.6,1643.2,,152.27,175.2,,202.2,141.9,166.65,201.5,,21.43,18.24,15.09,,237.79,275.1,324.2,,0.2,0.2,0.2,,15.98,16.82,,16.4,,15.69,17.85,,16.76,,17.46,20.89,,19.16,,16.67,16.67,3.24,2.82,,2.44,2.82,2.63,2.24,1.93,1.65,,1.79,1.79,-0.05,0.17,,0.31,,0.12,0.12,0.12,,0.15,0.41,,2.37,,4325.15,14.66,21.1,27.4,29.2,3987.64,4818.03,5688.06,4109.85,141.76,160.67,165.45,181.14,143.9,232.61,303.4,333.55,37.66,25.61,22.91,19.97,507.18,511.77,652.68,735.09,0.1,0.12,0.12,0.18,11.76,10.85,10.13,10.87,11.29,19.29,16.01,11.76,17.11,15.1,17.18,20.89,12.96,19.72,16.54,448.28,24.09,22.6,2.74,2.48,3.44,2.26,2.44,2.34,1.29,1.07,0.94,1.36,1.0,0.97,0.44,0.57,0.18,5.25,2.87,0.05,0.06,0.06,0.07,0.11,0.86,0.31,8.54,5.7
LUX INDUSTRIES,TEXTILES,CONSUMER ORIENTED,SMALL CAP,LUXIND,1246.2,4178.46,,,,,,,,,,,,,,,,,,,,,,,,,,,,,,,,,,,,,,,,,,,,,,,,,,,,,,,,,,,,,,,,,,,,,,,,4325.15,14.66,21.1,27.4,29.2,3987.64,4818.03,5688.06,4109.85,141.76,160.67,165.45,181.14,143.9,232.61,303.4,333.55,37.66,25.61,22.91,19.97,507.18,511.77,652.68,735.09,0.1,0.12,0.12,0.18,11.76,10.85,10.13,10.87,11.29,19.29,16.01,11.76,17.11,15.1,17.18,20.89,12.96,19.72,16.54,448.28,24.09,22.6,2.74,2.48,3.44,2.26,2.44,2.34,1.29,1.07,0.94,1.36,1.0,0.97,0.44,0.57,0.18,5.25,2.87,0.05,0.06,0.06,0.07,0.11,0.86,0.31,8.54,5.7
DOLLAR INDUSTRIES,TEXTILES,CONSUMER ORIENTED,SMALL CAP,DOLLAR,258.75,1495.6,18.94,21.1,27.4,34.6,1885.17,2108.8,2383.5,2644.0,167.26,187.7,243.7,212.2,107.43,119.6,155.7,196.0,13.66,12.26,9.44,7.48,199.69,219.1,263.1,318.3,0.11,0.1,0.11,0.12,11.86,13.03,10.93,12.44,11.94,9.72,20.08,20.98,14.78,16.81,11.4,29.86,26.28,20.28,22.25,10.85,9.73,1.55,1.38,1.06,1.22,1.22,1.22,0.79,0.71,0.63,0.57,0.67,0.63,-0.2,0.65,1.0,2.08,4.36,0.06,0.06,0.07,0.07,-0.03,0.86,0.88,7.07,9.16,4325.15,14.66,21.1,27.4,29.2,3987.64,4818.03,5688.06,4109.85,141.76,160.67,165.45,181.14,143.9,232.61,303.4,333.55,37.66,25.61,22.91,19.97,507.18,511.77,652.68,735.09,0.1,0.12,0.12,0.18,11.76,10.85,10.13,10.87,11.29,19.29,16.01,11.76,17.11,15.1,17.18,20.89,12.96,19.72,16.54,448.28,24.09,22.6,2.74,2.48,3.44,2.26,2.44,2.34,1.29,1.07,0.94,1.36,1.0,0.97,0.44,0.57,0.18,5.25,2.87,0.05,0.06,0.06,0.07,0.11,0.86,0.31,8.54,5.7
RUPA,TEXTILES,CONSUMER ORIENTED,SMALL CAP,RUPA,160.76,1201.38,,,,,,,,,,,,,,,,,,,,,,,,,,,,,,,,,,,,,,,,,,,,,,,,,,,,,,,,,,,,,,,,,,,,,,,,4325.15,14.66,21.1,27.4,29.2,3987.64,4818.03,5688.06,4109.85,141.76,160.67,165.45,181.14,143.9,232.61,303.4,333.55,37.66,25.61,22.91,19.97,507.18,511.77,652.68,735.09,0.1,0.12,0.12,0.18,11.76,10.85,10.13,10.87,11.29,19.29,16.01,11.76,17.11,15.1,17.18,20.89,12.96,19.72,16.54,448.28,24.09,22.6,2.74,2.48,3.44,2.26,2.44,2.34,1.29,1.07,0.94,1.36,1.0,0.97,0.44,0.57,0.18,5.25,2.87,0.05,0.06,0.06,0.07,0.11,0.86,0.31,8.54,5.7
CREDO BRANDS MARKETING,TEXTILES,CONSUMER ORIENTED,SMALL CAP,MUFTI,89.9,594.1,,,,,,,,,,,,,,,,,,,,,,,,,,,,,,,,,,,,,,,,,,,,,,,,,,,,,,,,,,,,,,,,,,,,,,,,4325.15,14.66,21.1,27.4,29.2,3987.64,4818.03,5688.06,4109.85,141.76,160.67,165.45,181.14,143.9,232.61,303.4,333.55,37.66,25.61,22.91,19.97,507.18,511.77,652.68,735.09,0.1,0.12,0.12,0.18,11.76,10.85,10.13,10.87,11.29,19.29,16.01,11.76,17.11,15.1,17.18,20.89,12.96,19.72,16.54,448.28,24.09,22.6,2.74,2.48,3.44,2.26,2.44,2.34,1.29,1.07,0.94,1.36,1.0,0.97,0.44,0.57,0.18,5.25,2.87,0.05,0.06,0.06,0.07,0.11,0.86,0.31,8.54,5.7
KPR MILL,TEXTILES,INTEGRATED,SMALL CAP,KPRMILL,1159.75,32344.15,25.35,32.95,34.14,40.75,6650.37,7820.47,8772.08,9133.9,166.69,193.02,262.7,223.5,866.5,1126.12,1272.78,1391.55,45.75,35.2,33.97,28.46,1267.28,1604.42,1805.4,1932.7,0.19,0.21,0.21,0.21,17.59,12.17,4.12,14.85,11.16,26.6,12.53,7.05,19.36,15.11,29.98,3.61,19.36,16.05,17.14,34.58,32.54,6.96,6.01,4.41,5.19,5.21,5.2,4.86,4.14,3.69,3.54,3.91,3.79,1.46,0.07,0.58,3.93,3.55,0.13,0.14,0.15,0.15,1.37,0.11,0.73,5.53,5.35,12458.7,7.36,8.16,16.26,32.54,6675.71,7392.8,8772.08,7492.5,51.27,90.33,160.7,102.02,311.56,440.2,622.2,780.75,40.4,28.81,21.61,15.32,839.22,1310.0,1330.0,1373.27,0.13,0.16,0.15,0.17,13.31,15.74,11.71,15.25,12.12,37.29,26.73,12.62,20.97,16.75,25.8,33.33,20.52,21.7,25.14,394.6,25.21,25.21,3.16,3.01,2.46,2.66,2.66,2.65,1.67,1.69,1.39,1.37,1.54,1.54,2.58,1.3,0.48,4.95,4.13,0.06,0.06,0.07,0.1,0.85,1.37,0.67,8.29,11.59
TRIDENT,TEXTILES,INTEGRATED,SMALL CAP,TRIDENT,25.93,12458.7,0.74,0.9,1.2,,6701.05,7392.8,8963.8,,9.36,10.4,,11.5,377.11,440.2,622.2,,35.04,28.81,21.61,,885.23,1310.0,1330.0,,0.13,0.18,0.15,,10.32,21.25,,15.66,,47.98,1.53,,22.57,,21.62,33.33,,27.34,,25.21,25.21,2.77,2.49,,2.25,2.49,2.37,1.86,1.69,1.39,,1.54,1.54,4.51,-2.88,,5.98,,0.06,0.06,0.07,,0.33,0.99,,11.06,,12458.7,7.36,8.16,16.26,32.54,6675.71,7392.8,8772.08,7492.5,51.27,90.33,160.7,102.02,311.56,440.2,622.2,780.75,40.4,28.81,21.61,15.32,839.22,1310.0,1330.0,1373.27,0.13,0.16,0.15,0.17,13.31,15.74,11.71,15.25,12.12,37.29,26.73,12.62,20.97,16.75,25.8,33.33,20.52,21.7,25.14,394.6,25.21,25.21,3.16,3.01,2.46,2.66,2.66,2.65,1.67,1.69,1.39,1.37,1.54,1.54,2.58,1.3,0.48,4.95,4.13,0.06,0.06,0.07,0.1,0.85,1.37,0.67,8.29,11.59
WELSPUN INDIA,TEXTILES,INTEGRATED,SMALL CAP,WELSPUNLIV,162.23,13267.84,2.29,6.42,9.24,11.25,9399.11,10929.96,12650.09,14168.15,51.27,57.36,77.0,65.68,223.41,616.4,886.39,1079.7,70.84,25.25,17.55,14.42,793.21,1326.74,1700.46,1897.1,0.08,0.12,0.13,0.13,16.29,15.74,12.0,16.01,14.66,67.26,28.17,11.56,46.42,33.73,180.52,43.91,21.69,100.93,70.0,21.4,19.07,3.16,2.83,2.11,2.47,2.47,2.47,1.41,1.21,1.05,0.94,1.13,1.07,3.7,1.3,-0.05,26.21,16.63,0.02,0.06,0.07,0.08,3.26,1.37,0.61,71.69,47.45,12458.7,7.36,8.16,16.26,32.54,6675.71,7392.8,8772.08,7492.5,51.27,90.33,160.7,102.02,311.56,440.2,622.2,780.75,40.4,28.81,21.61,15.32,839.22,1310.0,1330.0,1373.27,0.13,0.16,0.15,0.17,13.31,15.74,11.71,15.25,12.12,37.29,26.73,12.62,20.97,16.75,25.8,33.33,20.52,21.7,25.14,394.6,25.21,25.21,3.16,3.01,2.46,2.66,2.66,2.65,1.67,1.69,1.39,1.37,1.54,1.54,2.58,1.3,0.48,4.95,4.13,0.06,0.06,0.07,0.1,0.85,1.37,0.67,8.29,11.59
INDO COUNT INDS.,TEXTILES,INTEGRATED,SMALL CAP,ICIL,394.6,6134.74,12.42,8.16,16.26,24.34,4151.39,4169.36,4955.02,5851.1,,123.3,160.7,138.35,246.0,161.48,322.12,481.8,31.77,48.36,24.27,16.21,533.8,428.66,641.5,849.44,0.13,0.1,0.13,0.15,0.43,18.84,18.08,9.25,12.12,-19.7,49.65,32.41,9.62,16.75,-34.3,99.26,49.69,14.42,25.14,36.31,29.61,,3.2,2.46,2.85,2.83,2.84,1.48,1.47,1.24,1.05,1.35,1.25,-2.58,2.67,1.57,0.34,4.13,0.06,0.04,0.07,0.08,-2.05,2.63,1.73,4.74,11.59,12458.7,7.36,8.16,16.26,32.54,6675.71,7392.8,8772.08,7492.5,51.27,90.33,160.7,102.02,311.56,440.2,622.2,780.75,40.4,28.81,21.61,15.32,839.22,1310.0,1330.0,1373.27,0.13,0.16,0.15,0.17,13.31,15.74,11.71,15.25,12.12,37.29,26.73,12.62,20.97,16.75,25.8,33.33,20.52,21.7,25.14,394.6,25.21,25.21,3.16,3.01,2.46,2.66,2.66,2.65,1.67,1.69,1.39,1.37,1.54,1.54,2.58,1.3,0.48,4.95,4.13,0.06,0.06,0.07,0.1,0.85,1.37,0.67,8.29,11.59
TECHNOCRAFT INDUSTRIES (INDIA),TEXTILES,INTEGRATED,SMALL CAP,TIIL,2616.7,5958.41,,132.0,168.9,185.0,,2816.8,3152.4,3512.6,,,,,,295.9,379.1,441.6,,19.82,15.49,14.14,,463.9,587.9,668.3,,0.16,0.19,0.19,,11.91,11.43,,,,26.73,13.68,,,,27.95,9.53,,,17.66,16.49,,,,,,,,2.12,1.89,1.7,2.0,1.9,,2.18,0.38,,,,0.11,0.12,0.13,,1.52,0.55,,,12458.7,7.36,8.16,16.26,32.54,6675.71,7392.8,8772.08,7492.5,51.27,90.33,160.7,102.02,311.56,440.2,622.2,780.75,40.4,28.81,21.61,15.32,839.22,1310.0,1330.0,1373.27,0.13,0.16,0.15,0.17,13.31,15.74,11.71,15.25,12.12,37.29,26.73,12.62,20.97,16.75,25.8,33.33,20.52,21.7,25.14,394.6,25.21,25.21,3.16,3.01,2.46,2.66,2.66,2.65,1.67,1.69,1.39,1.37,1.54,1.54,2.58,1.3,0.48,4.95,4.13,0.06,0.06,0.07,0.1,0.85,1.37,0.67,8.29,11.59
VARDHMAN TEXTILES,TEXTILES,YARN & FABRIC PROCESSOR,SMALL CAP,VTL,657.45,17317.84,26.18,39.06,41.88,45.65,9869.05,11170.22,11526.4,12749.25,363.44,402.85,,441.6,745.25,1086.25,1188.12,1078.1,25.11,16.83,15.7,14.4,1272.3,1734.32,1868.55,2028.06,0.13,0.16,0.16,0.16,13.18,3.19,10.61,8.07,8.91,36.31,7.74,8.54,21.19,16.81,49.2,7.21,9.01,26.47,20.36,16.27,15.64,1.81,1.63,,1.49,1.63,1.56,1.75,1.55,1.5,1.36,1.53,1.47,2.63,0.68,-0.3,12.14,7.26,0.08,0.1,0.1,0.08,2.17,0.58,-1.85,16.83,3.84,6290.96,21.32,30.44,34.15,40.28,9586.12,11065.63,11894.24,13418.59,363.44,287.64,222.4,317.61,588.23,832.96,951.3,996.2,28.26,20.26,17.63,14.6,1141.74,1497.14,1674.92,1895.1,0.12,0.14,0.14,0.14,15.5,7.53,12.75,11.44,11.87,30.46,12.65,13.75,21.11,18.58,40.91,14.15,20.56,26.6,24.43,516.6,18.94,17.5,1.81,2.31,2.32,2.08,2.15,2.11,1.57,1.36,1.28,1.14,1.32,1.26,1.63,0.64,0.06,8.78,6.03,0.06,0.08,0.08,0.07,1.41,0.56,-0.59,14.48,7.86
ALOK INDUSTRIES,TEXTILES,YARN & FABRIC PROCESSOR,SMALL CAP,ALOKINDS,13.29,6290.96,,,,,,,,,,,,,,,,,,,,,,,,,,,,,,,,,,,,,,,,,,,,,,,,,,,,,,,,,,,,,,,,,,,,,,,,6290.96,21.32,30.44,34.15,40.28,9586.12,11065.63,11894.24,13418.59,363.44,287.64,222.4,317.61,588.23,832.96,951.3,996.2,28.26,20.26,17.63,14.6,1141.74,1497.14,1674.92,1895.1,0.12,0.14,0.14,0.14,15.5,7.53,12.75,11.44,11.87,30.46,12.65,13.75,21.11,18.58,40.91,14.15,20.56,26.6,24.43,516.6,18.94,17.5,1.81,2.31,2.32,2.08,2.15,2.11,1.57,1.36,1.28,1.14,1.32,1.26,1.63,0.64,0.06,8.78,6.03,0.06,0.08,0.08,0.07,1.41,0.56,-0.59,14.48,7.86
ARVIND,TEXTILES,YARN & FABRIC PROCESSOR,SMALL CAP,ARVIND,516.6,12893.34,16.45,21.82,26.42,34.9,9303.19,10961.05,12262.08,14087.93,,172.42,222.4,193.62,431.21,579.67,714.48,914.3,31.4,23.68,19.56,14.8,1011.17,1259.95,1481.28,1762.13,0.11,0.11,0.12,0.13,17.82,11.87,14.89,14.81,14.83,24.6,17.57,18.96,21.03,20.34,32.63,21.08,32.11,26.72,28.5,21.62,19.35,,3.0,2.32,2.67,2.66,2.66,1.39,1.18,1.05,0.92,1.11,1.05,0.63,0.59,0.43,5.42,4.79,0.05,0.05,0.06,0.06,0.65,0.54,0.66,12.12,11.87,6290.96,21.32,30.44,34.15,40.28,9586.12,11065.63,11894.24,13418.59,363.44,287.64,222.4,317.61,588.23,832.96,951.3,996.2,28.26,20.26,17.63,14.6,1141.74,1497.14,1674.92,1895.1,0.12,0.14,0.14,0.14,15.5,7.53,12.75,11.44,11.87,30.46,12.65,13.75,21.11,18.58,40.91,14.15,20.56,26.6,24.43,516.6,18.94,17.5,1.81,2.31,2.32,2.08,2.15,2.11,1.57,1.36,1.28,1.14,1.32,1.26,1.63,0.64,0.06,8.78,6.03,0.06,0.08,0.08,0.07,1.41,0.56,-0.59,14.48,7.86
HIMATSINGKA SEIDE,TEXTILES,YARN & FABRIC PROCESSOR,SMALL CAP,HIMATSEIDE,83.94,1007.95,,,,,,,,,,,,,,,,,,,,,,,,,,,,,,,,,,,,,,,,,,,,,,,,,,,,,,,,,,,,,,,,,,,,,,,,6290.96,21.32,30.44,34.15,40.28,9586.12,11065.63,11894.24,13418.59,363.44,287.64,222.4,317.61,588.23,832.96,951.3,996.2,28.26,20.26,17.63,14.6,1141.74,1497.14,1674.92,1895.1,0.12,0.14,0.14,0.14,15.5,7.53,12.75,11.44,11.87,30.46,12.65,13.75,21.11,18.58,40.91,14.15,20.56,26.6,24.43,516.6,18.94,17.5,1.81,2.31,2.32,2.08,2.15,2.11,1.57,1.36,1.28,1.14,1.32,1.26,1.63,0.64,0.06,8.78,6.03,0.06,0.08,0.08,0.07,1.41,0.56,-0.59,14.48,7.86
CENTURY ENKA,TEXTILES,YARN & FABRIC PROCESSOR,SMALL CAP,CENTENKA,524.85,1081.82,,,,,,,,,,,,,,,,,,,,,,,,,,,,,,,,,,,,,,,,,,,,,,,,,,,,,,,,,,,,,,,,,,,,,,,,6290.96,21.32,30.44,34.15,40.28,9586.12,11065.63,11894.24,13418.59,363.44,287.64,222.4,317.61,588.23,832.96,951.3,996.2,28.26,20.26,17.63,14.6,1141.74,1497.14,1674.92,1895.1,0.12,0.14,0.14,0.14,15.5,7.53,12.75,11.44,11.87,30.46,12.65,13.75,21.11,18.58,40.91,14.15,20.56,26.6,24.43,516.6,18.94,17.5,1.81,2.31,2.32,2.08,2.15,2.11,1.57,1.36,1.28,1.14,1.32,1.26,1.63,0.64,0.06,8.78,6.03,0.06,0.08,0.08,0.07,1.41,0.56,-0.59,14.48,7.86
ADITYA BIRLA REAL ESTATE,TEXTILES,FABRIC PROCESSOR,SMALL CAP,ABREL,1279.5,14024.78,-7.08,-1.16,80.19,72.26,407.18,1401.34,4023.68,3845.05,334.78,330.65,411.4,394.48,-78.43,17.59,810.71,807.12,-180.72,-1106.83,15.96,17.71,-359.19,220.77,1265.86,2083.15,-0.88,0.16,0.31,0.54,244.16,187.13,-4.44,214.35,111.37,-161.46,473.39,64.56,,,-83.67,-7036.68,-9.89,,,-545.44,-357.72,3.82,3.87,3.11,3.24,3.49,3.41,34.44,10.01,3.49,3.65,6.75,5.71,103.97,15.71,22.72,,,-0.19,0.01,0.2,0.21,20.52,18.89,0.84,,,3464.74,32.77,21.43,41.38,53.63,1528.79,1401.34,2939.9,3845.05,381.06,315.22,411.4,394.48,212.32,210.9,281.35,492.3,9.71,24.49,18.56,20.23,234.94,333.3,431.7,1919.51,0.16,0.16,0.19,0.2,14.62,14.63,13.35,14.62,14.67,13.92,16.01,22.84,14.82,15.79,-38.19,15.88,6.78,11.03,17.8,609.03,21.33,21.33,2.6,3.31,3.11,2.39,3.12,2.99,3.35,2.93,2.55,2.76,2.74,2.74,2.23,0.54,0.74,2.59,2.27,0.14,0.07,0.14,0.15,0.97,0.55,0.76,-0.28,10.04
RAYMOND,TEXTILES,FABRIC PROCESSOR,SMALL CAP,RAYMOND,586.45,3672.64,832.61,18.6,27.7,,2212.1,2592.9,2939.9,,427.34,478.9,,514.2,5542.69,188.7,263.5,,0.7,31.53,21.17,,234.94,333.3,431.7,,0.11,0.13,0.15,,17.21,13.38,,15.28,,41.87,29.52,,35.55,,-97.77,48.92,,-81.76,,26.35,26.35,1.37,1.22,,1.14,1.22,1.18,1.66,1.42,1.25,,1.33,1.33,2.23,1.83,,17.58,,2.51,0.07,0.09,,-243.28,1.69,,-81.09,,3464.74,32.77,21.43,41.38,53.63,1528.79,1401.34,2939.9,3845.05,381.06,315.22,411.4,394.48,212.32,210.9,281.35,492.3,9.71,24.49,18.56,20.23,234.94,333.3,431.7,1919.51,0.16,0.16,0.19,0.2,14.62,14.63,13.35,14.62,14.67,13.92,16.01,22.84,14.82,15.79,-38.19,15.88,6.78,11.03,17.8,609.03,21.33,21.33,2.6,3.31,3.11,2.39,3.12,2.99,3.35,2.93,2.55,2.76,2.74,2.74,2.23,0.54,0.74,2.59,2.27,0.14,0.07,0.14,0.15,0.97,0.55,0.76,-0.28,10.04
Aditya Birla Lifestyle Brands Limited,TEXTILES,FABRIC PROCESSOR,SMALL CAP,ABLBL,97.18,12403.88,,,,,8395.81,9315.59,10339.39,11720.18,,,,,220.08,334.92,428.2,492.3,,,,,1302.4,1483.71,1702.23,1919.51,0.16,0.16,0.16,0.16,10.96,10.99,13.35,10.97,11.76,13.92,14.73,12.76,14.32,13.8,,,,,,,,,,,,,,1.48,1.33,1.2,1.06,1.27,1.2,0.41,0.54,-0.09,3.02,1.83,0.03,0.04,0.04,0.04,0.97,0.55,0.06,25.69,17.02,3464.74,32.77,21.43,41.38,53.63,1528.79,1401.34,2939.9,3845.05,381.06,315.22,411.4,394.48,212.32,210.9,281.35,492.3,9.71,24.49,18.56,20.23,234.94,333.3,431.7,1919.51,0.16,0.16,0.19,0.2,14.62,14.63,13.35,14.62,14.67,13.92,16.01,22.84,14.82,15.79,-38.19,15.88,6.78,11.03,17.8,609.03,21.33,21.33,2.6,3.31,3.11,2.39,3.12,2.99,3.35,2.93,2.55,2.76,2.74,2.74,2.23,0.54,0.74,2.59,2.27,0.14,0.07,0.14,0.15,0.97,0.55,0.76,-0.28,10.04
GARWARE TECHNICAL FIBRES,TEXTILES,FABRIC PROCESSOR,SMALL CAP,GARFIBRES,796.4,6366.91,21.41,24.26,28.35,35.0,1528.79,1207.41,1948.1,2305.0,,1.58,,,212.32,240.88,281.35,350.5,37.2,32.83,28.09,22.75,283.61,342.4,377.15,463.3,0.19,0.28,0.19,0.2,-21.02,61.35,18.32,12.88,14.67,20.73,10.15,22.84,15.32,17.77,13.3,16.87,23.46,15.07,17.8,30.46,27.89,,504.05,,,504.05,504.05,4.16,5.27,3.27,2.76,4.27,3.77,9.81,-9.0,0.74,2.16,2.71,0.14,0.2,0.14,0.15,6.06,-5.51,0.76,1.98,3.07,3464.74,32.77,21.43,41.38,53.63,1528.79,1401.34,2939.9,3845.05,381.06,315.22,411.4,394.48,212.32,210.9,281.35,492.3,9.71,24.49,18.56,20.23,234.94,333.3,431.7,1919.51,0.16,0.16,0.19,0.2,14.62,14.63,13.35,14.62,14.67,13.92,16.01,22.84,14.82,15.79,-38.19,15.88,6.78,11.03,17.8,609.03,21.33,21.33,2.6,3.31,3.11,2.39,3.12,2.99,3.35,2.93,2.55,2.76,2.74,2.74,2.23,0.54,0.74,2.59,2.27,0.14,0.07,0.14,0.15,0.97,0.55,0.76,-0.28,10.04
JINDAL WORLDWIDE,TEXTILES,FABRIC PROCESSOR,SMALL CAP,JINDWORLD,32.44,3022.84,,,,,,,,,,,,,,,,,,,,,,,,,,,,,,,,,,,,,,,,,,,,,,,,,,,,,,,,,,,,,,,,,,,,,,,,3464.74,32.77,21.43,41.38,53.63,1528.79,1401.34,2939.9,3845.05,381.06,315.22,411.4,394.48,212.32,210.9,281.35,492.3,9.71,24.49,18.56,20.23,234.94,333.3,431.7,1919.51,0.16,0.16,0.19,0.2,14.62,14.63,13.35,14.62,14.67,13.92,16.01,22.84,14.82,15.79,-38.19,15.88,6.78,11.03,17.8,609.03,21.33,21.33,2.6,3.31,3.11,2.39,3.12,2.99,3.35,2.93,2.55,2.76,2.74,2.74,2.23,0.54,0.74,2.59,2.27,0.14,0.07,0.14,0.15,0.97,0.55,0.76,-0.28,10.04
MAYUR UNIQUOTERS,TEXTILES,FABRIC PROCESSOR,SMALL CAP,MAYURUNIQ,826.25,3243.95,44.13,47.35,54.4,,967.02,1108.35,1270.45,,,299.8,,345.5,191.74,210.9,239.3,,18.72,17.45,15.19,,234.68,260.4,302.1,,0.24,0.23,0.24,,14.62,14.63,,14.62,,10.96,16.01,,13.46,,7.3,14.89,,11.03,,16.32,16.32,,2.76,,2.39,2.76,2.57,3.35,2.93,2.55,,2.74,2.74,-0.77,0.28,,-1.01,,0.2,0.19,0.19,,-0.8,-0.19,,-2.53,,3464.74,32.77,21.43,41.38,53.63,1528.79,1401.34,2939.9,3845.05,381.06,315.22,411.4,394.48,212.32,210.9,281.35,492.3,9.71,24.49,18.56,20.23,234.94,333.3,431.7,1919.51,0.16,0.16,0.19,0.2,14.62,14.63,13.35,14.62,14.67,13.92,16.01,22.84,14.82,15.79,-38.19,15.88,6.78,11.03,17.8,609.03,21.33,21.33,2.6,3.31,3.11,2.39,3.12,2.99,3.35,2.93,2.55,2.76,2.74,2.74,2.23,0.54,0.74,2.59,2.27,0.14,0.07,0.14,0.15,0.97,0.55,0.76,-0.28,10.04
KITEX GARMENTS,TEXTILES,FABRIC PROCESSOR,SMALL CAP,KITEX,163.41,3256.84,,,,,,,,,,,,,,,,,,,,,,,,,,,,,,,,,,,,,,,,,,,,,,,,,,,,,,,,,,,,,,,,,,,,,,,,3464.74,32.77,21.43,41.38,53.63,1528.79,1401.34,2939.9,3845.05,381.06,315.22,411.4,394.48,212.32,210.9,281.35,492.3,9.71,24.49,18.56,20.23,234.94,333.3,431.7,1919.51,0.16,0.16,0.19,0.2,14.62,14.63,13.35,14.62,14.67,13.92,16.01,22.84,14.82,15.79,-38.19,15.88,6.78,11.03,17.8,609.03,21.33,21.33,2.6,3.31,3.11,2.39,3.12,2.99,3.35,2.93,2.55,2.76,2.74,2.74,2.23,0.54,0.74,2.59,2.27,0.14,0.07,0.14,0.15,0.97,0.55,0.76,-0.28,10.04
SIYARAM SILK MILLS,TEXTILES,FABRIC PROCESSOR,SMALL CAP,SIYSIL,631.6,2681.6,,,,,,,,,,,,,,,,,,,,,,,,,,,,,,,,,,,,,,,,,,,,,,,,,,,,,,,,,,,,,,,,,,,,,,,,3464.74,32.77,21.43,41.38,53.63,1528.79,1401.34,2939.9,3845.05,381.06,315.22,411.4,394.48,212.32,210.9,281.35,492.3,9.71,24.49,18.56,20.23,234.94,333.3,431.7,1919.51,0.16,0.16,0.19,0.2,14.62,14.63,13.35,14.62,14.67,13.92,16.01,22.84,14.82,15.79,-38.19,15.88,6.78,11.03,17.8,609.03,21.33,21.33,2.6,3.31,3.11,2.39,3.12,2.99,3.35,2.93,2.55,2.76,2.74,2.74,2.23,0.54,0.74,2.59,2.27,0.14,0.07,0.14,0.15,0.97,0.55,0.76,-0.28,10.04
